2026-07-30 15:05:38,221 [INFO] Found 385 files in /mnt/c/Users/admin/Downloads/lab_ec/lab_ec/week1/A
2026-07-30 15:05:38,222 [INFO] Processing A_PES2201900077_Week1__Angelin_Jacob (.c)...
2026-07-30 15:05:46,903 [INFO]   OK: A_PES2201900077_Week1__Angelin_Jacob [c]
2026-07-30 15:05:46,904 [INFO] Processing PES2UG19CS001 (.C)...
2026-07-30 15:05:53,313 [INFO]   OK: PES2UG19CS001 [c]
2026-07-30 15:05:53,314 [INFO] Processing PES2UG19CS002 (.c)...
2026-07-30 15:05:59,478 [INFO]   OK: PES2UG19CS002 [c]
2026-07-30 15:05:59,478 [INFO] Processing PES2UG19CS003 (.c)...
2026-07-30 15:06:05,351 [INFO]   OK: PES2UG19CS003 [c]
2026-07-30 15:06:05,352 [INFO] Processing PES2UG19CS004 (.c)...
2026-07-30 15:08:13,529 [INFO]   OK: PES2UG19CS004 [c]
2026-07-30 15:08:13,529 [INFO] Processing PES2UG19CS007 (.c)...
2026-07-30 15:06:16,753 [INFO]   OK: PES2UG19CS007 [c]
2026-07-30 15:06:16,754 [INFO] Processing PES2UG19CS009 (.c)...
2026-07-30 15:06:22,870 [INFO]   OK: PES2UG19CS009 [c]
2026-07-30 15:06:22,871 [INFO] Processing PES2UG19CS011 (.c)...
2026-07-30 15:06:29,543 [INFO]   OK: PES2UG19CS011 [c]
2026-07-30 15:06:29,543 [INFO] Processing PES2UG19CS012 (.c)...
2026-07-30 15:08:38,538 [INFO]   OK: PES2UG19CS012 [c]
2026-07-30 15:08:38,538 [INFO] Processing PES2UG19CS013 (.c)...
2026-07-30 15:06:42,315 [INFO]   OK: PES2UG19CS013 [c]
2026-07-30 15:06:42,316 [INFO] Processing PES2UG19CS014 (.c)...
2026-07-30 15:06:48,135 [INFO]   OK: PES2UG19CS014 [c]
2026-07-30 15:06:48,135 [INFO] Processing PES2UG19CS014 (.c)...
2026-07-30 15:06:53,284 [INFO]   OK: PES2UG19CS014 [c]
2026-07-30 15:06:53,285 [INFO] Processing PES2UG19CS014 (.c)...
2026-07-31 04:03:02,654 [INFO] Found 385 files in /mnt/c/Users/admin/Downloads/lab_ec/lab_ec/week1/A
2026-07-31 04:03:02,655 [INFO] Processing A_PES2201900077_Week1__Angelin_Jacob (.c)...
2026-07-31 04:03:05,485 [INFO]   OK: A_PES2201900077_Week1__Angelin_Jacob [c]
2026-07-31 04:03:05,485 [INFO] Processing PES2UG19CS001 (.C)...
2026-07-31 04:03:07,164 [INFO]   OK: PES2UG19CS001 [c]
2026-07-31 04:03:07,164 [INFO] Processing PES2UG19CS002 (.c)...
2026-07-31 04:03:09,251 [INFO]   OK: PES2UG19CS002 [c]
2026-07-31 04:03:09,251 [INFO] Processing PES2UG19CS003 (.c)...
2026-07-31 04:03:11,133 [INFO]   OK: PES2UG19CS003 [c]
2026-07-31 04:03:11,133 [INFO] Processing PES2UG19CS004 (.c)...
2026-07-31 04:03:12,977 [INFO]   OK: PES2UG19CS004 [c]
2026-07-31 04:03:12,977 [INFO] Processing PES2UG19CS007 (.c)...
2026-07-31 04:03:15,012 [INFO]   OK: PES2UG19CS007 [c]
2026-07-31 04:03:15,012 [INFO] Processing PES2UG19CS009 (.c)...
2026-07-31 04:03:17,246 [INFO]   OK: PES2UG19CS009 [c]
2026-07-31 04:03:17,246 [INFO] Processing PES2UG19CS011 (.c)...
2026-07-31 04:03:19,442 [INFO]   OK: PES2UG19CS011 [c]
2026-07-31 04:03:19,442 [INFO] Processing PES2UG19CS012 (.c)...
2026-07-31 04:03:21,725 [INFO]   OK: PES2UG19CS012 [c]
2026-07-31 04:03:21,725 [INFO] Processing PES2UG19CS013 (.c)...
2026-07-31 04:03:24,060 [INFO]   OK: PES2UG19CS013 [c]
2026-07-31 04:03:24,060 [INFO] Processing PES2UG19CS014 (.c)...
2026-07-31 04:03:26,315 [INFO]   OK: PES2UG19CS014 [c]
2026-07-31 04:03:26,315 [INFO] Processing PES2UG19CS014 (.c)...
2026-07-31 04:03:28,402 [INFO]   OK: PES2UG19CS014 [c]
2026-07-31 04:03:28,402 [INFO] Processing PES2UG19CS014 (.c)...
2026-07-31 04:03:30,867 [INFO]   OK: PES2UG19CS014 [c]
2026-07-31 04:03:30,868 [INFO] Processing PES2UG19CS015 (.c)...
2026-07-31 04:03:33,108 [INFO]   OK: PES2UG19CS015 [c]
2026-07-31 04:03:33,108 [INFO] Processing PES2UG19CS016 (.c)...
2026-07-31 04:03:35,533 [INFO]   OK: PES2UG19CS016 [c]
2026-07-31 04:03:35,533 [INFO] Processing PES2UG19CS017 (.c)...
2026-07-31 04:03:38,960 [INFO]   OK: PES2UG19CS017 [c]
2026-07-31 04:03:38,960 [INFO] Processing PES2UG19CS017 (.c)...
2026-07-31 04:03:41,473 [INFO]   OK: PES2UG19CS017 [c]
2026-07-31 04:03:41,474 [INFO] Processing PES2UG19CS018 (.c)...
2026-07-31 04:03:43,625 [INFO]   OK: PES2UG19CS018 [c]
2026-07-31 04:03:43,625 [INFO] Processing PES2UG19CS019 (.c)...
2026-07-31 04:03:45,819 [INFO]   OK: PES2UG19CS019 [c]
2026-07-31 04:03:45,819 [INFO] Processing PES2UG19CS020 (.c)...
2026-07-31 04:03:48,290 [INFO]   OK: PES2UG19CS020 [c]
2026-07-31 04:03:48,290 [INFO] Processing PES2UG19CS021 (.c)...
2026-07-31 04:03:50,576 [INFO]   OK: PES2UG19CS021 [c]
2026-07-31 04:03:50,576 [INFO] Processing PES2UG19CS023 (.c)...
2026-07-31 04:03:52,863 [INFO]   OK: PES2UG19CS023 [c]
2026-07-31 04:03:52,863 [INFO] Processing PES2UG19CS026 (.c)...
2026-07-31 04:03:55,138 [INFO]   OK: PES2UG19CS026 [c]
2026-07-31 04:03:55,138 [INFO] Processing PES2UG19CS027 (.c)...
2026-07-31 04:03:57,306 [INFO]   OK: PES2UG19CS027 [c]
2026-07-31 04:03:57,306 [INFO] Processing PES2UG19CS028 (.c)...
2026-07-31 04:03:59,435 [INFO]   OK: PES2UG19CS028 [c]
2026-07-31 04:03:59,435 [INFO] Processing PES2UG19CS029 (.c)...
2026-07-31 04:04:02,102 [INFO]   OK: PES2UG19CS029 [c]
2026-07-31 04:04:02,102 [INFO] Processing PES2UG19CS030 (.c)...
2026-07-31 04:04:04,749 [INFO]   OK: PES2UG19CS030 [c]
2026-07-31 04:04:04,749 [INFO] Processing PES2UG19CS031 (.c)...
2026-07-31 04:04:07,004 [INFO]   OK: PES2UG19CS031 [c]
2026-07-31 04:04:07,004 [INFO] Processing PES2UG19CS032 (.c)...
2026-07-31 04:04:09,357 [INFO]   OK: PES2UG19CS032 [c]
2026-07-31 04:04:09,357 [INFO] Processing PES2UG19CS032 (.c)...
2026-07-31 04:04:11,478 [INFO]   OK: PES2UG19CS032 [c]
2026-07-31 04:04:11,479 [INFO] Processing PES2UG19CS032 (.c)...
2026-07-31 04:04:13,835 [INFO]   OK: PES2UG19CS032 [c]
2026-07-31 04:04:13,835 [WARNING]   IGNORED (not a recognized source file): A_PES2UG19CS033_Week1a.cpdf - Amit Pujari(1).pdf
2026-07-31 04:04:13,835 [WARNING]   IGNORED (not a recognized source file): A_PES2UG19CS033_Week1a.cpdf - Amit Pujari.pdf
2026-07-31 04:04:13,835 [INFO] Processing PES2UG19CS034 (.c)...
2026-07-31 04:04:16,574 [INFO]   OK: PES2UG19CS034 [c]
2026-07-31 04:04:16,574 [INFO] Processing PES2UG19CS035 (.c)...
2026-07-31 04:04:18,868 [INFO]   OK: PES2UG19CS035 [c]
2026-07-31 04:04:18,868 [INFO] Processing PES2UG19CS036 (.c)...
2026-07-31 04:06:24,922 [INFO]   OK: PES2UG19CS036 [c]
2026-07-31 04:06:24,922 [INFO] Processing PES2UG19CS037 (.c)...
2026-07-31 04:04:23,672 [INFO]   OK: PES2UG19CS037 [c]
2026-07-31 04:04:23,672 [INFO] Processing PES2UG19CS038 (.c)...
2026-07-31 04:04:25,857 [INFO]   OK: PES2UG19CS038 [c]
2026-07-31 04:04:25,857 [INFO] Processing PES2UG19CS039 (.c)...
2026-07-31 04:04:28,167 [INFO]   OK: PES2UG19CS039 [c]
2026-07-31 04:04:28,167 [INFO] Processing PES2UG19CS040 (.c)...
2026-07-31 04:04:30,445 [INFO]   OK: PES2UG19CS040 [c]
2026-07-31 04:04:30,446 [INFO] Processing PES2UG19CS045 (.c)...
2026-07-31 04:04:33,055 [INFO]   OK: PES2UG19CS045 [c]
2026-07-31 04:04:33,056 [INFO] Processing PES2UG19CS047 (.c)...
2026-07-31 04:04:35,918 [INFO]   OK: PES2UG19CS047 [c]
2026-07-31 04:04:35,919 [INFO] Processing PES2UG19CS048 (.c)...
2026-07-31 04:04:38,479 [INFO]   OK: PES2UG19CS048 [c]
2026-07-31 04:04:38,480 [INFO] Processing PES2UG19CS049 (.c)...
2026-07-31 04:04:40,875 [INFO]   OK: PES2UG19CS049 [c]
2026-07-31 04:04:40,875 [INFO] Processing PES2UG19CS050 (.c)...
2026-07-31 04:04:43,140 [INFO]   OK: PES2UG19CS050 [c]
2026-07-31 04:04:43,140 [INFO] Processing PES2UG19CS051 (.c)...
2026-07-31 04:04:45,485 [INFO]   OK: PES2UG19CS051 [c]
2026-07-31 04:04:45,485 [INFO] Processing PES2UG19CS052 (.c)...
2026-07-31 04:04:47,795 [INFO]   OK: PES2UG19CS052 [c]
2026-07-31 04:04:47,795 [INFO] Processing PES2UG19CS054 (.c)...
2026-07-31 04:04:50,262 [INFO]   OK: PES2UG19CS054 [c]
2026-07-31 04:04:50,263 [INFO] Processing PES2UG19CS055 (.c)...
2026-07-31 04:04:52,612 [INFO]   OK: PES2UG19CS055 [c]
2026-07-31 04:04:52,612 [INFO] Processing PES2UG19CS058 (.c)...
2026-07-31 04:04:55,136 [INFO]   OK: PES2UG19CS058 [c]
2026-07-31 04:04:55,136 [INFO] Processing PES2UG19CS059 (.C)...
2026-07-31 04:04:57,322 [INFO]   OK: PES2UG19CS059 [c]
2026-07-31 04:04:57,322 [INFO] Processing PES2UG19CS060 (.c)...
2026-07-31 04:04:59,914 [INFO]   OK: PES2UG19CS060 [c]
2026-07-31 04:04:59,915 [INFO] Processing PES2UG19CS060 (.c)...
2026-07-31 04:05:02,126 [INFO]   OK: PES2UG19CS060 [c]
2026-07-31 04:05:02,127 [INFO] Processing PES2UG19CS062 (.c)...
2026-07-31 04:05:04,752 [INFO]   OK: PES2UG19CS062 [c]
2026-07-31 04:05:04,752 [INFO] Processing PES2UG19CS063 (.c)...
2026-07-31 04:05:07,281 [INFO]   OK: PES2UG19CS063 [c]
2026-07-31 04:05:07,282 [INFO] Processing PES2UG19CS064 (.c)...
2026-07-31 04:05:09,767 [INFO]   OK: PES2UG19CS064 [c]
2026-07-31 04:05:09,767 [INFO] Processing PES2UG19CS065 (.c)...
2026-07-31 04:07:15,976 [INFO]   OK: PES2UG19CS065 [c]
2026-07-31 04:07:15,976 [INFO] Processing PES2UG19CS066 (.c)...
2026-07-31 04:07:18,305 [INFO]   OK: PES2UG19CS066 [c]
2026-07-31 04:07:18,305 [INFO] Processing PES2UG19CS284 (.c)...
2026-07-31 04:07:20,463 [INFO]   OK: PES2UG19CS284 [c]
2026-07-31 04:07:20,463 [INFO] Processing PES2UG19CS328 (.c)...
2026-07-31 04:07:22,903 [INFO]   OK: PES2UG19CS328 [c]
2026-07-31 04:07:22,903 [INFO] Processing PES2UG19CS901 (.c)...
2026-07-31 04:07:25,347 [INFO]   OK: PES2UG19CS901 [c]
2026-07-31 04:07:25,347 [INFO] Processing A_PESU2UG19CS056_WEEK1__Anvesh_SK (.c)...
2026-07-31 04:07:27,917 [INFO]   OK: A_PESU2UG19CS056_WEEK1__Anvesh_SK [c]
2026-07-31 04:07:27,917 [INFO] Processing PES2UG19CS071 (.c)...
2026-07-31 04:07:30,042 [INFO]   OK: PES2UG19CS071 [c]
2026-07-31 04:07:30,043 [INFO] Processing B_PES2201900726_WEEK3a_1__Sheetal_Garuda (.c)...
2026-07-31 04:05:28,380 [INFO]   OK: B_PES2201900726_WEEK3a_1__Sheetal_Garuda [c]
2026-07-31 04:05:28,380 [INFO] Processing PES2UG19CS068 (.c)...
2026-07-31 04:05:30,471 [INFO]   OK: PES2UG19CS068 [c]
2026-07-31 04:05:30,472 [INFO] Processing PES2UG19CS069 (.c)...
2026-07-31 04:05:33,286 [INFO]   OK: PES2UG19CS069 [c]
2026-07-31 04:05:33,286 [INFO] Processing PES2UG19CS070 (.c)...
2026-07-31 04:05:35,522 [INFO]   OK: PES2UG19CS070 [c]
2026-07-31 04:05:35,523 [INFO] Processing PES2UG19CS072 (.c)...
2026-07-31 04:05:39,076 [INFO]   OK: PES2UG19CS072 [c]
2026-07-31 04:05:39,076 [WARNING]   IGNORED (not a recognized source file): B_PES2UG19CS073_week1 .c_
2026-07-31 04:05:39,076 [INFO] Processing PES2UG19CS074 (.c)...
2026-07-31 04:05:43,979 [INFO]   OK: PES2UG19CS074 [c]
2026-07-31 04:05:43,979 [INFO] Processing PES2UG19CS075 (.c)...
2026-07-31 04:05:47,173 [INFO]   OK: PES2UG19CS075 [c]
2026-07-31 04:05:47,174 [INFO] Processing PES2UG19CS076 (.c)...
2026-07-31 04:05:50,936 [INFO]   OK: PES2UG19CS076 [c]
2026-07-31 04:05:50,936 [INFO] Processing PES2UG19CS078 (.c)...
2026-07-31 04:05:54,205 [INFO]   OK: PES2UG19CS078 [c]
2026-07-31 04:05:54,206 [INFO] Processing PES2UG19CS079 (.c)...
2026-07-31 04:05:57,402 [INFO]   OK: PES2UG19CS079 [c]
2026-07-31 04:05:57,402 [INFO] Processing PES2UG19CS082 (.c)...
2026-07-31 04:06:00,472 [INFO]   OK: PES2UG19CS082 [c]
2026-07-31 04:06:00,472 [INFO] Processing PES2UG19CS083 (.c)...
2026-07-31 04:06:03,290 [INFO]   OK: PES2UG19CS083 [c]
2026-07-31 04:06:03,290 [INFO] Processing PES2UG19CS084 (.c)...
2026-07-31 04:06:06,253 [INFO]   OK: PES2UG19CS084 [c]
2026-07-31 04:06:06,254 [INFO] Processing PES2UG19CS086 (.c)...
2026-07-31 04:06:09,048 [INFO]   OK: PES2UG19CS086 [c]
2026-07-31 04:06:09,048 [INFO] Processing PES2UG19CS087 (.c)...
2026-07-31 04:06:11,730 [INFO]   OK: PES2UG19CS087 [c]
2026-07-31 04:06:11,731 [INFO] Processing PES2UG19CS088 (.c)...
2026-07-31 04:06:14,851 [INFO]   OK: PES2UG19CS088 [c]
2026-07-31 04:06:14,851 [INFO] Processing PES2UG19CS089 (.c)...
2026-07-31 04:06:17,589 [INFO]   OK: PES2UG19CS089 [c]
2026-07-31 04:06:17,589 [INFO] Processing PES2UG19CS095 (.c)...
2026-07-31 04:06:20,175 [INFO]   OK: PES2UG19CS095 [c]
2026-07-31 04:06:20,175 [INFO] Processing PES2UG19CS096 (.c)...
2026-07-31 04:06:22,917 [INFO]   OK: PES2UG19CS096 [c]
2026-07-31 04:06:22,917 [INFO] Processing PES2UG19CS097 (.c)...
2026-07-31 04:06:25,746 [INFO]   OK: PES2UG19CS097 [c]
2026-07-31 04:06:25,747 [INFO] Processing PES2UG19CS099 (.c)...
2026-07-31 04:06:28,427 [INFO]   OK: PES2UG19CS099 [c]
2026-07-31 04:06:28,427 [INFO] Processing PES2UG19CS100 (.c)...
2026-07-31 04:06:30,987 [INFO]   OK: PES2UG19CS100 [c]
2026-07-31 04:06:30,988 [INFO] Processing PES2UG19CS101 (.c)...
2026-07-31 04:06:33,820 [INFO]   OK: PES2UG19CS101 [c]
2026-07-31 04:06:33,820 [INFO] Processing PES2UG19CS103 (.c)...
2026-07-31 04:06:36,619 [INFO]   OK: PES2UG19CS103 [c]
2026-07-31 04:06:36,619 [INFO] Processing PES2UG19CS104 (.c)...
2026-07-31 04:06:39,386 [INFO]   OK: PES2UG19CS104 [c]
2026-07-31 04:06:39,386 [INFO] Processing PES2UG19CS105 (.c)...
2026-07-31 04:06:42,037 [INFO]   OK: PES2UG19CS105 [c]
2026-07-31 04:06:42,037 [INFO] Processing PES2UG19CS106 (.c)...
2026-07-31 04:06:45,197 [INFO]   OK: PES2UG19CS106 [c]
2026-07-31 04:06:45,197 [INFO] Processing PES2UG19CS108 (.c)...
2026-07-31 04:06:48,031 [INFO]   OK: PES2UG19CS108 [c]
2026-07-31 04:06:48,032 [INFO] Processing PES2UG19CS109 (.c)...
2026-07-31 04:06:50,673 [INFO]   OK: PES2UG19CS109 [c]
2026-07-31 04:06:50,673 [INFO] Processing PES2UG19CS110 (.c)...
2026-07-31 04:06:53,392 [INFO]   OK: PES2UG19CS110 [c]
2026-07-31 04:06:53,393 [INFO] Processing PES2UG19CS112 (.c)...
2026-07-31 04:06:56,260 [INFO]   OK: PES2UG19CS112 [c]
2026-07-31 04:06:56,261 [INFO] Processing PES2UG19CS113 (.c)...
2026-07-31 04:06:58,936 [INFO]   OK: PES2UG19CS113 [c]
2026-07-31 04:06:58,936 [INFO] Processing PES2UG19CS115 (.c)...
2026-07-31 04:07:01,316 [INFO]   OK: PES2UG19CS115 [c]
2026-07-31 04:07:01,316 [INFO] Processing PES2UG19CS116 (.c)...
2026-07-31 04:07:03,648 [INFO]   OK: PES2UG19CS116 [c]
2026-07-31 04:07:03,648 [INFO] Processing PES2UG19CS118 (.c)...
2026-07-31 04:07:05,892 [INFO]   OK: PES2UG19CS118 [c]
2026-07-31 04:07:05,892 [INFO] Processing PES2UG19CS120 (.c)...
2026-07-31 04:07:08,125 [INFO]   OK: PES2UG19CS120 [c]
2026-07-31 04:07:08,126 [INFO] Processing PES2UG19CS122 (.c)...
2026-07-31 04:07:10,285 [INFO]   OK: PES2UG19CS122 [c]
2026-07-31 04:07:10,285 [INFO] Processing PES2UG19CS122 (.c)...
2026-07-31 04:07:12,503 [INFO]   OK: PES2UG19CS122 [c]
2026-07-31 04:07:12,503 [INFO] Processing PES2UG19CS124 (.c)...
2026-07-31 04:07:14,669 [INFO]   OK: PES2UG19CS124 [c]
2026-07-31 04:07:14,669 [INFO] Processing PES2UG19CS125 (.c)...
2026-07-31 04:07:16,841 [INFO]   OK: PES2UG19CS125 [c]
2026-07-31 04:07:16,841 [INFO] Processing PES2UG19CS129 (.C)...
2026-07-31 04:07:18,546 [INFO]   OK: PES2UG19CS129 [c]
2026-07-31 04:07:18,546 [INFO] Processing PES2UG19CS130 (.c)...
2026-07-31 04:07:20,746 [INFO]   OK: PES2UG19CS130 [c]
2026-07-31 04:07:20,746 [INFO] Processing PES2UG19CS134 (.c)...
2026-07-31 04:07:22,931 [INFO]   OK: PES2UG19CS134 [c]
2026-07-31 04:07:22,931 [INFO] Processing PES2UG19CS452 (.c)...
2026-07-31 04:07:25,013 [INFO]   OK: PES2UG19CS452 [c]
2026-07-31 04:07:25,013 [INFO] Processing C_PES2201900438_week1a__Bharath_Subba_Re (.c)...
2026-07-31 04:07:27,176 [INFO]   OK: C_PES2201900438_week1a__Bharath_Subba_Re [c]
2026-07-31 04:07:27,176 [INFO] Processing PES2UG19CS137 (.c)...
2026-07-31 04:07:29,227 [INFO]   OK: PES2UG19CS137 [c]
2026-07-31 04:07:29,227 [INFO] Processing PES2UG19CS141 (.c)...
2026-07-31 04:07:31,326 [INFO]   OK: PES2UG19CS141 [c]
2026-07-31 04:07:31,326 [INFO] Processing PES2UG19CS145 (.c)...
2026-07-31 04:07:33,469 [INFO]   OK: PES2UG19CS145 [c]
2026-07-31 04:07:33,469 [INFO] Processing PES2UG19CS146 (.c)...
2026-07-31 04:07:35,637 [INFO]   OK: PES2UG19CS146 [c]
2026-07-31 04:07:35,637 [INFO] Processing PES2UG19CS147 (.c)...
2026-07-31 04:07:37,793 [INFO]   OK: PES2UG19CS147 [c]
2026-07-31 04:07:37,793 [INFO] Processing PES2UG19CS147 (.c)...
2026-07-31 04:07:40,032 [INFO]   OK: PES2UG19CS147 [c]
2026-07-31 04:07:40,032 [INFO] Processing PES2UG19CS148 (.c)...
2026-07-31 04:07:42,205 [INFO]   OK: PES2UG19CS148 [c]
2026-07-31 04:07:42,205 [INFO] Processing PES2UG19CS149 (.c)...
2026-07-31 04:07:44,725 [INFO]   OK: PES2UG19CS149 [c]
2026-07-31 04:07:44,725 [INFO] Processing PES2UG19CS151 (.c)...
2026-07-31 04:07:47,136 [INFO]   OK: PES2UG19CS151 [c]
2026-07-31 04:07:47,136 [INFO] Processing PES2UG19CS152 (.c)...
2026-07-31 04:07:49,411 [INFO]   OK: PES2UG19CS152 [c]
2026-07-31 04:07:49,411 [INFO] Processing PES2UG19CS152 (.c)...
2026-07-31 04:07:51,606 [INFO]   OK: PES2UG19CS152 [c]
2026-07-31 04:07:51,606 [INFO] Processing PES2UG19CS153 (.c)...
2026-07-31 04:07:53,789 [INFO]   OK: PES2UG19CS153 [c]
2026-07-31 04:07:53,789 [INFO] Processing PES2UG19CS156 (.c)...
2026-07-31 04:07:55,921 [INFO]   OK: PES2UG19CS156 [c]
2026-07-31 04:07:55,921 [INFO] Processing PES2UG19CS157 (.c)...
2026-07-31 04:07:58,022 [INFO]   OK: PES2UG19CS157 [c]
2026-07-31 04:07:58,023 [INFO] Processing PES2UG19CS162 (.c)...
2026-07-31 04:08:00,120 [INFO]   OK: PES2UG19CS162 [c]
2026-07-31 04:08:00,120 [INFO] Processing PES2UG19CS163 (.c)...
2026-07-31 04:08:02,247 [INFO]   OK: PES2UG19CS163 [c]
2026-07-31 04:08:02,247 [INFO] Processing PES2UG19CS164 (.c)...
2026-07-31 04:08:04,366 [INFO]   OK: PES2UG19CS164 [c]
2026-07-31 04:08:04,366 [INFO] Processing PES2UG19CS165 (.c)...
2026-07-31 04:10:10,328 [INFO]   OK: PES2UG19CS165 [c]
2026-07-31 04:10:10,328 [INFO] Processing PES2UG19CS166 (.c)...
2026-07-31 04:08:08,641 [INFO]   OK: PES2UG19CS166 [c]
2026-07-31 04:08:08,641 [INFO] Processing PES2UG19CS166 (.c)...
2026-07-31 04:08:10,876 [INFO]   OK: PES2UG19CS166 [c]
2026-07-31 04:08:10,877 [INFO] Processing PES2UG19CS167 (.c)...
2026-07-31 04:08:13,075 [INFO]   OK: PES2UG19CS167 [c]
2026-07-31 04:08:13,076 [INFO] Processing PES2UG19CS169 (.c)...
2026-07-31 04:08:15,215 [INFO]   OK: PES2UG19CS169 [c]
2026-07-31 04:08:15,215 [INFO] Processing PES2UG19CS171 (.c)...
2026-07-31 04:08:17,388 [INFO]   OK: PES2UG19CS171 [c]
2026-07-31 04:08:17,388 [INFO] Processing PES2UG19CS172 (.c)...
2026-07-31 04:08:19,555 [INFO]   OK: PES2UG19CS172 [c]
2026-07-31 04:08:19,555 [INFO] Processing PES2UG19CS175 (.c)...
2026-07-31 04:08:21,779 [INFO]   OK: PES2UG19CS175 [c]
2026-07-31 04:08:21,779 [INFO] Processing PES2UG19CS176 (.c)...
2026-07-31 04:08:23,903 [INFO]   OK: PES2UG19CS176 [c]
2026-07-31 04:08:23,903 [INFO] Processing PES2UG19CS177 (.c)...
2026-07-31 04:08:25,979 [INFO]   OK: PES2UG19CS177 [c]
2026-07-31 04:08:25,980 [INFO] Processing PES2UG19CS178 (.c)...
2026-07-31 04:08:28,103 [INFO]   OK: PES2UG19CS178 [c]
2026-07-31 04:08:28,103 [INFO] Processing PES2UG19CS184 (.c)...
2026-07-31 04:08:30,297 [INFO]   OK: PES2UG19CS184 [c]
2026-07-31 04:08:30,297 [INFO] Processing PES2UG19CS185 (.c)...
2026-07-31 04:08:32,443 [INFO]   OK: PES2UG19CS185 [c]
2026-07-31 04:08:32,443 [INFO] Processing PES2UG19CS186 (.c)...
2026-07-31 04:08:34,559 [INFO]   OK: PES2UG19CS186 [c]
2026-07-31 04:08:34,559 [INFO] Processing PES2UG19CS188 (.c)...
2026-07-31 04:08:36,708 [INFO]   OK: PES2UG19CS188 [c]
2026-07-31 04:08:36,708 [INFO] Processing PES2UG19CS191 (.c)...
2026-07-31 04:08:38,858 [INFO]   OK: PES2UG19CS191 [c]
2026-07-31 04:08:38,858 [INFO] Processing PES2UG19CS192 (.c)...
2026-07-31 04:08:40,935 [INFO]   OK: PES2UG19CS192 [c]
2026-07-31 04:08:40,935 [INFO] Processing PES2UG19CS193 (.c)...
2026-07-31 04:08:43,178 [INFO]   OK: PES2UG19CS193 [c]
2026-07-31 04:08:43,178 [INFO] Processing PES2UG19CS194 (.c)...
2026-07-31 04:08:45,269 [INFO]   OK: PES2UG19CS194 [c]
2026-07-31 04:08:45,270 [INFO] Processing PES2UG19CS195 (.c)...
2026-07-31 04:08:47,376 [INFO]   OK: PES2UG19CS195 [c]
2026-07-31 04:08:47,376 [INFO] Processing PES2UG19CS197 (.c)...
2026-07-31 04:08:50,326 [INFO]   OK: PES2UG19CS197 [c]
2026-07-31 04:08:50,326 [INFO] Processing PES2UG19CS278 (.c)...
2026-07-31 04:08:53,733 [INFO]   OK: PES2UG19CS278 [c]
2026-07-31 04:08:53,733 [INFO] Processing PES2UG19CS350 (.c)...
2026-07-31 04:08:56,515 [INFO]   OK: PES2UG19CS350 [c]
2026-07-31 04:08:56,515 [INFO] Processing C_PES2UG19CSS155_Week1__thanish_vishaal (.c)...
2026-07-31 04:08:59,255 [INFO]   OK: C_PES2UG19CSS155_Week1__thanish_vishaal [c]
2026-07-31 04:08:59,255 [WARNING]   IGNORED (not a recognized source file): DSA_lab1_PES2UG19CS415_G_SASIRA - Sasira Suravarjhula.pdf
2026-07-31 04:08:59,255 [INFO] Processing PES2UG19CS415 (.c)...
2026-07-31 04:09:02,110 [INFO]   OK: PES2UG19CS415 [c]
2026-07-31 04:09:02,110 [INFO] Processing PES2UG19CS024 (.c)...
2026-07-31 04:09:04,852 [INFO]   OK: PES2UG19CS024 [c]
2026-07-31 04:09:04,852 [INFO] Processing D_PES2201900042_WEEK1__Rishitha_Chowdary (.c)...
2026-07-31 04:09:07,565 [INFO]   OK: D_PES2201900042_WEEK1__Rishitha_Chowdary [c]
2026-07-31 04:09:07,565 [INFO] Processing D_PES2201900109_Week1__Mallika_s (.c)...
2026-07-31 04:09:10,388 [INFO]   OK: D_PES2201900109_Week1__Mallika_s [c]
2026-07-31 04:09:10,388 [INFO] Processing D_PES2201900113_Week1a__Lalitha_Sravanti (.c)...
2026-07-31 04:09:13,272 [INFO]   OK: D_PES2201900113_Week1a__Lalitha_Sravanti [c]
2026-07-31 04:09:13,272 [INFO] Processing D_PES2201900657_Week1__Lohith_srinivas (.c)...
2026-07-31 04:09:15,941 [INFO]   OK: D_PES2201900657_Week1__Lohith_srinivas [c]
2026-07-31 04:09:15,941 [INFO] Processing PES2UG19CS199 (.c)...
2026-07-31 04:09:18,812 [INFO]   OK: PES2UG19CS199 [c]
2026-07-31 04:09:18,812 [INFO] Processing PES2UG19CS200 (.c)...
2026-07-31 04:09:21,871 [INFO]   OK: PES2UG19CS200 [c]
2026-07-31 04:09:21,871 [WARNING]   IGNORED (not a recognized source file): D_PES2UG19CS202_WEAK1.C - Likhitha D.txt
2026-07-31 04:09:21,871 [INFO] Processing PES2UG19CS203 (.c)...
2026-07-31 04:09:24,740 [INFO]   OK: PES2UG19CS203 [c]
2026-07-31 04:09:24,740 [INFO] Processing PES2UG19CS206 (.c)...
2026-07-31 04:09:27,855 [INFO]   OK: PES2UG19CS206 [c]
2026-07-31 04:09:27,855 [INFO] Processing PES2UG19CS207 (.c)...
2026-07-31 04:09:30,636 [INFO]   OK: PES2UG19CS207 [c]
2026-07-31 04:09:30,636 [INFO] Processing PES2UG19CS207 (.c)...
2026-07-31 04:09:33,794 [INFO]   OK: PES2UG19CS207 [c]
2026-07-31 04:09:33,794 [INFO] Processing PES2UG19CS208 (.c)...
2026-07-31 04:09:36,806 [INFO]   OK: PES2UG19CS208 [c]
2026-07-31 04:09:36,806 [INFO] Processing PES2UG19CS209 (.c)...
2026-07-31 04:09:39,540 [INFO]   OK: PES2UG19CS209 [c]
2026-07-31 04:09:39,540 [INFO] Processing PES2UG19CS210 (.c)...
2026-07-31 04:09:42,010 [INFO]   OK: PES2UG19CS210 [c]
2026-07-31 04:09:42,011 [INFO] Processing PES2UG19CS211 (.c)...
2026-07-31 04:09:44,240 [INFO]   OK: PES2UG19CS211 [c]
2026-07-31 04:09:44,240 [INFO] Processing PES2UG19CS212 (.c)...
2026-07-31 04:09:46,465 [INFO]   OK: PES2UG19CS212 [c]
2026-07-31 04:09:46,465 [INFO] Processing PES2UG19CS213 (.c)...
2026-07-31 04:09:48,859 [INFO]   OK: PES2UG19CS213 [c]
2026-07-31 04:09:48,859 [INFO] Processing PES2UG19CS214 (.c)...
2026-07-31 04:09:51,030 [INFO]   OK: PES2UG19CS214 [c]
2026-07-31 04:09:51,030 [INFO] Processing PES2UG19CS215 (.c)...
2026-07-31 04:09:53,226 [INFO]   OK: PES2UG19CS215 [c]
2026-07-31 04:09:53,226 [INFO] Processing PES2UG19CS216 (.c)...
2026-07-31 04:09:55,415 [INFO]   OK: PES2UG19CS216 [c]
2026-07-31 04:09:55,415 [INFO] Processing PES2UG19CS217 (.c)...
2026-07-31 04:09:57,594 [INFO]   OK: PES2UG19CS217 [c]
2026-07-31 04:09:57,594 [INFO] Processing PES2UG19CS222 (.c)...
2026-07-31 04:09:59,757 [INFO]   OK: PES2UG19CS222 [c]
2026-07-31 04:09:59,757 [INFO] Processing PES2UG19CS225 (.c)...
2026-07-31 04:10:01,907 [INFO]   OK: PES2UG19CS225 [c]
2026-07-31 04:10:01,907 [INFO] Processing PES2UG19CS227 (.c)...
2026-07-31 04:10:04,062 [INFO]   OK: PES2UG19CS227 [c]
2026-07-31 04:10:04,063 [INFO] Processing PES2UG19CS228 (.c)...
2026-07-31 04:10:06,235 [INFO]   OK: PES2UG19CS228 [c]
2026-07-31 04:10:06,236 [INFO] Processing PES2UG19CS230 (.c)...
2026-07-31 04:10:09,065 [INFO]   OK: PES2UG19CS230 [c]
2026-07-31 04:10:09,066 [INFO] Processing PES2UG19CS234 (.c)...
2026-07-31 04:10:11,978 [INFO]   OK: PES2UG19CS234 [c]
2026-07-31 04:10:11,979 [INFO] Processing PES2UG19CS235 (.c)...
2026-07-31 04:10:14,571 [INFO]   OK: PES2UG19CS235 [c]
2026-07-31 04:10:14,571 [INFO] Processing PES2UG19CS239 (.c)...
2026-07-31 04:10:17,264 [INFO]   OK: PES2UG19CS239 [c]
2026-07-31 04:10:17,264 [INFO] Processing PES2UG19CS240 (.c)...
2026-07-31 04:10:19,593 [INFO]   OK: PES2UG19CS240 [c]
2026-07-31 04:10:19,594 [INFO] Processing PES2UG19CS242 (.c)...
2026-07-31 04:12:25,553 [INFO]   OK: PES2UG19CS242 [c]
2026-07-31 04:12:25,553 [INFO] Processing PES2UG19CS243 (.c)...
2026-07-31 04:10:23,878 [INFO]   OK: PES2UG19CS243 [c]
2026-07-31 04:10:23,878 [INFO] Processing PES2UG19CS244 (.c)...
2026-07-31 04:10:26,053 [INFO]   OK: PES2UG19CS244 [c]
2026-07-31 04:10:26,053 [INFO] Processing PES2UG19CS245 (.c)...
2026-07-31 04:10:28,385 [INFO]   OK: PES2UG19CS245 [c]
2026-07-31 04:10:28,386 [INFO] Processing PES2UG19CS246 (.c)...
2026-07-31 04:10:30,684 [INFO]   OK: PES2UG19CS246 [c]
2026-07-31 04:10:30,684 [INFO] Processing PES2UG19CS247 (.c)...
2026-07-31 04:10:33,155 [INFO]   OK: PES2UG19CS247 [c]
2026-07-31 04:10:33,156 [INFO] Processing PES2UG19CS248 (.C)...
2026-07-31 04:10:35,038 [INFO]   OK: PES2UG19CS248 [c]
2026-07-31 04:10:35,038 [INFO] Processing PES2UG19CS250 (.c)...
2026-07-31 04:10:37,444 [INFO]   OK: PES2UG19CS250 [c]
2026-07-31 04:10:37,444 [INFO] Processing PES2UG19CS251 (.c)...
2026-07-31 04:10:40,130 [INFO]   OK: PES2UG19CS251 [c]
2026-07-31 04:10:40,130 [INFO] Processing PES2UG19CS254 (.c)...
2026-07-31 04:10:42,576 [INFO]   OK: PES2UG19CS254 [c]
2026-07-31 04:10:42,576 [INFO] Processing PES2UG19CS255 (.c)...
2026-07-31 04:10:44,851 [INFO]   OK: PES2UG19CS255 [c]
2026-07-31 04:10:44,851 [INFO] Processing PES2UG19CS256 (.c)...
2026-07-31 04:10:47,133 [INFO]   OK: PES2UG19CS256 [c]
2026-07-31 04:10:47,133 [INFO] Processing PES2UG19CS257 (.c)...
2026-07-31 04:10:49,577 [INFO]   OK: PES2UG19CS257 [c]
2026-07-31 04:10:49,577 [INFO] Processing PES2UG19CS258 (.c)...
2026-07-31 04:10:52,102 [INFO]   OK: PES2UG19CS258 [c]
2026-07-31 04:10:52,102 [WARNING]   IGNORED (not a recognized source file): D_PES2UG19CS259_week1.c - Nikhitha Ks.txt
2026-07-31 04:10:52,103 [INFO] Processing PES2UG19CS261 (.c)...
2026-07-31 04:10:54,637 [INFO]   OK: PES2UG19CS261 [c]
2026-07-31 04:10:54,637 [INFO] Processing PES2UG19CS262 (.c)...
2026-07-31 04:13:00,626 [INFO]   OK: PES2UG19CS262 [c]
2026-07-31 04:13:00,626 [INFO] Processing PES2UG19CS263 (.c)...
2026-07-31 04:10:59,149 [INFO]   OK: PES2UG19CS263 [c]
2026-07-31 04:10:59,150 [INFO] Processing PES2UG19CS471 (.c)...
2026-07-31 04:11:01,552 [INFO]   OK: PES2UG19CS471 [c]
2026-07-31 04:11:01,552 [INFO] Processing PES2UG19CS265 (.c)...
2026-07-31 04:11:03,909 [INFO]   OK: PES2UG19CS265 [c]
2026-07-31 04:11:03,909 [INFO] Processing PES2UG19CS266 (.c)...
2026-07-31 04:11:06,209 [INFO]   OK: PES2UG19CS266 [c]
2026-07-31 04:11:06,209 [WARNING]   IGNORED (not a recognized source file): E_PES2UG19CS268_Week1a - Nivedhitaa ranganatham.txt
2026-07-31 04:11:06,209 [INFO] Processing PES2UG19CS269 (.c)...
2026-07-31 04:11:08,649 [INFO]   OK: PES2UG19CS269 [c]
2026-07-31 04:11:08,650 [INFO] Processing PES2UG19CS270 (.c)...
2026-07-31 04:11:11,174 [INFO]   OK: PES2UG19CS270 [c]
2026-07-31 04:11:11,175 [WARNING]   IGNORED (not a recognized source file): E_PES2UG19CS271_WEEK1.c - Aftab Hussain.txt
2026-07-31 04:11:11,175 [INFO] Processing PES2UG19CS272 (.c)...
2026-07-31 04:11:13,533 [INFO]   OK: PES2UG19CS272 [c]
2026-07-31 04:11:13,533 [INFO] Processing PES2UG19CS274 (.c)...
2026-07-31 04:11:15,930 [INFO]   OK: PES2UG19CS274 [c]
2026-07-31 04:11:15,930 [INFO] Processing PES2UG19CS275 (.c)...
2026-07-31 04:11:18,166 [INFO]   OK: PES2UG19CS275 [c]
2026-07-31 04:11:18,166 [INFO] Processing PES2UG19CS276 (.c)...
2026-07-31 04:11:20,552 [INFO]   OK: PES2UG19CS276 [c]
2026-07-31 04:11:20,552 [INFO] Processing PES2UG19CS277 (.c)...
2026-07-31 04:11:22,961 [INFO]   OK: PES2UG19CS277 [c]
2026-07-31 04:11:22,962 [INFO] Processing PES2UG19CS279 (.c)...
2026-07-31 04:11:25,310 [INFO]   OK: PES2UG19CS279 [c]
2026-07-31 04:11:25,310 [INFO] Processing PES2UG19CS280 (.c)...
2026-07-31 04:11:27,631 [INFO]   OK: PES2UG19CS280 [c]
2026-07-31 04:11:27,631 [INFO] Processing PES2UG19CS281 (.c)...
2026-07-31 04:11:30,074 [INFO]   OK: PES2UG19CS281 [c]
2026-07-31 04:11:30,074 [INFO] Processing PES2UG19CS285 (.c)...
2026-07-31 04:11:32,395 [INFO]   OK: PES2UG19CS285 [c]
2026-07-31 04:11:32,395 [INFO] Processing PES2UG19CS289 (.c)...
2026-07-31 04:11:34,739 [INFO]   OK: PES2UG19CS289 [c]
2026-07-31 04:11:34,739 [INFO] Processing PES2UG19CS293 (.c)...
2026-07-31 04:11:37,034 [INFO]   OK: PES2UG19CS293 [c]
2026-07-31 04:11:37,035 [INFO] Processing PES2UG19CS294 (.c)...
2026-07-31 04:11:39,424 [INFO]   OK: PES2UG19CS294 [c]
2026-07-31 04:11:39,424 [INFO] Processing PES2UG19CS295 (.c)...
2026-07-31 04:11:41,705 [INFO]   OK: PES2UG19CS295 [c]
2026-07-31 04:11:41,705 [INFO] Processing PES2UG19CS296 (.c)...
2026-07-31 04:11:44,098 [INFO]   OK: PES2UG19CS296 [c]
2026-07-31 04:11:44,098 [INFO] Processing PES2UG19CS297 (.c)...
2026-07-31 04:11:46,304 [INFO]   OK: PES2UG19CS297 [c]
2026-07-31 04:11:46,304 [INFO] Processing PES2UG19CS298 (.c)...
2026-07-31 04:11:48,778 [INFO]   OK: PES2UG19CS298 [c]
2026-07-31 04:11:48,778 [INFO] Processing PES2UG19CS299 (.c)...
2026-07-31 04:11:50,976 [INFO]   OK: PES2UG19CS299 [c]
2026-07-31 04:11:50,976 [INFO] Processing PES2UG19CS300 (.c)...
2026-07-31 04:11:53,572 [INFO]   OK: PES2UG19CS300 [c]
2026-07-31 04:11:53,572 [INFO] Processing PES2UG19CS301 (.c)...
2026-07-31 04:11:55,842 [INFO]   OK: PES2UG19CS301 [c]
2026-07-31 04:11:55,842 [INFO] Processing PES2UG19CS303 (.c)...
2026-07-31 04:11:58,193 [INFO]   OK: PES2UG19CS303 [c]
2026-07-31 04:11:58,193 [INFO] Processing PES2UG19CS305 (.c)...
2026-07-31 04:12:00,791 [INFO]   OK: PES2UG19CS305 [c]
2026-07-31 04:12:00,791 [INFO] Processing PES2UG19CS307 (.c)...
2026-07-31 04:12:03,371 [INFO]   OK: PES2UG19CS307 [c]
2026-07-31 04:12:03,371 [INFO] Processing PES2UG19CS309 (.c)...
2026-07-31 04:12:05,631 [INFO]   OK: PES2UG19CS309 [c]
2026-07-31 04:12:05,631 [INFO] Processing PES2UG19CS310 (.c)...
2026-07-31 04:12:07,929 [INFO]   OK: PES2UG19CS310 [c]
2026-07-31 04:12:07,929 [INFO] Processing PES2UG19CS311 (.c)...
2026-07-31 04:12:10,271 [INFO]   OK: PES2UG19CS311 [c]
2026-07-31 04:12:10,271 [INFO] Processing PES2UG19CS312 (.c)...
2026-07-31 04:12:12,841 [INFO]   OK: PES2UG19CS312 [c]
2026-07-31 04:12:12,841 [INFO] Processing PES2UG19CS313 (.c)...
2026-07-31 04:12:15,155 [INFO]   OK: PES2UG19CS313 [c]
2026-07-31 04:12:15,155 [INFO] Processing PES2UG19CS315 (.c)...
2026-07-31 04:12:17,391 [INFO]   OK: PES2UG19CS315 [c]
2026-07-31 04:12:17,391 [INFO] Processing PES2UG19CS316 (.c)...
2026-07-31 04:12:19,712 [INFO]   OK: PES2UG19CS316 [c]
2026-07-31 04:12:19,712 [INFO] Processing PES2UG19CS317 (.c)...
2026-07-31 04:12:22,202 [INFO]   OK: PES2UG19CS317 [c]
2026-07-31 04:12:22,202 [WARNING]   IGNORED (not a recognized source file): E_PES2UG19CS318_WEEK1a - Rakeshrr r.pdf
2026-07-31 04:12:22,202 [INFO] Processing PES2UG19CS318 (.c)...
2026-07-31 04:12:24,467 [INFO]   OK: PES2UG19CS318 [c]
2026-07-31 04:12:24,467 [INFO] Processing PES2UG19CS319 (.c)...
2026-07-31 04:12:26,631 [INFO]   OK: PES2UG19CS319 [c]
2026-07-31 04:12:26,631 [INFO] Processing PES2UG19CS321 (.c)...
2026-07-31 04:12:28,960 [INFO]   OK: PES2UG19CS321 [c]
2026-07-31 04:12:28,960 [INFO] Processing PES2UG19CS322 (.C)...
2026-07-31 04:12:31,197 [INFO]   OK: PES2UG19CS322 [c]
2026-07-31 04:12:31,197 [INFO] Processing PES2UG19CS324 (.c)...
2026-07-31 04:12:33,600 [INFO]   OK: PES2UG19CS324 [c]
2026-07-31 04:12:33,600 [INFO] Processing PES2UG19CS325 (.c)...
2026-07-31 04:12:36,230 [INFO]   OK: PES2UG19CS325 [c]
2026-07-31 04:12:36,231 [INFO] Processing PES2UG19CS326 (.c)...
2026-07-31 04:12:38,557 [INFO]   OK: PES2UG19CS326 [c]
2026-07-31 04:12:38,557 [INFO] Processing PES2UG19CS327 (.c)...
2026-07-31 04:12:40,855 [INFO]   OK: PES2UG19CS327 [c]
2026-07-31 04:12:40,856 [INFO] Processing PES2UG19CS327 (.c)...
2026-07-31 04:12:43,264 [INFO]   OK: PES2UG19CS327 [c]
2026-07-31 04:12:43,264 [INFO] Processing PES2UG19CS329 (.c)...
2026-07-31 04:12:45,670 [INFO]   OK: PES2UG19CS329 [c]
2026-07-31 04:12:45,671 [INFO] Processing PES2UG19CS330 (.c)...
2026-07-31 04:12:48,131 [INFO]   OK: PES2UG19CS330 [c]
2026-07-31 04:12:48,131 [INFO] Processing PES2UG19CS334 (.c)...
2026-07-31 04:12:50,665 [INFO]   OK: PES2UG19CS334 [c]
2026-07-31 04:12:50,665 [INFO] Processing PES2UG19CS308 (.c)...
2026-07-31 04:12:53,090 [INFO]   OK: PES2UG19CS308 [c]
2026-07-31 04:12:53,090 [INFO] Processing PES2UG19CS335 (.c)...
2026-07-31 04:12:55,413 [INFO]   OK: PES2UG19CS335 [c]
2026-07-31 04:12:55,413 [INFO] Processing PES2UG19CS336 (.c)...
2026-07-31 04:12:57,691 [INFO]   OK: PES2UG19CS336 [c]
2026-07-31 04:12:57,691 [INFO] Processing PES2UG19CS337 (.c)...
2026-07-31 04:12:59,962 [INFO]   OK: PES2UG19CS337 [c]
2026-07-31 04:12:59,962 [INFO] Processing PES2UG19CS338 (.c)...
2026-07-31 04:13:02,210 [INFO]   OK: PES2UG19CS338 [c]
2026-07-31 04:13:02,210 [INFO] Processing PES2UG19CS339 (.c)...
2026-07-31 04:13:04,666 [INFO]   OK: PES2UG19CS339 [c]
2026-07-31 04:13:04,666 [INFO] Processing PES2UG19CS341 (.c)...
2026-07-31 04:15:10,730 [INFO]   OK: PES2UG19CS341 [c]
2026-07-31 04:15:10,731 [INFO] Processing PES2UG19CS342 (.c)...
2026-07-31 04:13:09,382 [INFO]   OK: PES2UG19CS342 [c]
2026-07-31 04:13:09,382 [INFO] Processing PES2UG19CS343 (.c)...
2026-07-31 04:13:11,729 [INFO]   OK: PES2UG19CS343 [c]
2026-07-31 04:13:11,729 [INFO] Processing PES2UG19CS344 (.c)...
2026-07-31 04:13:14,114 [INFO]   OK: PES2UG19CS344 [c]
2026-07-31 04:13:14,114 [INFO] Processing PES2UG19CS345 (.c)...
2026-07-31 04:13:16,407 [INFO]   OK: PES2UG19CS345 [c]
2026-07-31 04:13:16,408 [INFO] Processing PES2UG19CS346 (.c)...
2026-07-31 04:13:18,818 [INFO]   OK: PES2UG19CS346 [c]
2026-07-31 04:13:18,819 [INFO] Processing PES2UG19CS346 (.c)...
2026-07-31 04:13:21,479 [INFO]   OK: PES2UG19CS346 [c]
2026-07-31 04:13:21,479 [INFO] Processing PES2UG19CS347 (.c)...
2026-07-31 04:13:23,817 [INFO]   OK: PES2UG19CS347 [c]
2026-07-31 04:13:23,817 [INFO] Processing PES2UG19CS348 (.c)...
2026-07-31 04:13:26,129 [INFO]   OK: PES2UG19CS348 [c]
2026-07-31 04:13:26,130 [INFO] Processing PES2UG19CS349 (.c)...
2026-07-31 04:13:28,415 [INFO]   OK: PES2UG19CS349 [c]
2026-07-31 04:13:28,415 [INFO] Processing PES2UG19CS352 (.c)...
2026-07-31 04:13:30,831 [INFO]   OK: PES2UG19CS352 [c]
2026-07-31 04:13:30,832 [INFO] Processing PES2UG19CS353 (.c)...
2026-07-31 04:13:33,450 [INFO]   OK: PES2UG19CS353 [c]
2026-07-31 04:13:33,450 [INFO] Processing PES2UG19CS353 (.c)...
2026-07-31 04:13:35,943 [INFO]   OK: PES2UG19CS353 [c]
2026-07-31 04:13:35,943 [INFO] Processing PES2UG19CS354 (.c)...
2026-07-31 04:13:38,516 [INFO]   OK: PES2UG19CS354 [c]
2026-07-31 04:13:38,517 [INFO] Processing PES2UG19CS356 (.c)...
2026-07-31 04:13:41,188 [INFO]   OK: PES2UG19CS356 [c]
2026-07-31 04:13:41,188 [INFO] Processing PES2UG19CS358 (.c)...
2026-07-31 04:13:43,787 [INFO]   OK: PES2UG19CS358 [c]
2026-07-31 04:13:43,787 [INFO] Processing PES2UG19CS360 (.c)...
2026-07-31 04:13:46,337 [INFO]   OK: PES2UG19CS360 [c]
2026-07-31 04:13:46,337 [INFO] Processing PES2UG19CS361 (.c)...
2026-07-31 04:13:48,795 [INFO]   OK: PES2UG19CS361 [c]
2026-07-31 04:13:48,795 [INFO] Processing PES2UG19CS363 (.c)...
2026-07-31 04:13:51,326 [INFO]   OK: PES2UG19CS363 [c]
2026-07-31 04:13:51,327 [INFO] Processing PES2UG19CS364 (.c)...
2026-07-31 04:13:54,544 [INFO]   OK: PES2UG19CS364 [c]
2026-07-31 04:13:54,544 [INFO] Processing PES2UG19CS364 (.c)...
2026-07-31 04:13:56,920 [INFO]   OK: PES2UG19CS364 [c]
2026-07-31 04:13:56,920 [INFO] Processing PES2UG19CS365 (.c)...
2026-07-31 04:13:59,439 [INFO]   OK: PES2UG19CS365 [c]
2026-07-31 04:13:59,439 [INFO] Processing PES2UG19CS370 (.c)...
2026-07-31 04:14:01,759 [INFO]   OK: PES2UG19CS370 [c]
2026-07-31 04:14:01,759 [INFO] Processing PES2UG19CS371 (.c)...
2026-07-31 04:14:04,130 [INFO]   OK: PES2UG19CS371 [c]
2026-07-31 04:14:04,130 [INFO] Processing PES2UG19CS372 (.c)...
2026-07-31 04:14:06,710 [INFO]   OK: PES2UG19CS372 [c]
2026-07-31 04:14:06,710 [INFO] Processing PES2UG19CS373 (.c)...
2026-07-31 04:14:09,322 [INFO]   OK: PES2UG19CS373 [c]
2026-07-31 04:14:09,322 [INFO] Processing PES2UG19CS374 (.c)...
2026-07-31 04:14:11,743 [INFO]   OK: PES2UG19CS374 [c]
2026-07-31 04:14:11,743 [INFO] Processing PES2UG19CS375 (.c)...
2026-07-31 04:14:14,257 [INFO]   OK: PES2UG19CS375 [c]
2026-07-31 04:14:14,258 [INFO] Processing PES2UG19CS378 (.c)...
2026-07-31 04:14:16,668 [INFO]   OK: PES2UG19CS378 [c]
2026-07-31 04:14:16,668 [INFO] Processing PES2UG19CS379 (.c)...
2026-07-31 04:14:19,186 [INFO]   OK: PES2UG19CS379 [c]
2026-07-31 04:14:19,186 [INFO] Processing PES2UG19CS380 (.c)...
2026-07-31 04:14:21,567 [INFO]   OK: PES2UG19CS380 [c]
2026-07-31 04:14:21,567 [INFO] Processing PES2UG19CS381 (.c)...
2026-07-31 04:14:24,050 [INFO]   OK: PES2UG19CS381 [c]
2026-07-31 04:14:24,050 [INFO] Processing PES2UG19CS383 (.c)...
2026-07-31 04:14:26,526 [INFO]   OK: PES2UG19CS383 [c]
2026-07-31 04:14:26,527 [INFO] Processing PES2UG19CS384 (.c)...
2026-07-31 04:14:29,021 [INFO]   OK: PES2UG19CS384 [c]
2026-07-31 04:14:29,021 [INFO] Processing PES2UG19CS385 (.c)...
2026-07-31 04:14:31,563 [INFO]   OK: PES2UG19CS385 [c]
2026-07-31 04:14:31,564 [INFO] Processing PES2UG19CS387 (.c)...
2026-07-31 04:14:33,930 [INFO]   OK: PES2UG19CS387 [c]
2026-07-31 04:14:33,930 [INFO] Processing PES2UG19CS389 (.c)...
2026-07-31 04:14:36,321 [INFO]   OK: PES2UG19CS389 [c]
2026-07-31 04:14:36,322 [INFO] Processing PES2UG19CS390 (.c)...
2026-07-31 04:14:38,622 [INFO]   OK: PES2UG19CS390 [c]
2026-07-31 04:14:38,623 [INFO] Processing PES2UG19CS391 (.c)...
2026-07-31 04:14:41,160 [INFO]   OK: PES2UG19CS391 [c]
2026-07-31 04:14:41,161 [INFO] Processing PES2UG19CS392 (.c)...
2026-07-31 04:14:43,483 [INFO]   OK: PES2UG19CS392 [c]
2026-07-31 04:14:43,483 [INFO] Processing PES2UG19CS393 (.c)...
2026-07-31 04:14:45,913 [INFO]   OK: PES2UG19CS393 [c]
2026-07-31 04:14:45,914 [INFO] Processing PES2UG19CS395 (.c)...
2026-07-31 04:14:48,309 [INFO]   OK: PES2UG19CS395 [c]
2026-07-31 04:14:48,309 [INFO] Processing PES2UG19CS395 (.c)...
2026-07-31 04:14:50,733 [INFO]   OK: PES2UG19CS395 [c]
2026-07-31 04:14:50,733 [INFO] Processing PES2UG19CS396 (.c)...
2026-07-31 04:14:53,215 [INFO]   OK: PES2UG19CS396 [c]
2026-07-31 04:14:53,215 [INFO] Processing PES2UG19CS398 (.c)...
2026-07-31 04:14:55,744 [INFO]   OK: PES2UG19CS398 [c]
2026-07-31 04:14:55,745 [INFO] Processing PES2UG19CS399 (.c)...
2026-07-31 04:14:58,273 [INFO]   OK: PES2UG19CS399 [c]
2026-07-31 04:14:58,274 [INFO] Processing PES2UG19CS400 (.c)...
2026-07-31 04:15:00,751 [INFO]   OK: PES2UG19CS400 [c]
2026-07-31 04:15:00,751 [INFO] Processing PES2UG19CS401 (.c)...
2026-07-31 04:15:03,396 [INFO]   OK: PES2UG19CS401 [c]
2026-07-31 04:15:03,396 [INFO] Processing PES2UG19CS402 (.c)...
2026-07-31 04:15:06,171 [INFO]   OK: PES2UG19CS402 [c]
2026-07-31 04:15:06,171 [INFO] Processing PES2UG19CS470 (.c)...
2026-07-31 04:15:08,556 [INFO]   OK: PES2UG19CS470 [c]
2026-07-31 04:15:08,557 [INFO] Processing PES2UG19CS463 (.c)...
2026-07-31 04:15:12,121 [INFO]   OK: PES2UG19CS463 [c]
2026-07-31 04:15:12,121 [INFO] Processing G_PES2201800143_week1__Kurnool_Anirudh (.c)...
2026-07-31 04:15:16,370 [INFO]   OK: G_PES2201800143_week1__Kurnool_Anirudh [c]
2026-07-31 04:15:16,370 [INFO] Processing PES2UG19CS403 (.c)...
2026-07-31 04:15:19,909 [INFO]   OK: PES2UG19CS403 [c]
2026-07-31 04:15:19,909 [INFO] Processing PES2UG19CS403 (.c)...
2026-07-31 04:15:22,374 [INFO]   OK: PES2UG19CS403 [c]
2026-07-31 04:15:22,374 [INFO] Processing PES2UG19CS405 (.c)...
2026-07-31 04:15:25,433 [INFO]   OK: PES2UG19CS405 [c]
2026-07-31 04:15:25,433 [INFO] Processing PES2UG19CS406 (.c)...
2026-07-31 04:15:28,406 [INFO]   OK: PES2UG19CS406 [c]
2026-07-31 04:15:28,407 [INFO] Processing PES2UG19CS407 (.c)...
2026-07-31 04:15:31,632 [INFO]   OK: PES2UG19CS407 [c]
2026-07-31 04:15:31,632 [INFO] Processing PES2UG19CS408 (.c)...
2026-07-31 04:15:34,637 [INFO]   OK: PES2UG19CS408 [c]
2026-07-31 04:15:34,638 [INFO] Processing PES2UG19CS409 (.c)...
2026-07-31 04:15:37,492 [INFO]   OK: PES2UG19CS409 [c]
2026-07-31 04:15:37,492 [INFO] Processing PES2UG19CS410 (.c)...
2026-07-31 04:15:40,982 [INFO]   OK: PES2UG19CS410 [c]
2026-07-31 04:15:40,982 [INFO] Processing PES2UG19CS411 (.c)...
2026-07-31 04:15:43,562 [INFO]   OK: PES2UG19CS411 [c]
2026-07-31 04:15:43,563 [INFO] Processing PES2UG19CS412 (.c)...
2026-07-31 04:15:45,938 [INFO]   OK: PES2UG19CS412 [c]
2026-07-31 04:15:45,938 [INFO] Processing PES2UG19CS414 (.c)...
2026-07-31 04:15:48,478 [INFO]   OK: PES2UG19CS414 [c]
2026-07-31 04:15:48,479 [INFO] Processing PES2UG19CS416 (.c)...
2026-07-31 04:15:50,937 [INFO]   OK: PES2UG19CS416 [c]
2026-07-31 04:15:50,937 [INFO] Processing PES2UG19CS417 (.c)...
2026-07-31 04:15:53,488 [INFO]   OK: PES2UG19CS417 [c]
2026-07-31 04:15:53,488 [INFO] Processing PES2UG19CS418 (.c)...
2026-07-31 04:15:56,011 [INFO]   OK: PES2UG19CS418 [c]
2026-07-31 04:15:56,012 [INFO] Processing PES2UG19CS419 (.c)...
2026-07-31 04:15:58,476 [INFO]   OK: PES2UG19CS419 [c]
2026-07-31 04:15:58,476 [INFO] Processing PES2UG19CS421 (.c)...
2026-07-31 04:16:01,135 [INFO]   OK: PES2UG19CS421 [c]
2026-07-31 04:16:01,135 [INFO] Processing PES2UG19CS422 (.c)...
2026-07-31 04:16:03,661 [INFO]   OK: PES2UG19CS422 [c]
2026-07-31 04:16:03,661 [INFO] Processing PES2UG19CS423 (.c)...
2026-07-31 04:16:06,212 [INFO]   OK: PES2UG19CS423 [c]
2026-07-31 04:16:06,212 [INFO] Processing PES2UG19CS424 (.c)...
2026-07-31 04:16:08,650 [INFO]   OK: PES2UG19CS424 [c]
2026-07-31 04:16:08,650 [INFO] Processing PES2UG19CS427 (.c)...
2026-07-31 04:16:11,086 [INFO]   OK: PES2UG19CS427 [c]
2026-07-31 04:16:11,087 [INFO] Processing PES2UG19CS428 (.c)...
2026-07-31 04:16:13,586 [INFO]   OK: PES2UG19CS428 [c]
2026-07-31 04:16:13,586 [INFO] Processing PES2UG19CS429 (.c)...
2026-07-31 04:16:16,325 [INFO]   OK: PES2UG19CS429 [c]
2026-07-31 04:16:16,325 [INFO] Processing PES2UG19CS429 (.c)...
2026-07-31 04:16:18,890 [INFO]   OK: PES2UG19CS429 [c]
2026-07-31 04:16:18,890 [INFO] Processing PES2UG19CS430 (.c)...
2026-07-31 04:16:21,438 [INFO]   OK: PES2UG19CS430 [c]
2026-07-31 04:16:21,438 [INFO] Processing PES2UG19CS432 (.c)...
2026-07-31 04:16:23,950 [INFO]   OK: PES2UG19CS432 [c]
2026-07-31 04:16:23,950 [INFO] Processing PES2UG19CS433 (.c)...
2026-07-31 04:16:26,481 [INFO]   OK: PES2UG19CS433 [c]
2026-07-31 04:16:26,482 [INFO] Processing PES2UG19CS434 (.c)...
2026-07-31 04:16:28,915 [INFO]   OK: PES2UG19CS434 [c]
2026-07-31 04:16:28,915 [INFO] Processing PES2UG19CS435 (.c)...
2026-07-31 04:16:31,415 [INFO]   OK: PES2UG19CS435 [c]
2026-07-31 04:16:31,416 [INFO] Processing PES2UG19CS436 (.c)...
2026-07-31 04:16:34,107 [INFO]   OK: PES2UG19CS436 [c]
2026-07-31 04:16:34,108 [INFO] Processing PES2UG19CS437 (.c)...
2026-07-31 04:16:36,874 [INFO]   OK: PES2UG19CS437 [c]
2026-07-31 04:16:36,874 [INFO] Processing PES2UG19CS438 (.c)...
2026-07-31 04:16:39,343 [INFO]   OK: PES2UG19CS438 [c]
2026-07-31 04:16:39,343 [INFO] Processing PES2UG19CS439 (.c)...
2026-07-31 04:16:41,832 [INFO]   OK: PES2UG19CS439 [c]
2026-07-31 04:16:41,832 [INFO] Processing PES2UG19CS441 (.c)...
2026-07-31 04:16:44,293 [INFO]   OK: PES2UG19CS441 [c]
2026-07-31 04:16:44,293 [INFO] Processing PES2UG19CS442 (.c)...
2026-07-31 04:16:46,642 [INFO]   OK: PES2UG19CS442 [c]
2026-07-31 04:16:46,642 [INFO] Processing PES2UG19CS444 (.C)...
2026-07-31 04:16:48,671 [INFO]   OK: PES2UG19CS444 [c]
2026-07-31 04:16:48,671 [INFO] Processing PES2UG19CS445 (.c)...
2026-07-31 04:16:51,693 [INFO]   OK: PES2UG19CS445 [c]
2026-07-31 04:16:51,693 [INFO] Processing PES2UG19CS446 (.c)...
2026-07-31 04:16:54,222 [INFO]   OK: PES2UG19CS446 [c]
2026-07-31 04:16:54,223 [INFO] Processing PES2UG19CS448 (.c)...
2026-07-31 04:16:56,989 [INFO]   OK: PES2UG19CS448 [c]
2026-07-31 04:16:56,989 [INFO] Processing PES2UG19CS449 (.c)...
2026-07-31 04:16:59,492 [INFO]   OK: PES2UG19CS449 [c]
2026-07-31 04:16:59,492 [INFO] Processing PES2UG19CS450 (.c)...
2026-07-31 04:17:01,974 [INFO]   OK: PES2UG19CS450 [c]
2026-07-31 04:17:01,974 [INFO] Processing PES2UG19CS451 (.c)...
2026-07-31 04:17:04,463 [INFO]   OK: PES2UG19CS451 [c]
2026-07-31 04:17:04,463 [INFO] Processing PES2UG19CS453 (.c)...
2026-07-31 04:17:06,940 [INFO]   OK: PES2UG19CS453 [c]
2026-07-31 04:17:06,940 [INFO] Processing PES2UG19CS454 (.c)...
2026-07-31 04:17:09,294 [INFO]   OK: PES2UG19CS454 [c]
2026-07-31 04:17:09,294 [INFO] Processing PES2UG19CS455 (.c)...
2026-07-31 04:17:11,660 [INFO]   OK: PES2UG19CS455 [c]
2026-07-31 04:17:11,660 [INFO] Processing PES2UG19CS456 (.c)...
2026-07-31 04:17:14,016 [INFO]   OK: PES2UG19CS456 [c]
2026-07-31 04:17:14,016 [INFO] Processing PES2UG19CS457 (.c)...
2026-07-31 04:17:16,369 [INFO]   OK: PES2UG19CS457 [c]
2026-07-31 04:17:16,369 [WARNING]   IGNORED (not a recognized source file): G_PES2UG19CS458 _WEEK1 - Sharan Veera. C
2026-07-31 04:17:16,370 [INFO] Processing PES2UG19CS459 (.c)...
2026-07-31 04:17:18,745 [INFO]   OK: PES2UG19CS459 [c]
2026-07-31 04:17:18,745 [INFO] Processing PES2UG19CS460 (.c)...
2026-07-31 04:17:21,236 [INFO]   OK: PES2UG19CS460 [c]
2026-07-31 04:17:21,236 [INFO] Processing PES2UG19CS462 (.c)...
2026-07-31 04:17:23,594 [INFO]   OK: PES2UG19CS462 [c]
2026-07-31 04:17:23,594 [INFO] Processing PES2UG19CS464 (.C)...
2026-07-31 04:17:25,523 [INFO]   OK: PES2UG19CS464 [c]
2026-07-31 04:17:25,523 [INFO] Processing PES2UG19CS465 (.c)...
2026-07-31 04:17:27,906 [INFO]   OK: PES2UG19CS465 [c]
2026-07-31 04:17:27,906 [INFO] Processing PES2UG19CS467 (.c)...
2026-07-31 04:17:30,203 [INFO]   OK: PES2UG19CS467 [c]
2026-07-31 04:17:30,203 [INFO] Processing PES2UG19CS902 (.c)...
2026-07-31 04:17:32,580 [INFO]   OK: PES2UG19CS902 [c]
2026-07-31 04:17:32,581 [INFO] Processing PES2UG19CS903 (.c)...
2026-07-31 04:17:34,878 [INFO]   OK: PES2UG19CS903 [c]
2026-07-31 04:17:34,878 [INFO] Processing PES2UG19CS904 (.c)...
2026-07-31 04:17:37,374 [INFO]   OK: PES2UG19CS904 [c]
2026-07-31 04:17:37,374 [INFO] Processing PES2UG19CS905 (.c)...
2026-07-31 04:17:40,119 [INFO]   OK: PES2UG19CS905 [c]
2026-07-31 04:17:40,119 [INFO] Processing PES2UG19CS905 (.c)...
2026-07-31 04:19:46,262 [INFO]   OK: PES2UG19CS905 [c]
2026-07-31 04:19:46,262 [INFO] Processing PES2UG19CS906 (.c)...
2026-07-31 04:17:45,069 [INFO]   OK: PES2UG19CS906 [c]
2026-07-31 04:17:45,069 [INFO] Processing PES2UG19CS908 (.c)...
2026-07-31 04:17:47,401 [INFO]   OK: PES2UG19CS908 [c]
2026-07-31 04:17:47,402 [INFO] Processing PES2UG19CS908 (.c)...
2026-07-31 04:17:49,984 [INFO]   OK: PES2UG19CS908 [c]
2026-07-31 04:17:49,984 [INFO] Processing PES2UG19CS910 (.c)...
2026-07-31 04:19:56,280 [INFO]   OK: PES2UG19CS910 [c]
2026-07-31 04:19:56,280 [INFO] Processing main__Snehal_Singh (.c)...
2026-07-31 04:17:54,852 [INFO]   OK: main__Snehal_Singh [c]
2026-07-31 04:17:54,852 [INFO] Processing NIKILAWEEK1NikiS (.C)...
2026-07-31 04:17:56,723 [INFO]   OK: NIKILAWEEK1NikiS [c]
2026-07-31 04:17:56,723 [INFO] Processing search__nidhi_bharatiya (.c)...
2026-07-31 04:17:59,200 [INFO]   OK: search__nidhi_bharatiya [c]
2026-07-31 04:17:59,201 [INFO] Processing search__nidhi_bharatiya_1_ (.c)...
2026-07-31 04:18:01,586 [INFO]   OK: search__nidhi_bharatiya_1_ [c]
2026-07-31 04:18:01,586 [INFO] Processing Seqsearch__siddharth_chattar (.c)...
2026-07-31 04:18:03,961 [INFO]   OK: Seqsearch__siddharth_chattar [c]
2026-07-31 04:18:03,962 [INFO] Processing seq_search_imp__Ritik_Sharma (.c)...
2026-07-31 04:18:06,261 [INFO]   OK: seq_search_imp__Ritik_Sharma [c]
2026-07-31 04:18:06,261 [INFO] Processing seq_search_imp__sammedh_Jain (.c)...
2026-07-31 04:18:08,607 [INFO]   OK: seq_search_imp__sammedh_Jain [c]
2026-07-31 04:18:08,607 [INFO] Processing sllimp__1___Nikhil_Swamy (.c)...
2026-07-31 04:18:11,184 [INFO]   OK: sllimp__1___Nikhil_Swamy [c]
2026-07-31 04:18:11,184 [INFO] Processing ss (.h)...
2026-07-31 04:18:13,385 [INFO]   OK: ss [c]
2026-07-31 04:18:13,385 [INFO] Processing PES2UG19CS077 (.c)...
2026-07-31 04:18:15,755 [INFO]   OK: PES2UG19CS077 [c]
2026-07-31 04:18:15,756 [INFO] Processing PES2UG19CS053 (.c)...
2026-07-31 04:18:18,199 [INFO]   OK: PES2UG19CS053 [c]
2026-07-31 04:18:18,199 [INFO] Processing PES2UG19CS053 (.c)...
2026-07-31 04:18:20,795 [INFO]   OK: PES2UG19CS053 [c]
2026-07-31 04:18:20,795 [INFO] Processing PES2UG19CS053 (.c)...
2026-07-31 04:18:23,198 [INFO]   OK: PES2UG19CS053 [c]
2026-07-31 04:18:23,198 [INFO] Processing PES2UG19CS053 (.c)...
2026-07-31 04:18:25,778 [INFO]   OK: PES2UG19CS053 [c]
2026-07-31 04:18:25,780 [INFO] Done. 352 succeeded, 0 failed, 10 non-source files ignored.
2026-07-31 04:20:31,361 [INFO] Found 430 files in /mnt/c/Users/admin/Downloads/lab_ec/lab_ec/week10/A
2026-07-31 04:20:31,362 [INFO] Processing PES2UG19CS001 (.c)...
2026-07-31 04:18:30,027 [INFO]   OK: PES2UG19CS001 [c]
2026-07-31 04:18:30,027 [INFO] Processing PES2UG19CS002 (.c)...
2026-07-31 04:20:36,399 [INFO]   OK: PES2UG19CS002 [c]
2026-07-31 04:20:36,399 [INFO] Processing PES2UG19CS003 (.c)...
2026-07-31 04:18:35,333 [INFO]   OK: PES2UG19CS003 [c]
2026-07-31 04:18:35,333 [INFO] Processing PES2UG19CS004 (.c)...
2026-07-31 04:18:37,871 [INFO]   OK: PES2UG19CS004 [c]
2026-07-31 04:18:37,872 [INFO] Processing PES2UG19CS005 (.c)...
2026-07-31 04:18:40,339 [INFO]   OK: PES2UG19CS005 [c]
2026-07-31 04:18:40,339 [INFO] Processing PES2UG19CS007 (.c)...
2026-07-31 04:18:42,863 [INFO]   OK: PES2UG19CS007 [c]
2026-07-31 04:18:42,863 [INFO] Processing PES2UG19CS008 (.c)...
2026-07-31 04:18:45,462 [INFO]   OK: PES2UG19CS008 [c]
2026-07-31 04:18:45,462 [INFO] Processing PES2UG19CS009 (.c)...
2026-07-31 04:18:48,067 [INFO]   OK: PES2UG19CS009 [c]
2026-07-31 04:18:48,067 [INFO] Processing PES2UG19CS010 (.c)...
2026-07-31 04:18:50,586 [INFO]   OK: PES2UG19CS010 [c]
2026-07-31 04:18:50,587 [INFO] Processing PES2UG19CS011 (.c)...
2026-07-31 04:18:53,241 [INFO]   OK: PES2UG19CS011 [c]
2026-07-31 04:18:53,242 [INFO] Processing PES2UG19CS012 (.c)...
2026-07-31 04:18:55,815 [INFO]   OK: PES2UG19CS012 [c]
2026-07-31 04:18:55,815 [INFO] Processing PES2UG19CS013 (.c)...
2026-07-31 04:18:58,536 [INFO]   OK: PES2UG19CS013 [c]
2026-07-31 04:18:58,536 [INFO] Processing PES2UG19CS014 (.c)...
2026-07-31 04:19:01,134 [INFO]   OK: PES2UG19CS014 [c]
2026-07-31 04:19:01,134 [INFO] Processing PES2UG19CS015 (.c)...
2026-07-31 04:19:03,916 [INFO]   OK: PES2UG19CS015 [c]
2026-07-31 04:19:03,916 [INFO] Processing PES2UG19CS016 (.c)...
2026-07-31 04:19:06,404 [INFO]   OK: PES2UG19CS016 [c]
2026-07-31 04:19:06,405 [INFO] Processing PES2UG19CS017 (.c)...
2026-07-31 04:19:09,038 [INFO]   OK: PES2UG19CS017 [c]
2026-07-31 04:19:09,038 [INFO] Processing PES2UG19CS018 (.c)...
2026-07-31 04:19:11,647 [INFO]   OK: PES2UG19CS018 [c]
2026-07-31 04:19:11,647 [INFO] Processing PES2UG19CS019 (.c)...
2026-07-31 04:19:15,116 [INFO]   OK: PES2UG19CS019 [c]
2026-07-31 04:19:15,117 [INFO] Processing PES2UG19CS020 (.c)...
2026-07-31 04:21:21,471 [INFO]   OK: PES2UG19CS020 [c]
2026-07-31 04:21:21,472 [INFO] Processing PES2UG19CS022 (.c)...
2026-07-31 04:19:20,714 [INFO]   OK: PES2UG19CS022 [c]
2026-07-31 04:19:20,714 [INFO] Processing PES2UG19CS023 (.c)...
2026-07-31 04:19:23,789 [INFO]   OK: PES2UG19CS023 [c]
2026-07-31 04:19:23,790 [INFO] Processing PES2UG19CS024 (.c)...
2026-07-31 04:19:26,463 [INFO]   OK: PES2UG19CS024 [c]
2026-07-31 04:19:26,463 [INFO] Processing PES2UG19CS025 (.c)...
2026-07-31 04:19:29,080 [INFO]   OK: PES2UG19CS025 [c]
2026-07-31 04:19:29,081 [INFO] Processing PES2UG19CS027 (.c)...
2026-07-31 04:19:31,699 [INFO]   OK: PES2UG19CS027 [c]
2026-07-31 04:19:31,699 [INFO] Processing PES2UG19CS029 (.c)...
2026-07-31 04:19:34,264 [INFO]   OK: PES2UG19CS029 [c]
2026-07-31 04:19:34,264 [INFO] Processing PES2UG19CS030 (.c)...
2026-07-31 04:19:36,798 [INFO]   OK: PES2UG19CS030 [c]
2026-07-31 04:19:36,798 [INFO] Processing PES2UG19CS031 (.c)...
2026-07-31 04:19:39,309 [INFO]   OK: PES2UG19CS031 [c]
2026-07-31 04:19:39,309 [INFO] Processing PES2UG19CS032 (.c)...
2026-07-31 04:19:41,791 [INFO]   OK: PES2UG19CS032 [c]
2026-07-31 04:19:41,791 [INFO] Processing PES2UG19CS033 (.c)...
2026-07-31 04:19:45,710 [INFO]   OK: PES2UG19CS033 [c]
2026-07-31 04:19:45,710 [INFO] Processing PES2UG19CS034 (.c)...
2026-07-31 04:19:50,082 [INFO]   OK: PES2UG19CS034 [c]
2026-07-31 04:19:50,082 [INFO] Processing PES2UG19CS035 (.c)...
2026-07-31 04:19:53,184 [INFO]   OK: PES2UG19CS035 [c]
2026-07-31 04:19:53,184 [INFO] Processing PES2UG19CS036 (.c)...
2026-07-31 04:19:56,110 [INFO]   OK: PES2UG19CS036 [c]
2026-07-31 04:19:56,110 [INFO] Processing PES2UG19CS037 (.c)...
2026-07-31 04:19:59,287 [INFO]   OK: PES2UG19CS037 [c]
2026-07-31 04:19:59,288 [INFO] Processing PES2UG19CS038 (.c)...
2026-07-31 04:20:02,158 [INFO]   OK: PES2UG19CS038 [c]
2026-07-31 04:20:02,158 [INFO] Processing PES2UG19CS039 (.c)...
2026-07-31 04:20:05,434 [INFO]   OK: PES2UG19CS039 [c]
2026-07-31 04:20:05,434 [INFO] Processing PES2UG19CS041 (.c)...
2026-07-31 04:20:08,705 [INFO]   OK: PES2UG19CS041 [c]
2026-07-31 04:20:08,705 [INFO] Processing PES2UG19CS042 (.c)...
2026-07-31 04:20:12,433 [INFO]   OK: PES2UG19CS042 [c]
2026-07-31 04:20:12,433 [INFO] Processing PES2UG19CS043 (.c)...
2026-07-31 04:20:16,388 [INFO]   OK: PES2UG19CS043 [c]
2026-07-31 04:20:16,388 [INFO] Processing PES2UG19CS044 (.c)...
2026-07-31 04:20:19,440 [INFO]   OK: PES2UG19CS044 [c]
2026-07-31 04:20:19,440 [INFO] Processing PES2UG19CS045 (.c)...
2026-07-31 04:20:22,463 [INFO]   OK: PES2UG19CS045 [c]
2026-07-31 04:20:22,464 [INFO] Processing PES2UG19CS046 (.c)...
2026-07-31 04:20:25,293 [INFO]   OK: PES2UG19CS046 [c]
2026-07-31 04:20:25,293 [INFO] Processing PES2UG19CS047 (.c)...
2026-07-31 04:20:28,443 [INFO]   OK: PES2UG19CS047 [c]
2026-07-31 04:20:28,443 [INFO] Processing PES2UG19CS048 (.c)...
2026-07-31 04:20:31,525 [INFO]   OK: PES2UG19CS048 [c]
2026-07-31 04:20:31,525 [INFO] Processing PES2UG19CS049 (.c)...
2026-07-31 04:20:34,134 [INFO]   OK: PES2UG19CS049 [c]
2026-07-31 04:20:34,135 [INFO] Processing PES2UG19CS049 (.c)...
2026-07-31 04:20:36,804 [INFO]   OK: PES2UG19CS049 [c]
2026-07-31 04:20:36,804 [INFO] Processing PES2UG19CS050 (.c)...
2026-07-31 04:20:39,367 [INFO]   OK: PES2UG19CS050 [c]
2026-07-31 04:20:39,368 [INFO] Processing PES2UG19CS051 (.c)...
2026-07-31 04:20:42,145 [INFO]   OK: PES2UG19CS051 [c]
2026-07-31 04:20:42,145 [INFO] Processing PES2UG19CS052 (.c)...
2026-07-31 04:20:45,085 [INFO]   OK: PES2UG19CS052 [c]
2026-07-31 04:20:45,085 [INFO] Processing PES2UG19CS053 (.c)...
2026-07-31 04:20:47,741 [INFO]   OK: PES2UG19CS053 [c]
2026-07-31 04:20:47,741 [INFO] Processing PES2UG19CS054 (.c)...
2026-07-31 04:20:50,637 [INFO]   OK: PES2UG19CS054 [c]
2026-07-31 04:20:50,638 [INFO] Processing PES2UG19CS055 (.c)...
2026-07-31 04:20:53,667 [INFO]   OK: PES2UG19CS055 [c]
2026-07-31 04:20:53,667 [INFO] Processing PES2UG19CS056 (.c)...
2026-07-31 04:20:56,311 [INFO]   OK: PES2UG19CS056 [c]
2026-07-31 04:20:56,311 [INFO] Processing PES2UG19CS057 (.c)...
2026-07-31 04:20:58,956 [INFO]   OK: PES2UG19CS057 [c]
2026-07-31 04:20:58,956 [INFO] Processing PES2UG19CS058 (.c)...
2026-07-31 04:21:01,459 [INFO]   OK: PES2UG19CS058 [c]
2026-07-31 04:21:01,459 [INFO] Processing PES2UG19CS059 (.c)...
2026-07-31 04:21:04,701 [INFO]   OK: PES2UG19CS059 [c]
2026-07-31 04:21:04,701 [INFO] Processing PES2UG19CS060 (.c)...
2026-07-31 04:21:07,449 [INFO]   OK: PES2UG19CS060 [c]
2026-07-31 04:21:07,449 [INFO] Processing PES2UG19CS061 (.c)...
2026-07-31 04:21:09,975 [INFO]   OK: PES2UG19CS061 [c]
2026-07-31 04:21:09,975 [INFO] Processing PES2UG19CS062 (.c)...
2026-07-31 04:23:16,602 [INFO]   OK: PES2UG19CS062 [c]
2026-07-31 04:23:16,602 [INFO] Processing PES2UG19CS063 (.c)...
2026-07-31 04:21:16,011 [INFO]   OK: PES2UG19CS063 [c]
2026-07-31 04:21:16,011 [INFO] Processing PES2UG19CS064 (.c)...
2026-07-31 04:21:18,938 [INFO]   OK: PES2UG19CS064 [c]
2026-07-31 04:21:18,938 [INFO] Processing PES2UG19CS064 (.c)...
2026-07-31 04:21:21,394 [INFO]   OK: PES2UG19CS064 [c]
2026-07-31 04:21:21,395 [INFO] Processing PES2UG19CS065 (.c)...
2026-07-31 04:21:23,740 [INFO]   OK: PES2UG19CS065 [c]
2026-07-31 04:21:23,740 [INFO] Processing PES2UG19CS066 (.c)...
2026-07-31 04:21:26,268 [INFO]   OK: PES2UG19CS066 [c]
2026-07-31 04:21:26,268 [INFO] Processing PES2UG19CS328 (.c)...
2026-07-31 04:21:28,706 [INFO]   OK: PES2UG19CS328 [c]
2026-07-31 04:21:28,706 [INFO] Processing PES2UG19CS067 (.c)...
2026-07-31 04:21:31,070 [INFO]   OK: PES2UG19CS067 [c]
2026-07-31 04:21:31,070 [INFO] Processing PES2UG19CS067 (.c)...
2026-07-31 04:21:33,527 [INFO]   OK: PES2UG19CS067 [c]
2026-07-31 04:21:33,527 [INFO] Processing PES2UG19CS068 (.c)...
2026-07-31 04:21:35,887 [INFO]   OK: PES2UG19CS068 [c]
2026-07-31 04:21:35,887 [INFO] Processing PES2UG19CS069 (.c)...
2026-07-31 04:21:38,258 [INFO]   OK: PES2UG19CS069 [c]
2026-07-31 04:21:38,258 [INFO] Processing PES2UG19CS071 (.c)...
2026-07-31 04:21:40,566 [INFO]   OK: PES2UG19CS071 [c]
2026-07-31 04:21:40,567 [INFO] Processing PES2UG19CS073 (.c)...
2026-07-31 04:23:46,663 [INFO]   OK: PES2UG19CS073 [c]
2026-07-31 04:23:46,663 [INFO] Processing PES2UG19CS073 (.c)...
2026-07-31 04:21:45,316 [INFO]   OK: PES2UG19CS073 [c]
2026-07-31 04:21:45,316 [INFO] Processing PES2UG19CS074 (.c)...
2026-07-31 04:21:47,677 [INFO]   OK: PES2UG19CS074 [c]
2026-07-31 04:21:47,677 [INFO] Processing PES2UG19CS075 (.c)...
2026-07-31 04:21:50,079 [INFO]   OK: PES2UG19CS075 [c]
2026-07-31 04:21:50,079 [INFO] Processing PES2UG19CS076 (.c)...
2026-07-31 04:21:52,394 [INFO]   OK: PES2UG19CS076 [c]
2026-07-31 04:21:52,394 [INFO] Processing PES2UG19CS077 (.c)...
2026-07-31 04:21:54,711 [INFO]   OK: PES2UG19CS077 [c]
2026-07-31 04:21:54,711 [INFO] Processing PES2UG19CS077 (.c)...
2026-07-31 04:21:57,147 [INFO]   OK: PES2UG19CS077 [c]
2026-07-31 04:21:57,147 [INFO] Processing PES2UG19CS078 (.c)...
2026-07-31 04:21:59,800 [INFO]   OK: PES2UG19CS078 [c]
2026-07-31 04:21:59,801 [INFO] Processing PES2UG19CS079 (.c)...
2026-07-31 04:22:02,181 [INFO]   OK: PES2UG19CS079 [c]
2026-07-31 04:22:02,181 [INFO] Processing PES2UG19CS082 (.c)...
2026-07-31 04:22:04,585 [INFO]   OK: PES2UG19CS082 [c]
2026-07-31 04:22:04,585 [INFO] Processing PES2UG19CS083 (.c)...
2026-07-31 04:22:07,317 [INFO]   OK: PES2UG19CS083 [c]
2026-07-31 04:22:07,317 [INFO] Processing PES2UG19CS084 (.c)...
2026-07-31 04:22:10,171 [INFO]   OK: PES2UG19CS084 [c]
2026-07-31 04:22:10,172 [INFO] Processing PES2UG19CS086 (.c)...
2026-07-31 04:22:12,757 [INFO]   OK: PES2UG19CS086 [c]
2026-07-31 04:22:12,757 [INFO] Processing PES2UG19CS087 (.c)...
2026-07-31 04:22:15,157 [INFO]   OK: PES2UG19CS087 [c]
2026-07-31 04:22:15,157 [INFO] Processing PES2UG19CS088 (.c)...
2026-07-31 04:22:17,478 [INFO]   OK: PES2UG19CS088 [c]
2026-07-31 04:22:17,478 [INFO] Processing PES2UG19CS089 (.c)...
2026-07-31 04:22:19,861 [INFO]   OK: PES2UG19CS089 [c]
2026-07-31 04:22:19,862 [INFO] Processing PES2UG19CS091 (.c)...
2026-07-31 04:22:22,180 [INFO]   OK: PES2UG19CS091 [c]
2026-07-31 04:22:22,180 [INFO] Processing PES2UG19CS092 (.c)...
2026-07-31 04:22:24,662 [INFO]   OK: PES2UG19CS092 [c]
2026-07-31 04:22:24,663 [INFO] Processing PES2UG19CS093 (.c)...
2026-07-31 04:22:26,992 [INFO]   OK: PES2UG19CS093 [c]
2026-07-31 04:22:26,992 [INFO] Processing PES2UG19CS095 (.c)...
2026-07-31 04:22:29,349 [INFO]   OK: PES2UG19CS095 [c]
2026-07-31 04:22:29,349 [INFO] Processing PES2UG19CS096 (.c)...
2026-07-31 04:22:31,693 [INFO]   OK: PES2UG19CS096 [c]
2026-07-31 04:22:31,693 [INFO] Processing PES2UG19CS097 (.c)...
2026-07-31 04:22:34,039 [INFO]   OK: PES2UG19CS097 [c]
2026-07-31 04:22:34,039 [INFO] Processing PES2UG19CS099 (.c)...
2026-07-31 04:22:36,390 [INFO]   OK: PES2UG19CS099 [c]
2026-07-31 04:22:36,390 [INFO] Processing PES2UG19CS100 (.c)...
2026-07-31 04:22:38,697 [INFO]   OK: PES2UG19CS100 [c]
2026-07-31 04:22:38,697 [INFO] Processing PES2UG19CS101 (.c)...
2026-07-31 04:22:41,073 [INFO]   OK: PES2UG19CS101 [c]
2026-07-31 04:22:41,073 [INFO] Processing PES2UG19CS102 (.c)...
2026-07-31 04:22:43,419 [INFO]   OK: PES2UG19CS102 [c]
2026-07-31 04:22:43,419 [INFO] Processing PES2UG19CS103 (.c)...
2026-07-31 04:22:45,725 [INFO]   OK: PES2UG19CS103 [c]
2026-07-31 04:22:45,725 [INFO] Processing PES2UG19CS104 (.c)...
2026-07-31 04:24:51,892 [INFO]   OK: PES2UG19CS104 [c]
2026-07-31 04:24:51,892 [INFO] Processing PES2UG19CS105 (.c)...
2026-07-31 04:22:50,476 [INFO]   OK: PES2UG19CS105 [c]
2026-07-31 04:22:50,476 [INFO] Processing PES2UG19CS106 (.c)...
2026-07-31 04:22:52,807 [INFO]   OK: PES2UG19CS106 [c]
2026-07-31 04:22:52,808 [INFO] Processing PES2UG19CS107 (.c)...
2026-07-31 04:22:55,168 [INFO]   OK: PES2UG19CS107 [c]
2026-07-31 04:22:55,168 [INFO] Processing PES2UG19CS109 (.c)...
2026-07-31 04:22:57,726 [INFO]   OK: PES2UG19CS109 [c]
2026-07-31 04:22:57,726 [INFO] Processing PES2UG19CS110 (.c)...
2026-07-31 04:23:00,180 [INFO]   OK: PES2UG19CS110 [c]
2026-07-31 04:23:00,180 [INFO] Processing PES2UG19CS111 (.c)...
2026-07-31 04:23:02,549 [INFO]   OK: PES2UG19CS111 [c]
2026-07-31 04:23:02,549 [INFO] Processing PES2UG19CS112 (.c)...
2026-07-31 04:23:04,888 [INFO]   OK: PES2UG19CS112 [c]
2026-07-31 04:23:04,888 [INFO] Processing PES2UG19CS113 (.c)...
2026-07-31 04:23:07,434 [INFO]   OK: PES2UG19CS113 [c]
2026-07-31 04:23:07,434 [INFO] Processing PES2UG19CS114 (.c)...
2026-07-31 04:23:11,279 [INFO]   OK: PES2UG19CS114 [c]
2026-07-31 04:23:11,279 [INFO] Processing PES2UG19CS115 (.c)...
2026-07-31 04:23:14,227 [INFO]   OK: PES2UG19CS115 [c]
2026-07-31 04:23:14,227 [INFO] Processing PES2UG19CS116 (.c)...
2026-07-31 04:23:17,068 [INFO]   OK: PES2UG19CS116 [c]
2026-07-31 04:23:17,068 [INFO] Processing PES2UG19CS117 (.c)...
2026-07-31 04:23:19,668 [INFO]   OK: PES2UG19CS117 [c]
2026-07-31 04:23:19,668 [INFO] Processing PES2UG19CS118 (.c)...
2026-07-31 04:23:22,254 [INFO]   OK: PES2UG19CS118 [c]
2026-07-31 04:23:22,254 [INFO] Processing PES2UG19CS119 (.c)...
2026-07-31 04:23:24,969 [INFO]   OK: PES2UG19CS119 [c]
2026-07-31 04:23:24,969 [INFO] Processing PES2UG19CS120 (.c)...
2026-07-31 04:23:27,840 [INFO]   OK: PES2UG19CS120 [c]
2026-07-31 04:23:27,841 [INFO] Processing PES2UG19CS122 (.c)...
2026-07-31 04:23:30,184 [INFO]   OK: PES2UG19CS122 [c]
2026-07-31 04:23:30,184 [INFO] Processing PES2UG19CS124 (.c)...
2026-07-31 04:23:32,493 [INFO]   OK: PES2UG19CS124 [c]
2026-07-31 04:23:32,493 [INFO] Processing PES2UG19CS125 (.c)...
2026-07-31 04:23:34,846 [INFO]   OK: PES2UG19CS125 [c]
2026-07-31 04:23:34,846 [INFO] Processing PES2UG19CS126 (.c)...
2026-07-31 04:23:37,247 [INFO]   OK: PES2UG19CS126 [c]
2026-07-31 04:23:37,247 [INFO] Processing PES2UG19CS127 (.c)...
2026-07-31 04:23:39,600 [INFO]   OK: PES2UG19CS127 [c]
2026-07-31 04:23:39,600 [INFO] Processing PES2UG19CS129 (.c)...
2026-07-31 04:23:41,996 [INFO]   OK: PES2UG19CS129 [c]
2026-07-31 04:23:41,996 [INFO] Processing PES2UG19CS130 (.c)...
2026-07-31 04:23:44,305 [INFO]   OK: PES2UG19CS130 [c]
2026-07-31 04:23:44,306 [INFO] Processing PES2UG19CS131 (.c)...
2026-07-31 04:23:46,647 [INFO]   OK: PES2UG19CS131 [c]
2026-07-31 04:23:46,647 [INFO] Processing PES2UG19CS132 (.c)...
2026-07-31 04:23:49,013 [INFO]   OK: PES2UG19CS132 [c]
2026-07-31 04:23:49,013 [INFO] Processing PES2UG19CS134 (.c)...
2026-07-31 04:23:51,391 [INFO]   OK: PES2UG19CS134 [c]
2026-07-31 04:23:51,391 [INFO] Processing PES2UG19CS394 (.c)...
2026-07-31 04:23:53,907 [INFO]   OK: PES2UG19CS394 [c]
2026-07-31 04:23:53,908 [INFO] Processing PES2UG19CS452 (.c)...
2026-07-31 04:23:56,434 [INFO]   OK: PES2UG19CS452 [c]
2026-07-31 04:23:56,434 [INFO] Processing PES2UG19CS133 (.c)...
2026-07-31 04:23:58,890 [INFO]   OK: PES2UG19CS133 [c]
2026-07-31 04:23:58,890 [INFO] Processing PES2UG19CS136 (.c)...
2026-07-31 04:24:01,197 [INFO]   OK: PES2UG19CS136 [c]
2026-07-31 04:24:01,198 [INFO] Processing PES2UG19CS137 (.c)...
2026-07-31 04:24:03,641 [INFO]   OK: PES2UG19CS137 [c]
2026-07-31 04:24:03,642 [INFO] Processing PES2UG19CS138 (.c)...
2026-07-31 04:24:05,903 [INFO]   OK: PES2UG19CS138 [c]
2026-07-31 04:24:05,904 [WARNING]   IGNORED (not a recognized source file): C_PES2UG19CS140_WEEK10 - Harris Ahmed
2026-07-31 04:24:05,904 [INFO] Processing PES2UG19CS141 (.c)...
2026-07-31 04:26:12,033 [INFO]   OK: PES2UG19CS141 [c]
2026-07-31 04:26:12,033 [INFO] Processing PES2UG19CS143 (.c)...
2026-07-31 04:24:10,571 [INFO]   OK: PES2UG19CS143 [c]
2026-07-31 04:24:10,572 [INFO] Processing PES2UG19CS145 (.c)...
2026-07-31 04:24:12,870 [INFO]   OK: PES2UG19CS145 [c]
2026-07-31 04:24:12,870 [INFO] Processing PES2UG19CS146 (.c)...
2026-07-31 04:24:15,157 [INFO]   OK: PES2UG19CS146 [c]
2026-07-31 04:24:15,157 [INFO] Processing PES2UG19CS147 (.c)...
2026-07-31 04:24:17,485 [INFO]   OK: PES2UG19CS147 [c]
2026-07-31 04:24:17,485 [INFO] Processing PES2UG19CS148 (.c)...
2026-07-31 04:24:19,806 [INFO]   OK: PES2UG19CS148 [c]
2026-07-31 04:24:19,806 [INFO] Processing PES2UG19CS149 (.c)...
2026-07-31 04:24:22,277 [INFO]   OK: PES2UG19CS149 [c]
2026-07-31 04:24:22,277 [INFO] Processing PES2UG19CS150 (.c)...
2026-07-31 04:24:24,625 [INFO]   OK: PES2UG19CS150 [c]
2026-07-31 04:24:24,625 [INFO] Processing PES2UG19CS151 (.c)...
2026-07-31 04:24:26,970 [INFO]   OK: PES2UG19CS151 [c]
2026-07-31 04:24:26,970 [INFO] Processing PES2UG19CS153 (.c)...
2026-07-31 04:24:29,284 [INFO]   OK: PES2UG19CS153 [c]
2026-07-31 04:24:29,285 [INFO] Processing PES2UG19CS154 (.c)...
2026-07-31 04:24:31,629 [INFO]   OK: PES2UG19CS154 [c]
2026-07-31 04:24:31,629 [INFO] Processing PES2UG19CS156 (.c)...
2026-07-31 04:24:33,967 [INFO]   OK: PES2UG19CS156 [c]
2026-07-31 04:24:33,968 [INFO] Processing PES2UG19CS157 (.c)...
2026-07-31 04:24:36,332 [INFO]   OK: PES2UG19CS157 [c]
2026-07-31 04:24:36,332 [INFO] Processing PES2UG19CS158 (.c)...
2026-07-31 04:24:38,678 [INFO]   OK: PES2UG19CS158 [c]
2026-07-31 04:24:38,679 [INFO] Processing PES2UG19CS160 (.c)...
2026-07-31 04:24:41,060 [INFO]   OK: PES2UG19CS160 [c]
2026-07-31 04:24:41,060 [INFO] Processing PES2UG19CS161 (.c)...
2026-07-31 04:24:43,591 [INFO]   OK: PES2UG19CS161 [c]
2026-07-31 04:24:43,592 [INFO] Processing PES2UG19CS162 (.c)...
2026-07-31 04:24:46,172 [INFO]   OK: PES2UG19CS162 [c]
2026-07-31 04:24:46,172 [INFO] Processing PES2UG19CS163 (.c)...
2026-07-31 04:24:48,772 [INFO]   OK: PES2UG19CS163 [c]
2026-07-31 04:24:48,772 [INFO] Processing PES2UG19CS164 (.c)...
2026-07-31 04:24:51,126 [INFO]   OK: PES2UG19CS164 [c]
2026-07-31 04:24:51,127 [INFO] Processing PES2UG19CS165 (.c)...
2026-07-31 04:24:53,531 [INFO]   OK: PES2UG19CS165 [c]
2026-07-31 04:24:53,532 [INFO] Processing PES2UG19CS166 (.c)...
2026-07-31 04:24:55,833 [INFO]   OK: PES2UG19CS166 [c]
2026-07-31 04:24:55,833 [INFO] Processing PES2UG19CS167 (.c)...
2026-07-31 04:27:01,975 [INFO]   OK: PES2UG19CS167 [c]
2026-07-31 04:27:01,975 [INFO] Processing PES2UG19CS168 (.c)...
2026-07-31 04:25:00,555 [INFO]   OK: PES2UG19CS168 [c]
2026-07-31 04:25:00,555 [INFO] Processing PES2UG19CS169 (.c)...
2026-07-31 04:25:02,908 [INFO]   OK: PES2UG19CS169 [c]
2026-07-31 04:25:02,908 [INFO] Processing PES2UG19CS170 (.c)...
2026-07-31 04:25:05,277 [INFO]   OK: PES2UG19CS170 [c]
2026-07-31 04:25:05,278 [INFO] Processing PES2UG19CS171 (.c)...
2026-07-31 04:25:07,546 [INFO]   OK: PES2UG19CS171 [c]
2026-07-31 04:25:07,546 [INFO] Processing PES2UG19CS172 (.c)...
2026-07-31 04:25:10,053 [INFO]   OK: PES2UG19CS172 [c]
2026-07-31 04:25:10,053 [INFO] Processing PES2UG19CS173 (.c)...
2026-07-31 04:25:13,583 [INFO]   OK: PES2UG19CS173 [c]
2026-07-31 04:25:13,583 [INFO] Processing PES2UG19CS174 (.c)...
2026-07-31 04:25:16,383 [INFO]   OK: PES2UG19CS174 [c]
2026-07-31 04:25:16,383 [INFO] Processing PES2UG19CS175 (.c)...
2026-07-31 04:25:19,349 [INFO]   OK: PES2UG19CS175 [c]
2026-07-31 04:25:19,349 [INFO] Processing PES2UG19CS176 (.c)...
2026-07-31 04:25:22,578 [INFO]   OK: PES2UG19CS176 [c]
2026-07-31 04:25:22,579 [INFO] Processing PES2UG19CS177 (.c)...
2026-07-31 04:25:25,502 [INFO]   OK: PES2UG19CS177 [c]
2026-07-31 04:25:25,502 [INFO] Processing PES2UG19CS178 (.c)...
2026-07-31 04:25:28,923 [INFO]   OK: PES2UG19CS178 [c]
2026-07-31 04:25:28,923 [INFO] Processing PES2UG19CS179 (.c)...
2026-07-31 04:25:33,182 [INFO]   OK: PES2UG19CS179 [c]
2026-07-31 04:25:33,182 [INFO] Processing PES2UG19CS180 (.c)...
2026-07-31 04:25:37,869 [INFO]   OK: PES2UG19CS180 [c]
2026-07-31 04:25:37,870 [INFO] Processing PES2UG19CS181 (.c)...
2026-07-31 04:25:41,921 [INFO]   OK: PES2UG19CS181 [c]
2026-07-31 04:25:41,921 [INFO] Processing PES2UG19CS182 (.c)...
2026-07-31 04:25:45,193 [INFO]   OK: PES2UG19CS182 [c]
2026-07-31 04:25:45,193 [INFO] Processing PES2UG19CS183 (.c)...
2026-07-31 04:25:48,973 [INFO]   OK: PES2UG19CS183 [c]
2026-07-31 04:25:48,973 [INFO] Processing PES2UG19CS184 (.c)...
2026-07-31 04:25:52,255 [INFO]   OK: PES2UG19CS184 [c]
2026-07-31 04:25:52,256 [INFO] Processing PES2UG19CS185 (.c)...
2026-07-31 04:25:55,812 [INFO]   OK: PES2UG19CS185 [c]
2026-07-31 04:25:55,813 [INFO] Processing PES2UG19CS185 (.c)...
2026-07-31 04:25:59,272 [INFO]   OK: PES2UG19CS185 [c]
2026-07-31 04:25:59,272 [INFO] Processing PES2UG19CS186 (.c)...
2026-07-31 04:26:02,608 [INFO]   OK: PES2UG19CS186 [c]
2026-07-31 04:26:02,609 [INFO] Processing PES2UG19CS188 (.c)...
2026-07-31 04:26:05,858 [INFO]   OK: PES2UG19CS188 [c]
2026-07-31 04:26:05,859 [INFO] Processing PES2UG19CS189 (.c)...
2026-07-31 04:26:09,088 [INFO]   OK: PES2UG19CS189 [c]
2026-07-31 04:26:09,088 [INFO] Processing PES2UG19CS190 (.c)...
2026-07-31 04:26:12,384 [INFO]   OK: PES2UG19CS190 [c]
2026-07-31 04:26:12,384 [INFO] Processing PES2UG19CS191 (.c)...
2026-07-31 04:26:15,669 [INFO]   OK: PES2UG19CS191 [c]
2026-07-31 04:26:15,670 [INFO] Processing PES2UG19CS192 (.c)...
2026-07-31 04:26:18,948 [INFO]   OK: PES2UG19CS192 [c]
2026-07-31 04:26:18,948 [INFO] Processing PES2UG19CS193 (.c)...
2026-07-31 04:26:22,210 [INFO]   OK: PES2UG19CS193 [c]
2026-07-31 04:26:22,211 [INFO] Processing PES2UG19CS194 (.c)...
2026-07-31 04:26:25,491 [INFO]   OK: PES2UG19CS194 [c]
2026-07-31 04:26:25,491 [INFO] Processing PES2UG19CS195 (.c)...
2026-07-31 04:26:28,821 [INFO]   OK: PES2UG19CS195 [c]
2026-07-31 04:26:28,822 [INFO] Processing PES2UG19CS196 (.c)...
2026-07-31 04:26:32,056 [INFO]   OK: PES2UG19CS196 [c]
2026-07-31 04:26:32,057 [INFO] Processing PES2UG19CS197 (.c)...
2026-07-31 04:26:35,358 [INFO]   OK: PES2UG19CS197 [c]
2026-07-31 04:26:35,358 [INFO] Processing PES2UG19CS198 (.c)...
2026-07-31 04:26:38,651 [INFO]   OK: PES2UG19CS198 [c]
2026-07-31 04:26:38,651 [INFO] Processing PES2UG19CS278 (.c)...
2026-07-31 04:26:41,910 [INFO]   OK: PES2UG19CS278 [c]
2026-07-31 04:26:41,910 [INFO] Processing PES2UG19CS350 (.c)...
2026-07-31 04:26:45,231 [INFO]   OK: PES2UG19CS350 [c]
2026-07-31 04:26:45,231 [WARNING]   IGNORED (not a recognized source file): day10_EC_DS.zip
2026-07-31 04:26:45,231 [INFO] Processing PES2UG19CS199 (.c)...
2026-07-31 04:26:49,541 [INFO]   OK: PES2UG19CS199 [c]
2026-07-31 04:26:49,542 [INFO] Processing PES2UG19CS200 (.c)...
2026-07-31 04:26:52,935 [INFO]   OK: PES2UG19CS200 [c]
2026-07-31 04:26:52,935 [INFO] Processing PES2UG19CS201 (.c)...
2026-07-31 04:26:56,330 [INFO]   OK: PES2UG19CS201 [c]
2026-07-31 04:26:56,331 [INFO] Processing PES2UG19CS202 (.c)...
2026-07-31 04:26:59,536 [INFO]   OK: PES2UG19CS202 [c]
2026-07-31 04:26:59,536 [INFO] Processing PES2UG19CS203 (.c)...
2026-07-31 04:27:02,763 [INFO]   OK: PES2UG19CS203 [c]
2026-07-31 04:27:02,764 [INFO] Processing PES2UG19CS205 (.c)...
2026-07-31 04:27:05,977 [INFO]   OK: PES2UG19CS205 [c]
2026-07-31 04:27:05,977 [INFO] Processing PES2UG19CS206 (.c)...
2026-07-31 04:27:09,351 [INFO]   OK: PES2UG19CS206 [c]
2026-07-31 04:27:09,351 [INFO] Processing PES2UG19CS207 (.c)...
2026-07-31 04:27:12,561 [INFO]   OK: PES2UG19CS207 [c]
2026-07-31 04:27:12,561 [INFO] Processing PES2UG19CS208 (.c)...
2026-07-31 04:27:15,662 [INFO]   OK: PES2UG19CS208 [c]
2026-07-31 04:27:15,662 [INFO] Processing PES2UG19CS209 (.c)...
2026-07-31 04:27:18,942 [INFO]   OK: PES2UG19CS209 [c]
2026-07-31 04:27:18,943 [INFO] Processing PES2UG19CS210 (.c)...
2026-07-31 04:27:22,218 [INFO]   OK: PES2UG19CS210 [c]
2026-07-31 04:27:22,218 [INFO] Processing PES2UG19CS211 (.c)...
2026-07-31 04:27:25,459 [INFO]   OK: PES2UG19CS211 [c]
2026-07-31 04:27:25,459 [INFO] Processing PES2UG19CS212 (.c)...
2026-07-31 04:27:28,741 [INFO]   OK: PES2UG19CS212 [c]
2026-07-31 04:27:28,742 [INFO] Processing PES2UG19CS213 (.c)...
2026-07-31 04:27:32,379 [INFO]   OK: PES2UG19CS213 [c]
2026-07-31 04:27:32,379 [INFO] Processing PES2UG19CS214 (.c)...
2026-07-31 04:27:35,699 [INFO]   OK: PES2UG19CS214 [c]
2026-07-31 04:27:35,700 [INFO] Processing PES2UG19CS215 (.c)...
2026-07-31 04:27:38,910 [INFO]   OK: PES2UG19CS215 [c]
2026-07-31 04:27:38,910 [INFO] Processing PES2UG19CS216 (.c)...
2026-07-31 04:27:42,109 [INFO]   OK: PES2UG19CS216 [c]
2026-07-31 04:27:42,109 [INFO] Processing PES2UG19CS217 (.c)...
2026-07-31 04:27:45,520 [INFO]   OK: PES2UG19CS217 [c]
2026-07-31 04:27:45,520 [INFO] Processing PES2UG19CS220 (.c)...
2026-07-31 04:27:48,817 [INFO]   OK: PES2UG19CS220 [c]
2026-07-31 04:27:48,817 [INFO] Processing PES2UG19CS221 (.c)...
2026-07-31 04:27:52,079 [INFO]   OK: PES2UG19CS221 [c]
2026-07-31 04:27:52,079 [INFO] Processing PES2UG19CS222 (.c)...
2026-07-31 04:27:55,331 [INFO]   OK: PES2UG19CS222 [c]
2026-07-31 04:27:55,331 [INFO] Processing PES2UG19CS223 (.c)...
2026-07-31 04:30:02,388 [INFO]   OK: PES2UG19CS223 [c]
2026-07-31 04:30:02,388 [INFO] Processing PES2UG19CS224 (.c)...
2026-07-31 04:28:01,824 [INFO]   OK: PES2UG19CS224 [c]
2026-07-31 04:28:01,825 [INFO] Processing PES2UG19CS225 (.c)...
2026-07-31 04:28:04,965 [INFO]   OK: PES2UG19CS225 [c]
2026-07-31 04:28:04,965 [INFO] Processing PES2UG19CS227 (.c)...
2026-07-31 04:28:08,385 [INFO]   OK: PES2UG19CS227 [c]
2026-07-31 04:28:08,386 [INFO] Processing PES2UG19CS228 (.c)...
2026-07-31 04:28:11,588 [INFO]   OK: PES2UG19CS228 [c]
2026-07-31 04:28:11,588 [INFO] Processing PES2UG19CS229 (.c)...
2026-07-31 04:28:14,863 [INFO]   OK: PES2UG19CS229 [c]
2026-07-31 04:28:14,864 [INFO] Processing PES2UG19CS230 (.c)...
2026-07-31 04:28:18,142 [INFO]   OK: PES2UG19CS230 [c]
2026-07-31 04:28:18,143 [INFO] Processing PES2UG19CS233 (.c)...
2026-07-31 04:28:21,363 [INFO]   OK: PES2UG19CS233 [c]
2026-07-31 04:28:21,364 [INFO] Processing PES2UG19CS235 (.c)...
2026-07-31 04:28:24,610 [INFO]   OK: PES2UG19CS235 [c]
2026-07-31 04:28:24,611 [INFO] Processing PES2UG19CS237 (.c)...
2026-07-31 04:28:27,792 [INFO]   OK: PES2UG19CS237 [c]
2026-07-31 04:28:27,793 [INFO] Processing PES2UG19CS239 (.c)...
2026-07-31 04:28:31,224 [INFO]   OK: PES2UG19CS239 [c]
2026-07-31 04:28:31,224 [INFO] Processing PES2UG19CS242 (.c)...
2026-07-31 04:28:34,567 [INFO]   OK: PES2UG19CS242 [c]
2026-07-31 04:28:34,567 [INFO] Processing PES2UG19CS242 (.c)...
2026-07-31 04:28:38,374 [INFO]   OK: PES2UG19CS242 [c]
2026-07-31 04:28:38,375 [INFO] Processing PES2UG19CS243 (.c)...
2026-07-31 04:28:41,734 [INFO]   OK: PES2UG19CS243 [c]
2026-07-31 04:28:41,734 [INFO] Processing PES2UG19CS244 (.c)...
2026-07-31 04:28:44,974 [INFO]   OK: PES2UG19CS244 [c]
2026-07-31 04:28:44,974 [INFO] Processing PES2UG19CS244 (.c)...
2026-07-31 04:28:48,571 [INFO]   OK: PES2UG19CS244 [c]
2026-07-31 04:28:48,571 [INFO] Processing PES2UG19CS245 (.c)...
2026-07-31 04:28:51,702 [INFO]   OK: PES2UG19CS245 [c]
2026-07-31 04:28:51,702 [INFO] Processing PES2UG19CS246 (.c)...
2026-07-31 04:28:54,189 [INFO]   OK: PES2UG19CS246 [c]
2026-07-31 04:28:54,189 [INFO] Processing PES2UG19CS247 (.c)...
2026-07-31 04:28:56,864 [INFO]   OK: PES2UG19CS247 [c]
2026-07-31 04:28:56,864 [INFO] Processing PES2UG19CS248 (.c)...
2026-07-31 04:28:59,261 [INFO]   OK: PES2UG19CS248 [c]
2026-07-31 04:28:59,261 [INFO] Processing PES2UG19CS250 (.c)...
2026-07-31 04:29:02,075 [INFO]   OK: PES2UG19CS250 [c]
2026-07-31 04:29:02,075 [INFO] Processing PES2UG19CS251 (.c)...
2026-07-31 04:29:05,452 [INFO]   OK: PES2UG19CS251 [c]
2026-07-31 04:29:05,453 [INFO] Processing PES2UG19CS253 (.c)...
2026-07-31 04:29:08,789 [INFO]   OK: PES2UG19CS253 [c]
2026-07-31 04:29:08,789 [INFO] Processing PES2UG19CS254 (.c)...
2026-07-31 04:29:12,088 [INFO]   OK: PES2UG19CS254 [c]
2026-07-31 04:29:12,088 [INFO] Processing PES2UG19CS255 (.c)...
2026-07-31 04:29:15,585 [INFO]   OK: PES2UG19CS255 [c]
2026-07-31 04:29:15,585 [INFO] Processing PES2UG19CS256 (.c)...
2026-07-31 04:29:18,837 [INFO]   OK: PES2UG19CS256 [c]
2026-07-31 04:29:18,837 [INFO] Processing PES2UG19CS257 (.c)...
2026-07-31 04:29:22,133 [INFO]   OK: PES2UG19CS257 [c]
2026-07-31 04:29:22,133 [INFO] Processing PES2UG19CS258 (.c)...
2026-07-31 04:29:25,351 [INFO]   OK: PES2UG19CS258 [c]
2026-07-31 04:29:25,352 [WARNING]   IGNORED (not a recognized source file): D_PES2UG19CS259_week10.C - Nikhitha Ks(1).txt
2026-07-31 04:29:25,352 [WARNING]   IGNORED (not a recognized source file): D_PES2UG19CS259_week10.C - Nikhitha Ks.txt
2026-07-31 04:29:25,353 [INFO] Processing PES2UG19CS261 (.c)...
2026-07-31 04:29:28,647 [INFO]   OK: PES2UG19CS261 [c]
2026-07-31 04:29:28,647 [INFO] Processing PES2UG19CS262 (.c)...
2026-07-31 04:29:32,735 [INFO]   OK: PES2UG19CS262 [c]
2026-07-31 04:29:32,735 [INFO] Processing PES2UG19CS263 (.c)...
2026-07-31 04:29:35,965 [INFO]   OK: PES2UG19CS263 [c]
2026-07-31 04:29:35,965 [INFO] Processing PES2UG19CS264 (.c)...
2026-07-31 04:29:39,181 [INFO]   OK: PES2UG19CS264 [c]
2026-07-31 04:29:39,181 [INFO] Processing PES2UG19CS471 (.c)...
2026-07-31 04:29:42,438 [INFO]   OK: PES2UG19CS471 [c]
2026-07-31 04:29:42,438 [INFO] Processing PES2UG19CS265 (.c)...
2026-07-31 04:29:45,587 [INFO]   OK: PES2UG19CS265 [c]
2026-07-31 04:29:45,587 [INFO] Processing PES2UG19CS266 (.c)...
2026-07-31 04:29:48,861 [INFO]   OK: PES2UG19CS266 [c]
2026-07-31 04:29:48,861 [INFO] Processing PES2UG19CS267 (.c)...
2026-07-31 04:29:52,072 [INFO]   OK: PES2UG19CS267 [c]
2026-07-31 04:29:52,073 [INFO] Processing PES2UG19CS268 (.c)...
2026-07-31 04:29:55,307 [INFO]   OK: PES2UG19CS268 [c]
2026-07-31 04:29:55,308 [INFO] Processing PES2UG19CS268 (.c)...
2026-07-31 04:29:58,630 [INFO]   OK: PES2UG19CS268 [c]
2026-07-31 04:29:58,630 [INFO] Processing PES2UG19CS269 (.c)...
2026-07-31 04:30:02,033 [INFO]   OK: PES2UG19CS269 [c]
2026-07-31 04:30:02,033 [INFO] Processing PES2UG19CS270 (.c)...
2026-07-31 04:30:05,331 [INFO]   OK: PES2UG19CS270 [c]
2026-07-31 04:30:05,331 [INFO] Processing PES2UG19CS271 (.c)...
2026-07-31 04:30:08,516 [INFO]   OK: PES2UG19CS271 [c]
2026-07-31 04:30:08,516 [INFO] Processing PES2UG19CS272 (.c)...
2026-07-31 04:30:11,879 [INFO]   OK: PES2UG19CS272 [c]
2026-07-31 04:30:11,879 [INFO] Processing PES2UG19CS273 (.c)...
2026-07-31 04:30:15,125 [INFO]   OK: PES2UG19CS273 [c]
2026-07-31 04:30:15,125 [INFO] Processing PES2UG19CS274 (.c)...
2026-07-31 04:30:18,313 [INFO]   OK: PES2UG19CS274 [c]
2026-07-31 04:30:18,313 [INFO] Processing PES2UG19CS275 (.c)...
2026-07-31 04:30:21,583 [INFO]   OK: PES2UG19CS275 [c]
2026-07-31 04:30:21,583 [INFO] Processing PES2UG19CS276 (.c)...
2026-07-31 04:30:24,858 [INFO]   OK: PES2UG19CS276 [c]
2026-07-31 04:30:24,858 [INFO] Processing PES2UG19CS277 (.c)...
2026-07-31 04:30:28,247 [INFO]   OK: PES2UG19CS277 [c]
2026-07-31 04:30:28,247 [INFO] Processing PES2UG19CS279 (.c)...
2026-07-31 04:30:30,988 [INFO]   OK: PES2UG19CS279 [c]
2026-07-31 04:30:30,988 [INFO] Processing PES2UG19CS280 (.c)...
2026-07-31 04:30:33,460 [INFO]   OK: PES2UG19CS280 [c]
2026-07-31 04:30:33,460 [INFO] Processing PES2UG19CS280 (.c)...
2026-07-31 04:30:36,001 [INFO]   OK: PES2UG19CS280 [c]
2026-07-31 04:30:36,001 [INFO] Processing PES2UG19CS281 (.c)...
2026-07-31 04:30:38,391 [INFO]   OK: PES2UG19CS281 [c]
2026-07-31 04:30:38,391 [INFO] Processing PES2UG19CS282 (.c)...
2026-07-31 04:30:40,788 [INFO]   OK: PES2UG19CS282 [c]
2026-07-31 04:30:40,789 [INFO] Processing PES2UG19CS283 (.c)...
2026-07-31 04:30:43,141 [INFO]   OK: PES2UG19CS283 [c]
2026-07-31 04:30:43,141 [INFO] Processing PES2UG19CS284 (.c)...
2026-07-31 04:30:45,554 [INFO]   OK: PES2UG19CS284 [c]
2026-07-31 04:30:45,554 [INFO] Processing PES2UG19CS285 (.c)...
2026-07-31 04:30:47,835 [INFO]   OK: PES2UG19CS285 [c]
2026-07-31 04:30:47,835 [INFO] Processing PES2UG19CS286 (.c)...
2026-07-31 04:30:50,199 [INFO]   OK: PES2UG19CS286 [c]
2026-07-31 04:30:50,199 [INFO] Processing PES2UG19CS287 (.c)...
2026-07-31 04:30:52,552 [INFO]   OK: PES2UG19CS287 [c]
2026-07-31 04:30:52,552 [INFO] Processing PES2UG19CS289 (.c)...
2026-07-31 04:30:54,862 [INFO]   OK: PES2UG19CS289 [c]
2026-07-31 04:30:54,862 [INFO] Processing PES2UG19CS292 (.c)...
2026-07-31 04:30:57,244 [INFO]   OK: PES2UG19CS292 [c]
2026-07-31 04:30:57,244 [INFO] Processing PES2UG19CS293 (.c)...
2026-07-31 04:30:59,611 [INFO]   OK: PES2UG19CS293 [c]
2026-07-31 04:30:59,611 [INFO] Processing PES2UG19CS294 (.c)...
2026-07-31 04:31:02,190 [INFO]   OK: PES2UG19CS294 [c]
2026-07-31 04:31:02,190 [INFO] Processing PES2UG19CS295 (.c)...
2026-07-31 04:31:04,859 [INFO]   OK: PES2UG19CS295 [c]
2026-07-31 04:31:04,860 [INFO] Processing PES2UG19CS296 (.c)...
2026-07-31 04:31:07,442 [INFO]   OK: PES2UG19CS296 [c]
2026-07-31 04:31:07,442 [INFO] Processing PES2UG19CS297 (.c)...
2026-07-31 04:31:09,625 [INFO]   OK: PES2UG19CS297 [c]
2026-07-31 04:31:09,626 [INFO] Processing PES2UG19CS298 (.c)...
2026-07-31 04:31:11,991 [INFO]   OK: PES2UG19CS298 [c]
2026-07-31 04:31:11,991 [INFO] Processing PES2UG19CS299 (.c)...
2026-07-31 04:31:14,367 [INFO]   OK: PES2UG19CS299 [c]
2026-07-31 04:31:14,367 [INFO] Processing PES2UG19CS300 (.c)...
2026-07-31 04:31:16,662 [INFO]   OK: PES2UG19CS300 [c]
2026-07-31 04:31:16,662 [INFO] Processing PES2UG19CS301 (.c)...
2026-07-31 04:31:19,030 [INFO]   OK: PES2UG19CS301 [c]
2026-07-31 04:31:19,030 [INFO] Processing PES2UG19CS303 (.c)...
2026-07-31 04:31:21,391 [INFO]   OK: PES2UG19CS303 [c]
2026-07-31 04:31:21,391 [INFO] Processing PES2UG19CS305 (.c)...
2026-07-31 04:31:23,760 [INFO]   OK: PES2UG19CS305 [c]
2026-07-31 04:31:23,760 [INFO] Processing PES2UG19CS307 (.c)...
2026-07-31 04:31:26,127 [INFO]   OK: PES2UG19CS307 [c]
2026-07-31 04:31:26,127 [WARNING]   IGNORED (not a recognized source file): E_PES2UG19CS308_Week10 - Tejas Rt
2026-07-31 04:31:26,128 [INFO] Processing PES2UG19CS309 (.c)...
2026-07-31 04:31:28,471 [INFO]   OK: PES2UG19CS309 [c]
2026-07-31 04:31:28,471 [INFO] Processing PES2UG19CS310 (.c)...
2026-07-31 04:31:30,805 [INFO]   OK: PES2UG19CS310 [c]
2026-07-31 04:31:30,805 [INFO] Processing PES2UG19CS311 (.c)...
2026-07-31 04:31:33,165 [INFO]   OK: PES2UG19CS311 [c]
2026-07-31 04:31:33,165 [INFO] Processing PES2UG19CS312 (.c)...
2026-07-31 04:31:35,544 [INFO]   OK: PES2UG19CS312 [c]
2026-07-31 04:31:35,544 [INFO] Processing PES2UG19CS313 (.c)...
2026-07-31 04:31:37,877 [INFO]   OK: PES2UG19CS313 [c]
2026-07-31 04:31:37,877 [INFO] Processing PES2UG19CS314 (.c)...
2026-07-31 04:31:40,205 [INFO]   OK: PES2UG19CS314 [c]
2026-07-31 04:31:40,206 [INFO] Processing PES2UG19CS315 (.c)...
2026-07-31 04:31:42,552 [INFO]   OK: PES2UG19CS315 [c]
2026-07-31 04:31:42,552 [INFO] Processing PES2UG19CS316 (.c)...
2026-07-31 04:31:44,881 [INFO]   OK: PES2UG19CS316 [c]
2026-07-31 04:31:44,881 [INFO] Processing PES2UG19CS317 (.c)...
2026-07-31 04:31:47,323 [INFO]   OK: PES2UG19CS317 [c]
2026-07-31 04:31:47,324 [INFO] Processing PES2UG19CS318 (.c)...
2026-07-31 04:31:49,721 [INFO]   OK: PES2UG19CS318 [c]
2026-07-31 04:31:49,721 [INFO] Processing PES2UG19CS319 (.c)...
2026-07-31 04:31:52,043 [INFO]   OK: PES2UG19CS319 [c]
2026-07-31 04:31:52,043 [INFO] Processing PES2UG19CS320 (.c)...
2026-07-31 04:31:54,356 [INFO]   OK: PES2UG19CS320 [c]
2026-07-31 04:31:54,356 [INFO] Processing PES2UG19CS321 (.c)...
2026-07-31 04:31:56,704 [INFO]   OK: PES2UG19CS321 [c]
2026-07-31 04:31:56,704 [INFO] Processing PES2UG19CS322 (.c)...
2026-07-31 04:31:59,325 [INFO]   OK: PES2UG19CS322 [c]
2026-07-31 04:31:59,325 [INFO] Processing PES2UG19CS324 (.c)...
2026-07-31 04:32:01,726 [INFO]   OK: PES2UG19CS324 [c]
2026-07-31 04:32:01,726 [INFO] Processing PES2UG19CS325 (.c)...
2026-07-31 04:32:04,118 [INFO]   OK: PES2UG19CS325 [c]
2026-07-31 04:32:04,118 [INFO] Processing PES2UG19CS326 (.c)...
2026-07-31 04:32:06,491 [INFO]   OK: PES2UG19CS326 [c]
2026-07-31 04:32:06,491 [INFO] Processing PES2UG19CS327 (.c)...
2026-07-31 04:32:08,846 [INFO]   OK: PES2UG19CS327 [c]
2026-07-31 04:32:08,846 [INFO] Processing PES2UG19CS329 (.c)...
2026-07-31 04:32:11,186 [INFO]   OK: PES2UG19CS329 [c]
2026-07-31 04:32:11,187 [INFO] Processing PES2UG19CS330 (.c)...
2026-07-31 04:32:13,519 [INFO]   OK: PES2UG19CS330 [c]
2026-07-31 04:32:13,519 [INFO] Processing PES2UG19CS332 (.c)...
2026-07-31 04:32:15,947 [INFO]   OK: PES2UG19CS332 [c]
2026-07-31 04:32:15,947 [INFO] Processing PES2UG19CS333 (.c)...
2026-07-31 04:32:18,689 [INFO]   OK: PES2UG19CS333 [c]
2026-07-31 04:32:18,690 [INFO] Processing PES2UG19CS334 (.c)...
2026-07-31 04:32:21,334 [INFO]   OK: PES2UG19CS334 [c]
2026-07-31 04:32:21,334 [INFO] Processing PES2UG19CS336 (.c)...
2026-07-31 04:32:23,811 [INFO]   OK: PES2UG19CS336 [c]
2026-07-31 04:32:23,811 [INFO] Processing PES2UG19CS337 (.c)...
2026-07-31 04:32:26,135 [INFO]   OK: PES2UG19CS337 [c]
2026-07-31 04:32:26,135 [INFO] Processing PES2UG19CS338 (.c)...
2026-07-31 04:32:28,444 [INFO]   OK: PES2UG19CS338 [c]
2026-07-31 04:32:28,445 [INFO] Processing PES2UG19CS339 (.c)...
2026-07-31 04:32:30,839 [INFO]   OK: PES2UG19CS339 [c]
2026-07-31 04:32:30,839 [INFO] Processing PES2UG19CS340 (.c)...
2026-07-31 04:32:33,174 [INFO]   OK: PES2UG19CS340 [c]
2026-07-31 04:32:33,174 [INFO] Processing PES2UG19CS341 (.c)...
2026-07-31 04:32:35,574 [INFO]   OK: PES2UG19CS341 [c]
2026-07-31 04:32:35,575 [INFO] Processing PES2UG19CS342 (.c)...
2026-07-31 04:32:37,901 [INFO]   OK: PES2UG19CS342 [c]
2026-07-31 04:32:37,901 [INFO] Processing PES2UG19CS343 (.c)...
2026-07-31 04:32:40,302 [INFO]   OK: PES2UG19CS343 [c]
2026-07-31 04:32:40,303 [INFO] Processing PES2UG19CS344 (.c)...
2026-07-31 04:32:42,679 [INFO]   OK: PES2UG19CS344 [c]
2026-07-31 04:32:42,680 [INFO] Processing PES2UG19CS345 (.c)...
2026-07-31 04:32:45,085 [INFO]   OK: PES2UG19CS345 [c]
2026-07-31 04:32:45,085 [INFO] Processing PES2UG19CS346 (.c)...
2026-07-31 04:32:47,479 [INFO]   OK: PES2UG19CS346 [c]
2026-07-31 04:32:47,479 [INFO] Processing PES2UG19CS347 (.c)...
2026-07-31 04:32:49,901 [INFO]   OK: PES2UG19CS347 [c]
2026-07-31 04:32:49,902 [INFO] Processing PES2UG19CS348 (.c)...
2026-07-31 04:32:52,232 [INFO]   OK: PES2UG19CS348 [c]
2026-07-31 04:32:52,232 [INFO] Processing PES2UG19CS349 (.c)...
2026-07-31 04:32:54,707 [INFO]   OK: PES2UG19CS349 [c]
2026-07-31 04:32:54,707 [INFO] Processing PES2UG19CS352 (.c)...
2026-07-31 04:32:57,061 [INFO]   OK: PES2UG19CS352 [c]
2026-07-31 04:32:57,061 [INFO] Processing PES2UG19CS353 (.c)...
2026-07-31 04:32:59,426 [INFO]   OK: PES2UG19CS353 [c]
2026-07-31 04:32:59,426 [INFO] Processing PES2UG19CS354 (.c)...
2026-07-31 04:33:02,260 [INFO]   OK: PES2UG19CS354 [c]
2026-07-31 04:33:02,260 [INFO] Processing PES2UG19CS356 (.c)...
2026-07-31 04:33:04,879 [INFO]   OK: PES2UG19CS356 [c]
2026-07-31 04:33:04,879 [INFO] Processing PES2UG19CS357 (.c)...
2026-07-31 04:33:07,209 [INFO]   OK: PES2UG19CS357 [c]
2026-07-31 04:33:07,209 [INFO] Processing PES2UG19CS358 (.c)...
2026-07-31 04:33:09,620 [INFO]   OK: PES2UG19CS358 [c]
2026-07-31 04:33:09,620 [INFO] Processing PES2UG19CS359 (.c)...
2026-07-31 04:33:12,040 [INFO]   OK: PES2UG19CS359 [c]
2026-07-31 04:33:12,040 [INFO] Processing PES2UG19CS360 (.c)...
2026-07-31 04:33:14,404 [INFO]   OK: PES2UG19CS360 [c]
2026-07-31 04:33:14,405 [INFO] Processing PES2UG19CS361 (.c)...
2026-07-31 04:33:16,741 [INFO]   OK: PES2UG19CS361 [c]
2026-07-31 04:33:16,742 [INFO] Processing PES2UG19CS363 (.c)...
2026-07-31 04:35:22,856 [INFO]   OK: PES2UG19CS363 [c]
2026-07-31 04:35:22,856 [INFO] Processing PES2UG19CS364 (.c)...
2026-07-31 04:33:21,485 [INFO]   OK: PES2UG19CS364 [c]
2026-07-31 04:33:21,485 [INFO] Processing PES2UG19CS365 (.c)...
2026-07-31 04:33:23,795 [INFO]   OK: PES2UG19CS365 [c]
2026-07-31 04:33:23,795 [INFO] Processing PES2UG19CS366 (.c)...
2026-07-31 04:33:26,112 [INFO]   OK: PES2UG19CS366 [c]
2026-07-31 04:33:26,112 [INFO] Processing PES2UG19CS368 (.c)...
2026-07-31 04:33:28,450 [INFO]   OK: PES2UG19CS368 [c]
2026-07-31 04:33:28,450 [INFO] Processing PES2UG19CS369 (.c)...
2026-07-31 04:33:30,886 [INFO]   OK: PES2UG19CS369 [c]
2026-07-31 04:33:30,886 [INFO] Processing PES2UG19CS370 (.c)...
2026-07-31 04:33:33,251 [INFO]   OK: PES2UG19CS370 [c]
2026-07-31 04:33:33,251 [INFO] Processing PES2UG19CS371 (.c)...
2026-07-31 04:33:35,638 [INFO]   OK: PES2UG19CS371 [c]
2026-07-31 04:33:35,639 [INFO] Processing PES2UG19CS372 (.c)...
2026-07-31 04:33:37,955 [INFO]   OK: PES2UG19CS372 [c]
2026-07-31 04:33:37,955 [INFO] Processing PES2UG19CS373 (.c)...
2026-07-31 04:33:40,334 [INFO]   OK: PES2UG19CS373 [c]
2026-07-31 04:33:40,335 [INFO] Processing PES2UG19CS374 (.c)...
2026-07-31 04:33:42,697 [INFO]   OK: PES2UG19CS374 [c]
2026-07-31 04:33:42,697 [INFO] Processing PES2UG19CS375 (.c)...
2026-07-31 04:33:45,073 [INFO]   OK: PES2UG19CS375 [c]
2026-07-31 04:33:45,073 [INFO] Processing PES2UG19CS378 (.c)...
2026-07-31 04:33:47,330 [INFO]   OK: PES2UG19CS378 [c]
2026-07-31 04:33:47,330 [INFO] Processing PES2UG19CS379 (.c)...
2026-07-31 04:33:49,641 [INFO]   OK: PES2UG19CS379 [c]
2026-07-31 04:33:49,641 [INFO] Processing PES2UG19CS380 (.c)...
2026-07-31 04:33:52,001 [INFO]   OK: PES2UG19CS380 [c]
2026-07-31 04:33:52,001 [INFO] Processing PES2UG19CS381 (.c)...
2026-07-31 04:33:54,390 [INFO]   OK: PES2UG19CS381 [c]
2026-07-31 04:33:54,390 [INFO] Processing PES2UG19CS382 (.c)...
2026-07-31 04:33:56,765 [INFO]   OK: PES2UG19CS382 [c]
2026-07-31 04:33:56,766 [INFO] Processing PES2UG19CS383 (.c)...
2026-07-31 04:36:02,904 [INFO]   OK: PES2UG19CS383 [c]
2026-07-31 04:36:02,904 [INFO] Processing PES2UG19CS384 (.c)...
2026-07-31 04:34:01,527 [INFO]   OK: PES2UG19CS384 [c]
2026-07-31 04:34:01,527 [INFO] Processing PES2UG19CS385 (.c)...
2026-07-31 04:34:03,869 [INFO]   OK: PES2UG19CS385 [c]
2026-07-31 04:34:03,869 [INFO] Processing PES2UG19CS387 (.c)...
2026-07-31 04:34:06,222 [INFO]   OK: PES2UG19CS387 [c]
2026-07-31 04:34:06,222 [INFO] Processing PES2UG19CS389 (.c)...
2026-07-31 04:34:08,565 [INFO]   OK: PES2UG19CS389 [c]
2026-07-31 04:34:08,566 [INFO] Processing PES2UG19CS390 (.c)...
2026-07-31 04:34:10,939 [INFO]   OK: PES2UG19CS390 [c]
2026-07-31 04:34:10,939 [INFO] Processing PES2UG19CS391 (.c)...
2026-07-31 04:34:13,254 [INFO]   OK: PES2UG19CS391 [c]
2026-07-31 04:34:13,255 [INFO] Processing PES2UG19CS392 (.c)...
2026-07-31 04:34:15,647 [INFO]   OK: PES2UG19CS392 [c]
2026-07-31 04:34:15,647 [INFO] Processing PES2UG19CS393 (.c)...
2026-07-31 04:34:18,013 [INFO]   OK: PES2UG19CS393 [c]
2026-07-31 04:34:18,013 [INFO] Processing PES2UG19CS393 (.c)...
2026-07-31 04:34:20,413 [INFO]   OK: PES2UG19CS393 [c]
2026-07-31 04:34:20,413 [INFO] Processing PES2UG19CS395 (.c)...
2026-07-31 04:34:22,733 [INFO]   OK: PES2UG19CS395 [c]
2026-07-31 04:34:22,733 [INFO] Processing PES2UG19CS396 (.c)...
2026-07-31 04:34:25,132 [INFO]   OK: PES2UG19CS396 [c]
2026-07-31 04:34:25,132 [INFO] Processing PES2UG19CS397 (.c)...
2026-07-31 04:34:27,473 [INFO]   OK: PES2UG19CS397 [c]
2026-07-31 04:34:27,473 [INFO] Processing PES2UG19CS398 (.c)...
2026-07-31 04:34:30,109 [INFO]   OK: PES2UG19CS398 [c]
2026-07-31 04:34:30,109 [INFO] Processing PES2UG19CS399 (.c)...
2026-07-31 04:34:33,734 [INFO]   OK: PES2UG19CS399 [c]
2026-07-31 04:34:33,735 [WARNING]   IGNORED (not a recognized source file): F_PES2UG19CS400_Week10 - Soumya Sajjan.txt
2026-07-31 04:34:33,735 [INFO] Processing PES2UG19CS402 (.c)...
2026-07-31 04:34:36,736 [INFO]   OK: PES2UG19CS402 [c]
2026-07-31 04:34:36,736 [INFO] Processing PES2UG19CS470 (.c)...
2026-07-31 04:36:42,946 [INFO]   OK: PES2UG19CS470 [c]
2026-07-31 04:36:42,946 [WARNING]   IGNORED (not a recognized source file): G-PES2UG19CS440_WEEK 10 - Akshith Sai.zip
2026-07-31 04:36:42,946 [INFO] Processing G_PES2201800143_Week10__Kurnool_Anirudh (.c)...
2026-07-31 04:34:41,658 [INFO]   OK: G_PES2201800143_Week10__Kurnool_Anirudh [c]
2026-07-31 04:34:41,658 [INFO] Processing G_PES2UG19C445_WEEK10__karthik_vajja (.c)...
2026-07-31 04:34:44,030 [INFO]   OK: G_PES2UG19C445_WEEK10__karthik_vajja [c]
2026-07-31 04:34:44,031 [INFO] Processing G_PES2UG19C451_week10__NERDY_WEBHEAD (.c)...
2026-07-31 04:34:46,355 [INFO]   OK: G_PES2UG19C451_week10__NERDY_WEBHEAD [c]
2026-07-31 04:34:46,355 [INFO] Processing PES2UG19CS403 (.c)...
2026-07-31 04:34:48,789 [INFO]   OK: PES2UG19CS403 [c]
2026-07-31 04:34:48,789 [INFO] Processing PES2UG19CS404 (.c)...
2026-07-31 04:34:51,119 [INFO]   OK: PES2UG19CS404 [c]
2026-07-31 04:34:51,119 [INFO] Processing PES2UG19CS405 (.c)...
2026-07-31 04:34:53,418 [INFO]   OK: PES2UG19CS405 [c]
2026-07-31 04:34:53,418 [INFO] Processing PES2UG19CS406 (.c)...
2026-07-31 04:34:55,690 [INFO]   OK: PES2UG19CS406 [c]
2026-07-31 04:34:55,690 [INFO] Processing PES2UG19CS407 (.c)...
2026-07-31 04:34:58,038 [INFO]   OK: PES2UG19CS407 [c]
2026-07-31 04:34:58,039 [INFO] Processing PES2UG19CS408 (.c)...
2026-07-31 04:35:00,425 [INFO]   OK: PES2UG19CS408 [c]
2026-07-31 04:35:00,425 [INFO] Processing PES2UG19CS410 (.c)...
2026-07-31 04:35:02,832 [INFO]   OK: PES2UG19CS410 [c]
2026-07-31 04:35:02,832 [INFO] Processing PES2UG19CS411 (.c)...
2026-07-31 04:35:05,194 [INFO]   OK: PES2UG19CS411 [c]
2026-07-31 04:35:05,194 [INFO] Processing PES2UG19CS412 (.c)...
2026-07-31 04:35:07,521 [INFO]   OK: PES2UG19CS412 [c]
2026-07-31 04:35:07,522 [INFO] Processing PES2UG19CS413 (.c)...
2026-07-31 04:35:09,860 [INFO]   OK: PES2UG19CS413 [c]
2026-07-31 04:35:09,860 [INFO] Processing PES2UG19CS416 (.c)...
2026-07-31 04:35:12,524 [INFO]   OK: PES2UG19CS416 [c]
2026-07-31 04:35:12,524 [INFO] Processing PES2UG19CS417 (.c)...
2026-07-31 04:35:15,941 [INFO]   OK: PES2UG19CS417 [c]
2026-07-31 04:35:15,941 [INFO] Processing PES2UG19CS418 (.c)...
2026-07-31 04:35:19,129 [INFO]   OK: PES2UG19CS418 [c]
2026-07-31 04:35:19,130 [INFO] Processing PES2UG19CS419 (.c)...
2026-07-31 04:35:21,622 [INFO]   OK: PES2UG19CS419 [c]
2026-07-31 04:35:21,622 [INFO] Processing PES2UG19CS420 (.c)...
2026-07-31 04:35:23,958 [INFO]   OK: PES2UG19CS420 [c]
2026-07-31 04:35:23,959 [INFO] Processing PES2UG19CS421 (.c)...
2026-07-31 04:35:26,481 [INFO]   OK: PES2UG19CS421 [c]
2026-07-31 04:35:26,481 [INFO] Processing PES2UG19CS421 (.c)...
2026-07-31 04:35:28,859 [INFO]   OK: PES2UG19CS421 [c]
2026-07-31 04:35:28,859 [INFO] Processing PES2UG19CS422 (.c)...
2026-07-31 04:35:31,246 [INFO]   OK: PES2UG19CS422 [c]
2026-07-31 04:35:31,246 [INFO] Processing PES2UG19CS423 (.c)...
2026-07-31 04:35:33,721 [INFO]   OK: PES2UG19CS423 [c]
2026-07-31 04:35:33,721 [INFO] Processing PES2UG19CS424 (.C)...
2026-07-31 04:35:35,491 [INFO]   OK: PES2UG19CS424 [c]
2026-07-31 04:35:35,492 [INFO] Processing PES2UG19CS425 (.c)...
2026-07-31 04:35:37,883 [INFO]   OK: PES2UG19CS425 [c]
2026-07-31 04:35:37,883 [INFO] Processing PES2UG19CS427 (.c)...
2026-07-31 04:35:40,742 [INFO]   OK: PES2UG19CS427 [c]
2026-07-31 04:35:40,742 [INFO] Processing PES2UG19CS428 (.c)...
2026-07-31 04:35:43,255 [INFO]   OK: PES2UG19CS428 [c]
2026-07-31 04:35:43,255 [INFO] Processing PES2UG19CS429 (.c)...
2026-07-31 04:35:45,805 [INFO]   OK: PES2UG19CS429 [c]
2026-07-31 04:35:45,805 [INFO] Processing PES2UG19CS430 (.c)...
2026-07-31 04:35:48,351 [INFO]   OK: PES2UG19CS430 [c]
2026-07-31 04:35:48,352 [INFO] Processing PES2UG19CS430 (.c)...
2026-07-31 04:35:50,929 [INFO]   OK: PES2UG19CS430 [c]
2026-07-31 04:35:50,930 [INFO] Processing PES2UG19CS432 (.c)...
2026-07-31 04:35:53,403 [INFO]   OK: PES2UG19CS432 [c]
2026-07-31 04:35:53,403 [INFO] Processing PES2UG19CS433 (.c)...
2026-07-31 04:35:55,818 [INFO]   OK: PES2UG19CS433 [c]
2026-07-31 04:35:55,818 [INFO] Processing PES2UG19CS434 (.c)...
2026-07-31 04:35:58,469 [INFO]   OK: PES2UG19CS434 [c]
2026-07-31 04:35:58,469 [INFO] Processing PES2UG19CS436 (.c)...
2026-07-31 04:36:01,003 [INFO]   OK: PES2UG19CS436 [c]
2026-07-31 04:36:01,004 [INFO] Processing PES2UG19CS437 (.c)...
2026-07-31 04:36:03,586 [INFO]   OK: PES2UG19CS437 [c]
2026-07-31 04:36:03,586 [INFO] Processing PES2UG19CS437 (.c)...
2026-07-31 04:36:06,029 [INFO]   OK: PES2UG19CS437 [c]
2026-07-31 04:36:06,030 [INFO] Processing PES2UG19CS438 (.c)...
2026-07-31 04:36:08,560 [INFO]   OK: PES2UG19CS438 [c]
2026-07-31 04:36:08,560 [INFO] Processing PES2UG19CS439 (.c)...
2026-07-31 04:36:11,393 [INFO]   OK: PES2UG19CS439 [c]
2026-07-31 04:36:11,393 [INFO] Processing PES2UG19CS441 (.C)...
2026-07-31 04:36:13,616 [INFO]   OK: PES2UG19CS441 [c]
2026-07-31 04:36:13,616 [INFO] Processing PES2UG19CS442 (.c)...
2026-07-31 04:36:16,166 [INFO]   OK: PES2UG19CS442 [c]
2026-07-31 04:36:16,166 [INFO] Processing PES2UG19CS444 (.c)...
2026-07-31 04:36:18,574 [INFO]   OK: PES2UG19CS444 [c]
2026-07-31 04:36:18,575 [INFO] Processing PES2UG19CS448 (.c)...
2026-07-31 04:36:21,136 [INFO]   OK: PES2UG19CS448 [c]
2026-07-31 04:36:21,137 [INFO] Processing PES2UG19CS449 (.c)...
2026-07-31 04:36:23,773 [INFO]   OK: PES2UG19CS449 [c]
2026-07-31 04:36:23,773 [INFO] Processing PES2UG19CS450 (.c)...
2026-07-31 04:36:26,439 [INFO]   OK: PES2UG19CS450 [c]
2026-07-31 04:36:26,440 [INFO] Processing PES2UG19CS453 (.c)...
2026-07-31 04:36:28,892 [INFO]   OK: PES2UG19CS453 [c]
2026-07-31 04:36:28,892 [INFO] Processing PES2UG19CS453 (.c)...
2026-07-31 04:36:31,543 [INFO]   OK: PES2UG19CS453 [c]
2026-07-31 04:36:31,543 [INFO] Processing PES2UG19CS454 (.c)...
2026-07-31 04:36:34,066 [INFO]   OK: PES2UG19CS454 [c]
2026-07-31 04:36:34,066 [INFO] Processing PES2UG19CS455 (.c)...
2026-07-31 04:36:36,571 [INFO]   OK: PES2UG19CS455 [c]
2026-07-31 04:36:36,572 [INFO] Processing PES2UG19CS456 (.c)...
2026-07-31 04:36:39,060 [INFO]   OK: PES2UG19CS456 [c]
2026-07-31 04:36:39,060 [INFO] Processing PES2UG19CS457 (.c)...
2026-07-31 04:36:41,417 [INFO]   OK: PES2UG19CS457 [c]
2026-07-31 04:36:41,417 [INFO] Processing PES2UG19CS458 (.c)...
2026-07-31 04:36:43,771 [INFO]   OK: PES2UG19CS458 [c]
2026-07-31 04:36:43,771 [INFO] Processing PES2UG19CS459 (.c)...
2026-07-31 04:36:46,135 [INFO]   OK: PES2UG19CS459 [c]
2026-07-31 04:36:46,135 [INFO] Processing PES2UG19CS460 (.c)...
2026-07-31 04:36:48,612 [INFO]   OK: PES2UG19CS460 [c]
2026-07-31 04:36:48,612 [INFO] Processing PES2UG19CS461 (.c)...
2026-07-31 04:36:51,378 [INFO]   OK: PES2UG19CS461 [c]
2026-07-31 04:36:51,378 [INFO] Processing PES2UG19CS462 (.c)...
2026-07-31 04:36:54,308 [INFO]   OK: PES2UG19CS462 [c]
2026-07-31 04:36:54,309 [INFO] Processing PES2UG19CS463 (.c)...
2026-07-31 04:36:57,013 [INFO]   OK: PES2UG19CS463 [c]
2026-07-31 04:36:57,013 [INFO] Processing PES2UG19CS464 (.c)...
2026-07-31 04:39:03,343 [INFO]   OK: PES2UG19CS464 [c]
2026-07-31 04:39:03,344 [INFO] Processing PES2UG19CS465 (.C)...
2026-07-31 04:37:01,549 [INFO]   OK: PES2UG19CS465 [c]
2026-07-31 04:37:01,549 [INFO] Processing PES2UG19CS467 (.c)...
2026-07-31 04:37:04,361 [INFO]   OK: PES2UG19CS467 [c]
2026-07-31 04:37:04,362 [INFO] Processing PES2UG19CS901 (.c)...
2026-07-31 04:37:06,831 [INFO]   OK: PES2UG19CS901 [c]
2026-07-31 04:37:06,831 [INFO] Processing PES2UG19CS902 (.c)...
2026-07-31 04:37:09,365 [INFO]   OK: PES2UG19CS902 [c]
2026-07-31 04:37:09,366 [INFO] Processing PES2UG19CS903 (.c)...
2026-07-31 04:37:12,205 [INFO]   OK: PES2UG19CS903 [c]
2026-07-31 04:37:12,205 [INFO] Processing PES2UG19CS904 (.c)...
2026-07-31 04:37:14,755 [INFO]   OK: PES2UG19CS904 [c]
2026-07-31 04:37:14,755 [INFO] Processing PES2UG19CS905 (.c)...
2026-07-31 04:37:17,327 [INFO]   OK: PES2UG19CS905 [c]
2026-07-31 04:37:17,327 [INFO] Processing PES2UG19CS906 (.c)...
2026-07-31 04:37:19,833 [INFO]   OK: PES2UG19CS906 [c]
2026-07-31 04:37:19,833 [INFO] Processing PES2UG19CS908 (.c)...
2026-07-31 04:37:22,241 [INFO]   OK: PES2UG19CS908 [c]
2026-07-31 04:37:22,241 [INFO] Processing PES2UG19CS910 (.c)...
2026-07-31 04:37:24,838 [INFO]   OK: PES2UG19CS910 [c]
2026-07-31 04:37:24,838 [INFO] Processing tbt (.h)...
2026-07-31 04:37:27,321 [INFO]   OK: tbt [c]
2026-07-31 04:37:27,321 [INFO] Processing week10__HariRam_Rajgopal (.c)...
2026-07-31 04:37:29,709 [INFO]   OK: week10__HariRam_Rajgopal [c]
2026-07-31 04:37:29,711 [INFO] Done. 408 succeeded, 0 failed, 7 non-source files ignored.
2026-07-31 04:37:32,405 [INFO] Found 425 files in /mnt/c/Users/admin/Downloads/lab_ec/lab_ec/week11/A
2026-07-31 04:37:32,405 [INFO] Processing PES2UG19CS001 (.c)...
2026-07-31 04:37:36,760 [INFO]   OK: PES2UG19CS001 [c]
2026-07-31 04:37:36,760 [INFO] Processing PES2UG19CS002 (.c)...
2026-07-31 04:37:40,003 [INFO]   OK: PES2UG19CS002 [c]
2026-07-31 04:37:40,003 [INFO] Processing PES2UG19CS003 (.c)...
2026-07-31 04:37:42,838 [INFO]   OK: PES2UG19CS003 [c]
2026-07-31 04:37:42,838 [INFO] Processing PES2UG19CS004 (.c)...
2026-07-31 04:37:45,383 [INFO]   OK: PES2UG19CS004 [c]
2026-07-31 04:37:45,383 [INFO] Processing PES2UG19CS005 (.c)...
2026-07-31 04:37:48,519 [INFO]   OK: PES2UG19CS005 [c]
2026-07-31 04:37:48,519 [INFO] Processing PES2UG19CS007 (.c)...
2026-07-31 04:37:51,617 [INFO]   OK: PES2UG19CS007 [c]
2026-07-31 04:37:51,617 [INFO] Processing PES2UG19CS008 (.c)...
2026-07-31 04:37:55,094 [INFO]   OK: PES2UG19CS008 [c]
2026-07-31 04:37:55,095 [INFO] Processing PES2UG19CS009 (.c)...
2026-07-31 04:37:58,092 [INFO]   OK: PES2UG19CS009 [c]
2026-07-31 04:37:58,092 [INFO] Processing PES2UG19CS010 (.c)...
2026-07-31 04:38:01,230 [INFO]   OK: PES2UG19CS010 [c]
2026-07-31 04:38:01,230 [INFO] Processing PES2UG19CS011 (.c)...
2026-07-31 04:38:06,376 [INFO]   OK: PES2UG19CS011 [c]
2026-07-31 04:38:06,377 [INFO] Processing PES2UG19CS012 (.c)...
2026-07-31 04:38:09,485 [INFO]   OK: PES2UG19CS012 [c]
2026-07-31 04:38:09,485 [INFO] Processing PES2UG19CS013 (.c)...
2026-07-31 04:38:12,792 [INFO]   OK: PES2UG19CS013 [c]
2026-07-31 04:38:12,792 [INFO] Processing PES2UG19CS014 (.c)...
2026-07-31 04:38:15,780 [INFO]   OK: PES2UG19CS014 [c]
2026-07-31 04:38:15,781 [INFO] Processing PES2UG19CS015 (.c)...
2026-07-31 04:38:18,876 [INFO]   OK: PES2UG19CS015 [c]
2026-07-31 04:38:18,876 [INFO] Processing PES2UG19CS016 (.c)...
2026-07-31 04:38:22,022 [INFO]   OK: PES2UG19CS016 [c]
2026-07-31 04:38:22,023 [INFO] Processing PES2UG19CS017 (.c)...
2026-07-31 04:38:25,069 [INFO]   OK: PES2UG19CS017 [c]
2026-07-31 04:38:25,069 [INFO] Processing PES2UG19CS018 (.c)...
2026-07-31 04:38:29,341 [INFO]   OK: PES2UG19CS018 [c]
2026-07-31 04:38:29,342 [INFO] Processing PES2UG19CS019 (.c)...
2026-07-31 04:38:32,519 [INFO]   OK: PES2UG19CS019 [c]
2026-07-31 04:38:32,519 [INFO] Processing PES2UG19CS020 (.c)...
2026-07-31 04:38:35,664 [INFO]   OK: PES2UG19CS020 [c]
2026-07-31 04:38:35,664 [INFO] Processing PES2UG19CS022 (.c)...
2026-07-31 04:38:38,729 [INFO]   OK: PES2UG19CS022 [c]
2026-07-31 04:38:38,729 [INFO] Processing PES2UG19CS023 (.c)...
2026-07-31 04:38:42,070 [INFO]   OK: PES2UG19CS023 [c]
2026-07-31 04:38:42,070 [INFO] Processing PES2UG19CS024 (.c)...
2026-07-31 04:38:45,369 [INFO]   OK: PES2UG19CS024 [c]
2026-07-31 04:38:45,369 [INFO] Processing PES2UG19CS025 (.c)...
2026-07-31 04:38:48,596 [INFO]   OK: PES2UG19CS025 [c]
2026-07-31 04:38:48,596 [INFO] Processing PES2UG19CS027 (.c)...
2026-07-31 04:38:51,698 [INFO]   OK: PES2UG19CS027 [c]
2026-07-31 04:38:51,698 [INFO] Processing PES2UG19CS029 (.c)...
2026-07-31 04:38:54,867 [INFO]   OK: PES2UG19CS029 [c]
2026-07-31 04:38:54,867 [INFO] Processing PES2UG19CS030 (.c)...
2026-07-31 04:38:58,022 [INFO]   OK: PES2UG19CS030 [c]
2026-07-31 04:38:58,022 [INFO] Processing PES2UG19CS031 (.c)...
2026-07-31 04:39:01,102 [INFO]   OK: PES2UG19CS031 [c]
2026-07-31 04:39:01,102 [INFO] Processing PES2UG19CS032 (.c)...
2026-07-31 04:39:04,228 [INFO]   OK: PES2UG19CS032 [c]
2026-07-31 04:39:04,228 [INFO] Processing PES2UG19CS033 (.c)...
2026-07-31 04:39:07,368 [INFO]   OK: PES2UG19CS033 [c]
2026-07-31 04:39:07,368 [INFO] Processing PES2UG19CS034 (.c)...
2026-07-31 04:39:10,881 [INFO]   OK: PES2UG19CS034 [c]
2026-07-31 04:39:10,881 [INFO] Processing PES2UG19CS035 (.c)...
2026-07-31 04:39:13,655 [INFO]   OK: PES2UG19CS035 [c]
2026-07-31 04:39:13,656 [INFO] Processing PES2UG19CS036 (.c)...
2026-07-31 04:39:16,198 [INFO]   OK: PES2UG19CS036 [c]
2026-07-31 04:39:16,198 [INFO] Processing PES2UG19CS037 (.c)...
2026-07-31 04:39:18,790 [INFO]   OK: PES2UG19CS037 [c]
2026-07-31 04:39:18,790 [INFO] Processing PES2UG19CS038 (.c)...
2026-07-31 04:39:21,309 [INFO]   OK: PES2UG19CS038 [c]
2026-07-31 04:39:21,309 [INFO] Processing PES2UG19CS038 (.c)...
2026-07-31 04:39:23,760 [INFO]   OK: PES2UG19CS038 [c]
2026-07-31 04:39:23,761 [INFO] Processing PES2UG19CS039 (.c)...
2026-07-31 04:39:26,299 [INFO]   OK: PES2UG19CS039 [c]
2026-07-31 04:39:26,299 [INFO] Processing PES2UG19CS041 (.c)...
2026-07-31 04:39:28,846 [INFO]   OK: PES2UG19CS041 [c]
2026-07-31 04:39:28,847 [INFO] Processing PES2UG19CS042 (.c)...
2026-07-31 04:39:31,393 [INFO]   OK: PES2UG19CS042 [c]
2026-07-31 04:39:31,393 [INFO] Processing PES2UG19CS043 (.c)...
2026-07-31 04:39:33,866 [INFO]   OK: PES2UG19CS043 [c]
2026-07-31 04:39:33,866 [INFO] Processing PES2UG19CS044 (.c)...
2026-07-31 04:39:36,333 [INFO]   OK: PES2UG19CS044 [c]
2026-07-31 04:39:36,333 [INFO] Processing PES2UG19CS045 (.c)...
2026-07-31 04:39:38,806 [INFO]   OK: PES2UG19CS045 [c]
2026-07-31 04:39:38,806 [INFO] Processing PES2UG19CS046 (.c)...
2026-07-31 04:39:41,220 [INFO]   OK: PES2UG19CS046 [c]
2026-07-31 04:39:41,220 [INFO] Processing PES2UG19CS047 (.c)...
2026-07-31 04:39:43,705 [INFO]   OK: PES2UG19CS047 [c]
2026-07-31 04:39:43,705 [INFO] Processing PES2UG19CS048 (.c)...
2026-07-31 04:39:46,100 [INFO]   OK: PES2UG19CS048 [c]
2026-07-31 04:39:46,100 [INFO] Processing PES2UG19CS049 (.c)...
2026-07-31 04:39:48,563 [INFO]   OK: PES2UG19CS049 [c]
2026-07-31 04:39:48,563 [INFO] Processing PES2UG19CS050 (.c)...
2026-07-31 04:39:51,142 [INFO]   OK: PES2UG19CS050 [c]
2026-07-31 04:39:51,142 [INFO] Processing PES2UG19CS051 (.c)...
2026-07-31 04:39:53,700 [INFO]   OK: PES2UG19CS051 [c]
2026-07-31 04:39:53,700 [INFO] Processing PES2UG19CS052 (.c)...
2026-07-31 04:39:56,080 [INFO]   OK: PES2UG19CS052 [c]
2026-07-31 04:39:56,080 [INFO] Processing PES2UG19CS053 (.c)...
2026-07-31 04:39:58,526 [INFO]   OK: PES2UG19CS053 [c]
2026-07-31 04:39:58,526 [INFO] Processing PES2UG19CS054 (.c)...
2026-07-31 04:40:00,991 [INFO]   OK: PES2UG19CS054 [c]
2026-07-31 04:40:00,991 [INFO] Processing PES2UG19CS055 (.c)...
2026-07-31 04:40:03,445 [INFO]   OK: PES2UG19CS055 [c]
2026-07-31 04:40:03,445 [INFO] Processing PES2UG19CS056 (.c)...
2026-07-31 04:40:05,896 [INFO]   OK: PES2UG19CS056 [c]
2026-07-31 04:40:05,897 [INFO] Processing PES2UG19CS057 (.c)...
2026-07-31 04:40:08,548 [INFO]   OK: PES2UG19CS057 [c]
2026-07-31 04:40:08,548 [INFO] Processing PES2UG19CS057 (.c)...
2026-07-31 04:40:10,981 [INFO]   OK: PES2UG19CS057 [c]
2026-07-31 04:40:10,981 [INFO] Processing PES2UG19CS058 (.c)...
2026-07-31 04:40:13,447 [INFO]   OK: PES2UG19CS058 [c]
2026-07-31 04:40:13,447 [INFO] Processing PES2UG19CS059 (.c)...
2026-07-31 04:40:15,985 [INFO]   OK: PES2UG19CS059 [c]
2026-07-31 04:40:15,985 [INFO] Processing PES2UG19CS060 (.c)...
2026-07-31 04:40:18,524 [INFO]   OK: PES2UG19CS060 [c]
2026-07-31 04:40:18,524 [INFO] Processing PES2UG19CS061 (.c)...
2026-07-31 04:40:20,885 [INFO]   OK: PES2UG19CS061 [c]
2026-07-31 04:40:20,886 [INFO] Processing PES2UG19CS062 (.c)...
2026-07-31 04:40:23,226 [INFO]   OK: PES2UG19CS062 [c]
2026-07-31 04:40:23,226 [INFO] Processing PES2UG19CS063 (.c)...
2026-07-31 04:40:25,575 [INFO]   OK: PES2UG19CS063 [c]
2026-07-31 04:40:25,575 [INFO] Processing PES2UG19CS064 (.c)...
2026-07-31 04:40:27,919 [INFO]   OK: PES2UG19CS064 [c]
2026-07-31 04:40:27,919 [INFO] Processing PES2UG19CS064 (.c)...
2026-07-31 04:40:30,314 [INFO]   OK: PES2UG19CS064 [c]
2026-07-31 04:40:30,314 [INFO] Processing PES2UG19CS065 (.c)...
2026-07-31 04:40:32,646 [INFO]   OK: PES2UG19CS065 [c]
2026-07-31 04:40:32,646 [INFO] Processing PES2UG19CS066 (.c)...
2026-07-31 04:40:35,012 [INFO]   OK: PES2UG19CS066 [c]
2026-07-31 04:40:35,012 [INFO] Processing PES2UG19CS328 (.c)...
2026-07-31 04:40:37,414 [INFO]   OK: PES2UG19CS328 [c]
2026-07-31 04:40:37,415 [INFO] Processing bfs (.h)...
2026-07-31 04:40:39,537 [INFO]   OK: bfs [c]
2026-07-31 04:40:39,537 [INFO] Processing PES2UG19CS067 (.c)...
2026-07-31 04:40:41,870 [INFO]   OK: PES2UG19CS067 [c]
2026-07-31 04:40:41,870 [INFO] Processing PES2UG19CS068 (.c)...
2026-07-31 04:40:44,419 [INFO]   OK: PES2UG19CS068 [c]
2026-07-31 04:40:44,419 [INFO] Processing PES2UG19CS069 (.c)...
2026-07-31 04:40:46,900 [INFO]   OK: PES2UG19CS069 [c]
2026-07-31 04:40:46,900 [INFO] Processing PES2UG19CS071 (.c)...
2026-07-31 04:40:49,451 [INFO]   OK: PES2UG19CS071 [c]
2026-07-31 04:40:49,451 [INFO] Processing PES2UG19CS073 (.c)...
2026-07-31 04:40:51,758 [INFO]   OK: PES2UG19CS073 [c]
2026-07-31 04:40:51,759 [INFO] Processing PES2UG19CS074 (.c)...
2026-07-31 04:40:54,087 [INFO]   OK: PES2UG19CS074 [c]
2026-07-31 04:40:54,088 [INFO] Processing PES2UG19CS075 (.c)...
2026-07-31 04:40:56,572 [INFO]   OK: PES2UG19CS075 [c]
2026-07-31 04:40:56,572 [INFO] Processing PES2UG19CS076 (.c)...
2026-07-31 04:40:59,050 [INFO]   OK: PES2UG19CS076 [c]
2026-07-31 04:40:59,051 [INFO] Processing PES2UG19CS077 (.c)...
2026-07-31 04:41:01,538 [INFO]   OK: PES2UG19CS077 [c]
2026-07-31 04:41:01,538 [INFO] Processing PES2UG19CS078 (.c)...
2026-07-31 04:41:04,512 [INFO]   OK: PES2UG19CS078 [c]
2026-07-31 04:41:04,512 [INFO] Processing PES2UG19CS079 (.c)...
2026-07-31 04:41:07,013 [INFO]   OK: PES2UG19CS079 [c]
2026-07-31 04:41:07,013 [INFO] Processing PES2UG19CS082 (.C)...
2026-07-31 04:41:08,924 [INFO]   OK: PES2UG19CS082 [c]
2026-07-31 04:41:08,925 [INFO] Processing PES2UG19CS082 (.C)...
2026-07-31 04:41:10,862 [INFO]   OK: PES2UG19CS082 [c]
2026-07-31 04:41:10,862 [INFO] Processing PES2UG19CS083 (.c)...
2026-07-31 04:41:13,451 [INFO]   OK: PES2UG19CS083 [c]
2026-07-31 04:41:13,451 [INFO] Processing PES2UG19CS084 (.c)...
2026-07-31 04:41:15,993 [INFO]   OK: PES2UG19CS084 [c]
2026-07-31 04:41:15,994 [INFO] Processing PES2UG19CS086 (.c)...
2026-07-31 04:41:18,394 [INFO]   OK: PES2UG19CS086 [c]
2026-07-31 04:41:18,394 [INFO] Processing PES2UG19CS087 (.c)...
2026-07-31 04:41:20,941 [INFO]   OK: PES2UG19CS087 [c]
2026-07-31 04:41:20,941 [INFO] Processing PES2UG19CS088 (.c)...
2026-07-31 04:41:23,870 [INFO]   OK: PES2UG19CS088 [c]
2026-07-31 04:41:23,870 [INFO] Processing PES2UG19CS088 (.c)...
2026-07-31 04:41:26,704 [INFO]   OK: PES2UG19CS088 [c]
2026-07-31 04:41:26,704 [INFO] Processing PES2UG19CS089 (.c)...
2026-07-31 04:41:29,121 [INFO]   OK: PES2UG19CS089 [c]
2026-07-31 04:41:29,121 [INFO] Processing PES2UG19CS089 (.c)...
2026-07-31 04:41:31,968 [INFO]   OK: PES2UG19CS089 [c]
2026-07-31 04:41:31,968 [INFO] Processing PES2UG19CS091 (.c)...
2026-07-31 04:41:34,731 [INFO]   OK: PES2UG19CS091 [c]
2026-07-31 04:41:34,731 [INFO] Processing PES2UG19CS092 (.c)...
2026-07-31 04:41:37,280 [INFO]   OK: PES2UG19CS092 [c]
2026-07-31 04:41:37,280 [INFO] Processing PES2UG19CS093 (.c)...
2026-07-31 04:41:40,299 [INFO]   OK: PES2UG19CS093 [c]
2026-07-31 04:41:40,299 [INFO] Processing PES2UG19CS095 (.c)...
2026-07-31 04:41:43,263 [INFO]   OK: PES2UG19CS095 [c]
2026-07-31 04:41:43,263 [INFO] Processing PES2UG19CS096 (.c)...
2026-07-31 04:41:45,917 [INFO]   OK: PES2UG19CS096 [c]
2026-07-31 04:41:45,917 [INFO] Processing PES2UG19CS097 (.c)...
2026-07-31 04:41:48,756 [INFO]   OK: PES2UG19CS097 [c]
2026-07-31 04:41:48,756 [INFO] Processing PES2UG19CS099 (.c)...
2026-07-31 04:41:51,446 [INFO]   OK: PES2UG19CS099 [c]
2026-07-31 04:41:51,446 [INFO] Processing PES2UG19CS100 (.c)...
2026-07-31 04:41:54,469 [INFO]   OK: PES2UG19CS100 [c]
2026-07-31 04:41:54,469 [INFO] Processing PES2UG19CS101 (.c)...
2026-07-31 04:41:57,484 [INFO]   OK: PES2UG19CS101 [c]
2026-07-31 04:41:57,485 [INFO] Processing PES2UG19CS102 (.c)...
2026-07-31 04:42:01,016 [INFO]   OK: PES2UG19CS102 [c]
2026-07-31 04:42:01,016 [INFO] Processing PES2UG19CS103 (.c)...
2026-07-31 04:42:04,113 [INFO]   OK: PES2UG19CS103 [c]
2026-07-31 04:42:04,113 [INFO] Processing PES2UG19CS104 (.c)...
2026-07-31 04:42:07,064 [INFO]   OK: PES2UG19CS104 [c]
2026-07-31 04:42:07,064 [INFO] Processing PES2UG19CS105 (.c)...
2026-07-31 04:44:13,721 [INFO]   OK: PES2UG19CS105 [c]
2026-07-31 04:44:13,721 [INFO] Processing PES2UG19CS106 (.c)...
2026-07-31 04:42:13,201 [INFO]   OK: PES2UG19CS106 [c]
2026-07-31 04:42:13,201 [INFO] Processing PES2UG19CS107 (.c)...
2026-07-31 04:42:15,970 [INFO]   OK: PES2UG19CS107 [c]
2026-07-31 04:42:15,971 [INFO] Processing PES2UG19CS109 (.c)...
2026-07-31 04:42:19,235 [INFO]   OK: PES2UG19CS109 [c]
2026-07-31 04:42:19,236 [INFO] Processing PES2UG19CS110 (.c)...
2026-07-31 04:42:23,250 [INFO]   OK: PES2UG19CS110 [c]
2026-07-31 04:42:23,250 [INFO] Processing PES2UG19CS111 (.c)...
2026-07-31 04:42:27,134 [INFO]   OK: PES2UG19CS111 [c]
2026-07-31 04:42:27,134 [INFO] Processing PES2UG19CS112 (.c)...
2026-07-31 04:42:30,912 [INFO]   OK: PES2UG19CS112 [c]
2026-07-31 04:42:30,912 [INFO] Processing PES2UG19CS113 (.c)...
2026-07-31 04:42:34,008 [INFO]   OK: PES2UG19CS113 [c]
2026-07-31 04:42:34,008 [INFO] Processing PES2UG19CS114 (.c)...
2026-07-31 04:42:37,375 [INFO]   OK: PES2UG19CS114 [c]
2026-07-31 04:42:37,375 [INFO] Processing PES2UG19CS115 (.c)...
2026-07-31 04:42:43,281 [INFO]   OK: PES2UG19CS115 [c]
2026-07-31 04:42:43,281 [INFO] Processing PES2UG19CS116 (.c)...
2026-07-31 04:42:47,067 [INFO]   OK: PES2UG19CS116 [c]
2026-07-31 04:42:47,068 [INFO] Processing PES2UG19CS117 (.c)...
2026-07-31 04:42:51,036 [INFO]   OK: PES2UG19CS117 [c]
2026-07-31 04:42:51,036 [INFO] Processing PES2UG19CS118 (.c)...
2026-07-31 04:42:55,729 [INFO]   OK: PES2UG19CS118 [c]
2026-07-31 04:42:55,729 [INFO] Processing PES2UG19CS120 (.c)...
2026-07-31 04:42:59,560 [INFO]   OK: PES2UG19CS120 [c]
2026-07-31 04:42:59,560 [INFO] Processing PES2UG19CS122 (.c)...
2026-07-31 04:43:02,419 [INFO]   OK: PES2UG19CS122 [c]
2026-07-31 04:43:02,419 [INFO] Processing PES2UG19CS124 (.c)...
2026-07-31 04:43:05,339 [INFO]   OK: PES2UG19CS124 [c]
2026-07-31 04:43:05,339 [INFO] Processing PES2UG19CS125 (.c)...
2026-07-31 04:43:08,001 [INFO]   OK: PES2UG19CS125 [c]
2026-07-31 04:43:08,001 [INFO] Processing PES2UG19CS126 (.c)...
2026-07-31 04:43:10,726 [INFO]   OK: PES2UG19CS126 [c]
2026-07-31 04:43:10,727 [INFO] Processing PES2UG19CS127 (.c)...
2026-07-31 04:43:13,422 [INFO]   OK: PES2UG19CS127 [c]
2026-07-31 04:43:13,422 [INFO] Processing PES2UG19CS129 (.c)...
2026-07-31 04:43:16,274 [INFO]   OK: PES2UG19CS129 [c]
2026-07-31 04:43:16,274 [INFO] Processing PES2UG19CS130 (.c)...
2026-07-31 04:43:19,590 [INFO]   OK: PES2UG19CS130 [c]
2026-07-31 04:43:19,590 [INFO] Processing PES2UG19CS131 (.c)...
2026-07-31 04:43:23,495 [INFO]   OK: PES2UG19CS131 [c]
2026-07-31 04:43:23,495 [INFO] Processing PES2UG19CS132 (.c)...
2026-07-31 04:43:26,564 [INFO]   OK: PES2UG19CS132 [c]
2026-07-31 04:43:26,564 [INFO] Processing PES2UG19CS134 (.c)...
2026-07-31 04:45:33,930 [INFO]   OK: PES2UG19CS134 [c]
2026-07-31 04:45:33,930 [INFO] Processing PES2UG19CS394 (.c)...
2026-07-31 04:43:33,200 [INFO]   OK: PES2UG19CS394 [c]
2026-07-31 04:43:33,200 [INFO] Processing PES2UG19CS452 (.c)...
2026-07-31 04:43:36,458 [INFO]   OK: PES2UG19CS452 [c]
2026-07-31 04:43:36,458 [INFO] Processing PES2UG19CS133 (.c)...
2026-07-31 04:43:39,233 [INFO]   OK: PES2UG19CS133 [c]
2026-07-31 04:43:39,233 [INFO] Processing PES2UG19CS136 (.c)...
2026-07-31 04:43:42,289 [INFO]   OK: PES2UG19CS136 [c]
2026-07-31 04:43:42,289 [INFO] Processing PES2UG19CS137 (.c)...
2026-07-31 04:43:45,252 [INFO]   OK: PES2UG19CS137 [c]
2026-07-31 04:43:45,253 [INFO] Processing PES2UG19CS138 (.c)...
2026-07-31 04:43:47,925 [INFO]   OK: PES2UG19CS138 [c]
2026-07-31 04:43:47,925 [WARNING]   IGNORED (not a recognized source file): C_PES2UG19CS140_WEEK11b - Harris Ahmed
2026-07-31 04:43:47,925 [INFO] Processing PES2UG19CS141 (.c)...
2026-07-31 04:43:50,585 [INFO]   OK: PES2UG19CS141 [c]
2026-07-31 04:43:50,585 [INFO] Processing PES2UG19CS143 (.c)...
2026-07-31 04:43:53,000 [INFO]   OK: PES2UG19CS143 [c]
2026-07-31 04:43:53,000 [INFO] Processing PES2UG19CS145 (.c)...
2026-07-31 04:43:55,971 [INFO]   OK: PES2UG19CS145 [c]
2026-07-31 04:43:55,972 [INFO] Processing PES2UG19CS146 (.c)...
2026-07-31 04:43:58,816 [INFO]   OK: PES2UG19CS146 [c]
2026-07-31 04:43:58,816 [INFO] Processing PES2UG19CS147 (.c)...
2026-07-31 04:44:01,569 [INFO]   OK: PES2UG19CS147 [c]
2026-07-31 04:44:01,569 [INFO] Processing PES2UG19CS148 (.c)...
2026-07-31 04:44:04,209 [INFO]   OK: PES2UG19CS148 [c]
2026-07-31 04:44:04,209 [INFO] Processing PES2UG19CS149 (.c)...
2026-07-31 04:44:06,777 [INFO]   OK: PES2UG19CS149 [c]
2026-07-31 04:44:06,777 [INFO] Processing PES2UG19CS150 (.c)...
2026-07-31 04:44:09,457 [INFO]   OK: PES2UG19CS150 [c]
2026-07-31 04:44:09,458 [INFO] Processing PES2UG19CS151 (.c)...
2026-07-31 04:44:12,266 [INFO]   OK: PES2UG19CS151 [c]
2026-07-31 04:44:12,266 [INFO] Processing PES2UG19CS153 (.c)...
2026-07-31 04:46:18,991 [INFO]   OK: PES2UG19CS153 [c]
2026-07-31 04:46:18,991 [INFO] Processing PES2UG19CS154 (.c)...
2026-07-31 04:44:17,739 [INFO]   OK: PES2UG19CS154 [c]
2026-07-31 04:44:17,739 [INFO] Processing PES2UG19CS156 (.c)...
2026-07-31 04:44:20,531 [INFO]   OK: PES2UG19CS156 [c]
2026-07-31 04:44:20,532 [INFO] Processing PES2UG19CS157 (.c)...
2026-07-31 04:44:23,652 [INFO]   OK: PES2UG19CS157 [c]
2026-07-31 04:44:23,653 [INFO] Processing PES2UG19CS158 (.c)...
2026-07-31 04:44:26,443 [INFO]   OK: PES2UG19CS158 [c]
2026-07-31 04:44:26,443 [INFO] Processing PES2UG19CS160 (.c)...
2026-07-31 04:44:30,849 [INFO]   OK: PES2UG19CS160 [c]
2026-07-31 04:44:30,849 [INFO] Processing PES2UG19CS161 (.c)...
2026-07-31 04:44:33,822 [INFO]   OK: PES2UG19CS161 [c]
2026-07-31 04:44:33,822 [INFO] Processing PES2UG19CS162 (.c)...
2026-07-31 04:44:37,058 [INFO]   OK: PES2UG19CS162 [c]
2026-07-31 04:44:37,058 [INFO] Processing PES2UG19CS163 (.c)...
2026-07-31 04:44:39,936 [INFO]   OK: PES2UG19CS163 [c]
2026-07-31 04:44:39,936 [INFO] Processing PES2UG19CS164 (.c)...
2026-07-31 04:44:42,914 [INFO]   OK: PES2UG19CS164 [c]
2026-07-31 04:44:42,915 [INFO] Processing PES2UG19CS165 (.c)...
2026-07-31 04:44:45,804 [INFO]   OK: PES2UG19CS165 [c]
2026-07-31 04:44:45,805 [INFO] Processing PES2UG19CS166 (.c)...
2026-07-31 04:44:48,431 [INFO]   OK: PES2UG19CS166 [c]
2026-07-31 04:44:48,431 [INFO] Processing PES2UG19CS167 (.c)...
2026-07-31 04:44:51,412 [INFO]   OK: PES2UG19CS167 [c]
2026-07-31 04:44:51,412 [INFO] Processing PES2UG19CS168 (.c)...
2026-07-31 04:44:54,109 [INFO]   OK: PES2UG19CS168 [c]
2026-07-31 04:44:54,109 [INFO] Processing PES2UG19CS169 (.c)...
2026-07-31 04:44:56,728 [INFO]   OK: PES2UG19CS169 [c]
2026-07-31 04:44:56,728 [INFO] Processing PES2UG19CS170 (.c)...
2026-07-31 04:44:59,576 [INFO]   OK: PES2UG19CS170 [c]
2026-07-31 04:44:59,576 [INFO] Processing PES2UG19CS171 (.c)...
2026-07-31 04:45:02,531 [INFO]   OK: PES2UG19CS171 [c]
2026-07-31 04:45:02,531 [INFO] Processing PES2UG19CS172 (.c)...
2026-07-31 04:45:05,454 [INFO]   OK: PES2UG19CS172 [c]
2026-07-31 04:45:05,455 [INFO] Processing PES2UG19CS173 (.c)...
2026-07-31 04:45:08,087 [INFO]   OK: PES2UG19CS173 [c]
2026-07-31 04:45:08,087 [INFO] Processing PES2UG19CS174 (.c)...
2026-07-31 04:45:10,752 [INFO]   OK: PES2UG19CS174 [c]
2026-07-31 04:45:10,752 [INFO] Processing PES2UG19CS175 (.c)...
2026-07-31 04:45:13,158 [INFO]   OK: PES2UG19CS175 [c]
2026-07-31 04:45:13,158 [INFO] Processing PES2UG19CS176 (.c)...
2026-07-31 04:45:15,532 [INFO]   OK: PES2UG19CS176 [c]
2026-07-31 04:45:15,533 [INFO] Processing PES2UG19CS177 (.c)...
2026-07-31 04:45:18,120 [INFO]   OK: PES2UG19CS177 [c]
2026-07-31 04:45:18,120 [INFO] Processing PES2UG19CS178 (.c)...
2026-07-31 04:45:20,801 [INFO]   OK: PES2UG19CS178 [c]
2026-07-31 04:45:20,801 [INFO] Processing PES2UG19CS179 (.c)...
2026-07-31 04:45:23,447 [INFO]   OK: PES2UG19CS179 [c]
2026-07-31 04:45:23,447 [INFO] Processing PES2UG19CS180 (.c)...
2026-07-31 04:45:26,072 [INFO]   OK: PES2UG19CS180 [c]
2026-07-31 04:45:26,073 [INFO] Processing PES2UG19CS181 (.c)...
2026-07-31 04:45:28,633 [INFO]   OK: PES2UG19CS181 [c]
2026-07-31 04:45:28,634 [INFO] Processing PES2UG19CS182 (.c)...
2026-07-31 04:45:31,324 [INFO]   OK: PES2UG19CS182 [c]
2026-07-31 04:45:31,324 [INFO] Processing PES2UG19CS183 (.c)...
2026-07-31 04:45:33,864 [INFO]   OK: PES2UG19CS183 [c]
2026-07-31 04:45:33,864 [INFO] Processing PES2UG19CS185 (.c)...
2026-07-31 04:45:36,403 [INFO]   OK: PES2UG19CS185 [c]
2026-07-31 04:45:36,403 [INFO] Processing PES2UG19CS186 (.c)...
2026-07-31 04:45:38,851 [INFO]   OK: PES2UG19CS186 [c]
2026-07-31 04:45:38,852 [INFO] Processing PES2UG19CS187 (.c)...
2026-07-31 04:45:41,358 [INFO]   OK: PES2UG19CS187 [c]
2026-07-31 04:45:41,358 [INFO] Processing PES2UG19CS188 (.c)...
2026-07-31 04:45:43,706 [INFO]   OK: PES2UG19CS188 [c]
2026-07-31 04:45:43,706 [INFO] Processing PES2UG19CS189 (.c)...
2026-07-31 04:45:46,297 [INFO]   OK: PES2UG19CS189 [c]
2026-07-31 04:45:46,297 [INFO] Processing PES2UG19CS190 (.c)...
2026-07-31 04:45:48,923 [INFO]   OK: PES2UG19CS190 [c]
2026-07-31 04:45:48,923 [INFO] Processing PES2UG19CS190 (.c)...
2026-07-31 04:45:51,664 [INFO]   OK: PES2UG19CS190 [c]
2026-07-31 04:45:51,664 [INFO] Processing PES2UG19CS191 (.c)...
2026-07-31 04:45:54,259 [INFO]   OK: PES2UG19CS191 [c]
2026-07-31 04:45:54,259 [INFO] Processing PES2UG19CS192 (.c)...
2026-07-31 04:45:56,808 [INFO]   OK: PES2UG19CS192 [c]
2026-07-31 04:45:56,808 [INFO] Processing PES2UG19CS193 (.c)...
2026-07-31 04:45:59,415 [INFO]   OK: PES2UG19CS193 [c]
2026-07-31 04:45:59,415 [INFO] Processing PES2UG19CS194 (.c)...
2026-07-31 04:46:01,978 [INFO]   OK: PES2UG19CS194 [c]
2026-07-31 04:46:01,978 [INFO] Processing PES2UG19CS195 (.c)...
2026-07-31 04:46:04,554 [INFO]   OK: PES2UG19CS195 [c]
2026-07-31 04:46:04,554 [INFO] Processing PES2UG19CS196 (.c)...
2026-07-31 04:46:07,067 [INFO]   OK: PES2UG19CS196 [c]
2026-07-31 04:46:07,068 [INFO] Processing PES2UG19CS197 (.c)...
2026-07-31 04:46:09,583 [INFO]   OK: PES2UG19CS197 [c]
2026-07-31 04:46:09,584 [INFO] Processing PES2UG19CS198 (.c)...
2026-07-31 04:46:12,213 [INFO]   OK: PES2UG19CS198 [c]
2026-07-31 04:46:12,213 [INFO] Processing PES2UG19CS278 (.c)...
2026-07-31 04:46:14,810 [INFO]   OK: PES2UG19CS278 [c]
2026-07-31 04:46:14,811 [INFO] Processing PES2UG19CS350 (.c)...
2026-07-31 04:46:17,495 [INFO]   OK: PES2UG19CS350 [c]
2026-07-31 04:46:17,496 [WARNING]   IGNORED (not a recognized source file): day11b_EC_DS.zip
2026-07-31 04:46:17,496 [INFO] Processing PES2UG19CS199 (.c)...
2026-07-31 04:46:20,623 [INFO]   OK: PES2UG19CS199 [c]
2026-07-31 04:46:20,623 [INFO] Processing PES2UG19CS200 (.c)...
2026-07-31 04:46:23,171 [INFO]   OK: PES2UG19CS200 [c]
2026-07-31 04:46:23,171 [INFO] Processing PES2UG19CS201 (.c)...
2026-07-31 04:46:25,673 [INFO]   OK: PES2UG19CS201 [c]
2026-07-31 04:46:25,673 [INFO] Processing PES2UG19CS203 (.c)...
2026-07-31 04:46:28,418 [INFO]   OK: PES2UG19CS203 [c]
2026-07-31 04:46:28,418 [INFO] Processing PES2UG19CS205 (.c)...
2026-07-31 04:46:31,130 [INFO]   OK: PES2UG19CS205 [c]
2026-07-31 04:46:31,130 [INFO] Processing PES2UG19CS206 (.c)...
2026-07-31 04:46:33,598 [INFO]   OK: PES2UG19CS206 [c]
2026-07-31 04:46:33,598 [INFO] Processing PES2UG19CS207 (.c)...
2026-07-31 04:46:36,386 [INFO]   OK: PES2UG19CS207 [c]
2026-07-31 04:46:36,386 [INFO] Processing PES2UG19CS208 (.c)...
2026-07-31 04:46:39,089 [INFO]   OK: PES2UG19CS208 [c]
2026-07-31 04:46:39,089 [INFO] Processing PES2UG19CS209 (.c)...
2026-07-31 04:46:41,745 [INFO]   OK: PES2UG19CS209 [c]
2026-07-31 04:46:41,745 [INFO] Processing PES2UG19CS210 (.c)...
2026-07-31 04:46:44,448 [INFO]   OK: PES2UG19CS210 [c]
2026-07-31 04:46:44,448 [INFO] Processing PES2UG19CS210 (.c)...
2026-07-31 04:46:47,290 [INFO]   OK: PES2UG19CS210 [c]
2026-07-31 04:46:47,290 [INFO] Processing PES2UG19CS210 (.c)...
2026-07-31 04:46:49,977 [INFO]   OK: PES2UG19CS210 [c]
2026-07-31 04:46:49,977 [INFO] Processing PES2UG19CS211 (.c)...
2026-07-31 04:46:52,629 [INFO]   OK: PES2UG19CS211 [c]
2026-07-31 04:46:52,630 [INFO] Processing PES2UG19CS212 (.c)...
2026-07-31 04:46:55,190 [INFO]   OK: PES2UG19CS212 [c]
2026-07-31 04:46:55,190 [INFO] Processing PES2UG19CS213 (.c)...
2026-07-31 04:46:57,853 [INFO]   OK: PES2UG19CS213 [c]
2026-07-31 04:46:57,853 [INFO] Processing PES2UG19CS214 (.c)...
2026-07-31 04:49:04,295 [INFO]   OK: PES2UG19CS214 [c]
2026-07-31 04:49:04,296 [INFO] Processing PES2UG19CS215 (.c)...
2026-07-31 04:47:03,207 [INFO]   OK: PES2UG19CS215 [c]
2026-07-31 04:47:03,208 [INFO] Processing PES2UG19CS216 (.c)...
2026-07-31 04:47:05,845 [INFO]   OK: PES2UG19CS216 [c]
2026-07-31 04:47:05,846 [INFO] Processing PES2UG19CS217 (.c)...
2026-07-31 04:47:08,501 [INFO]   OK: PES2UG19CS217 [c]
2026-07-31 04:47:08,501 [INFO] Processing PES2UG19CS220 (.c)...
2026-07-31 04:47:11,223 [INFO]   OK: PES2UG19CS220 [c]
2026-07-31 04:47:11,223 [INFO] Processing PES2UG19CS221 (.c)...
2026-07-31 04:47:13,659 [INFO]   OK: PES2UG19CS221 [c]
2026-07-31 04:47:13,659 [INFO] Processing PES2UG19CS222 (.c)...
2026-07-31 04:47:16,032 [INFO]   OK: PES2UG19CS222 [c]
2026-07-31 04:47:16,032 [INFO] Processing PES2UG19CS223 (.c)...
2026-07-31 04:47:18,615 [INFO]   OK: PES2UG19CS223 [c]
2026-07-31 04:47:18,616 [INFO] Processing PES2UG19CS224 (.c)...
2026-07-31 04:47:21,038 [INFO]   OK: PES2UG19CS224 [c]
2026-07-31 04:47:21,038 [INFO] Processing PES2UG19CS225 (.c)...
2026-07-31 04:47:23,488 [INFO]   OK: PES2UG19CS225 [c]
2026-07-31 04:47:23,488 [INFO] Processing PES2UG19CS227 (.c)...
2026-07-31 04:47:25,922 [INFO]   OK: PES2UG19CS227 [c]
2026-07-31 04:47:25,922 [INFO] Processing PES2UG19CS228 (.c)...
2026-07-31 04:47:28,371 [INFO]   OK: PES2UG19CS228 [c]
2026-07-31 04:47:28,372 [INFO] Processing PES2UG19CS229 (.c)...
2026-07-31 04:47:30,814 [INFO]   OK: PES2UG19CS229 [c]
2026-07-31 04:47:30,814 [INFO] Processing PES2UG19CS230 (.c)...
2026-07-31 04:47:33,226 [INFO]   OK: PES2UG19CS230 [c]
2026-07-31 04:47:33,226 [INFO] Processing PES2UG19CS233 (.c)...
2026-07-31 04:47:35,691 [INFO]   OK: PES2UG19CS233 [c]
2026-07-31 04:47:35,691 [INFO] Processing PES2UG19CS235 (.c)...
2026-07-31 04:47:38,114 [INFO]   OK: PES2UG19CS235 [c]
2026-07-31 04:47:38,115 [INFO] Processing PES2UG19CS237 (.c)...
2026-07-31 04:47:40,528 [INFO]   OK: PES2UG19CS237 [c]
2026-07-31 04:47:40,528 [INFO] Processing PES2UG19CS237 (.c)...
2026-07-31 04:47:43,366 [INFO]   OK: PES2UG19CS237 [c]
2026-07-31 04:47:43,367 [INFO] Processing PES2UG19CS239 (.c)...
2026-07-31 04:47:46,114 [INFO]   OK: PES2UG19CS239 [c]
2026-07-31 04:47:46,115 [INFO] Processing PES2UG19CS242 (.c)...
2026-07-31 04:47:49,390 [INFO]   OK: PES2UG19CS242 [c]
2026-07-31 04:47:49,391 [INFO] Processing PES2UG19CS243 (.c)...
2026-07-31 04:47:52,096 [INFO]   OK: PES2UG19CS243 [c]
2026-07-31 04:47:52,096 [INFO] Processing PES2UG19CS244 (.c)...
2026-07-31 04:47:55,110 [INFO]   OK: PES2UG19CS244 [c]
2026-07-31 04:47:55,111 [INFO] Processing PES2UG19CS245 (.c)...
2026-07-31 04:47:57,915 [INFO]   OK: PES2UG19CS245 [c]
2026-07-31 04:47:57,916 [INFO] Processing PES2UG19CS246 (.c)...
2026-07-31 04:50:04,502 [INFO]   OK: PES2UG19CS246 [c]
2026-07-31 04:50:04,502 [INFO] Processing PES2UG19CS247 (.c)...
2026-07-31 04:48:05,328 [INFO]   OK: PES2UG19CS247 [c]
2026-07-31 04:48:05,328 [INFO] Processing PES2UG19CS248 (.c)...
2026-07-31 04:50:14,434 [INFO]   OK: PES2UG19CS248 [c]
2026-07-31 04:50:14,434 [INFO] Processing PES2UG19CS249 (.c)...
2026-07-31 04:48:14,070 [INFO]   OK: PES2UG19CS249 [c]
2026-07-31 04:48:14,070 [INFO] Processing PES2UG19CS249 (.c)...
2026-07-31 04:48:17,366 [INFO]   OK: PES2UG19CS249 [c]
2026-07-31 04:48:17,366 [INFO] Processing PES2UG19CS250 (.c)...
2026-07-31 04:48:20,494 [INFO]   OK: PES2UG19CS250 [c]
2026-07-31 04:48:20,494 [INFO] Processing PES2UG19CS251 (.c)...
2026-07-31 04:48:23,560 [INFO]   OK: PES2UG19CS251 [c]
2026-07-31 04:48:23,560 [INFO] Processing PES2UG19CS253 (.c)...
2026-07-31 04:48:27,031 [INFO]   OK: PES2UG19CS253 [c]
2026-07-31 04:48:27,031 [INFO] Processing PES2UG19CS254 (.c)...
2026-07-31 04:48:30,181 [INFO]   OK: PES2UG19CS254 [c]
2026-07-31 04:48:30,181 [INFO] Processing PES2UG19CS255 (.c)...
2026-07-31 04:48:33,374 [INFO]   OK: PES2UG19CS255 [c]
2026-07-31 04:48:33,374 [INFO] Processing PES2UG19CS256 (.c)...
2026-07-31 04:48:36,573 [INFO]   OK: PES2UG19CS256 [c]
2026-07-31 04:48:36,573 [INFO] Processing PES2UG19CS257 (.c)...
2026-07-31 04:48:39,810 [INFO]   OK: PES2UG19CS257 [c]
2026-07-31 04:48:39,810 [INFO] Processing PES2UG19CS258 (.c)...
2026-07-31 04:48:44,174 [INFO]   OK: PES2UG19CS258 [c]
2026-07-31 04:48:44,175 [WARNING]   IGNORED (not a recognized source file): D_PES2UG19CS259_week11b.C - Nikhitha Ks.txt
2026-07-31 04:48:44,175 [INFO] Processing PES2UG19CS261 (.c)...
2026-07-31 04:48:47,043 [INFO]   OK: PES2UG19CS261 [c]
2026-07-31 04:48:47,044 [INFO] Processing PES2UG19CS262 (.c)...
2026-07-31 04:48:50,347 [INFO]   OK: PES2UG19CS262 [c]
2026-07-31 04:48:50,347 [INFO] Processing PES2UG19CS263 (.c)...
2026-07-31 04:48:53,583 [INFO]   OK: PES2UG19CS263 [c]
2026-07-31 04:48:53,583 [INFO] Processing PES2UG19CS264 (.c)...
2026-07-31 04:48:56,750 [INFO]   OK: PES2UG19CS264 [c]
2026-07-31 04:48:56,751 [INFO] Processing PES2UG19CS471 (.c)...
2026-07-31 04:48:59,823 [INFO]   OK: PES2UG19CS471 [c]
2026-07-31 04:48:59,823 [INFO] Processing D_PS2UG19CS202_Week11b__Likhitha_D (.c)...
2026-07-31 04:49:02,994 [INFO]   OK: D_PS2UG19CS202_Week11b__Likhitha_D [c]
2026-07-31 04:49:02,995 [INFO] Processing PES2UG19CS119 (.c)...
2026-07-31 04:49:06,044 [INFO]   OK: PES2UG19CS119 [c]
2026-07-31 04:49:06,044 [INFO] Processing PES2UG19CS265 (.c)...
2026-07-31 04:49:09,156 [INFO]   OK: PES2UG19CS265 [c]
2026-07-31 04:49:09,156 [INFO] Processing PES2UG19CS266 (.c)...
2026-07-31 04:49:12,274 [INFO]   OK: PES2UG19CS266 [c]
2026-07-31 04:49:12,274 [INFO] Processing PES2UG19CS267 (.c)...
2026-07-31 04:49:15,341 [INFO]   OK: PES2UG19CS267 [c]
2026-07-31 04:49:15,341 [INFO] Processing PES2UG19CS268 (.c)...
2026-07-31 04:49:18,690 [INFO]   OK: PES2UG19CS268 [c]
2026-07-31 04:49:18,690 [INFO] Processing PES2UG19CS269 (.c)...
2026-07-31 04:49:21,872 [INFO]   OK: PES2UG19CS269 [c]
2026-07-31 04:49:21,873 [INFO] Processing PES2UG19CS270 (.c)...
2026-07-31 04:49:25,438 [INFO]   OK: PES2UG19CS270 [c]
2026-07-31 04:49:25,438 [INFO] Processing PES2UG19CS271 (.c)...
2026-07-31 04:49:28,622 [INFO]   OK: PES2UG19CS271 [c]
2026-07-31 04:49:28,622 [INFO] Processing PES2UG19CS272 (.c)...
2026-07-31 04:49:31,659 [INFO]   OK: PES2UG19CS272 [c]
2026-07-31 04:49:31,660 [INFO] Processing PES2UG19CS273 (.c)...
2026-07-31 04:49:34,768 [INFO]   OK: PES2UG19CS273 [c]
2026-07-31 04:49:34,769 [INFO] Processing PES2UG19CS274 (.c)...
2026-07-31 04:49:37,895 [INFO]   OK: PES2UG19CS274 [c]
2026-07-31 04:49:37,896 [INFO] Processing PES2UG19CS275 (.c)...
2026-07-31 04:49:41,103 [INFO]   OK: PES2UG19CS275 [c]
2026-07-31 04:49:41,103 [INFO] Processing PES2UG19CS276 (.c)...
2026-07-31 04:49:44,165 [INFO]   OK: PES2UG19CS276 [c]
2026-07-31 04:49:44,166 [INFO] Processing PES2UG19CS277 (.c)...
2026-07-31 04:49:47,394 [INFO]   OK: PES2UG19CS277 [c]
2026-07-31 04:49:47,394 [INFO] Processing PES2UG19CS279 (.c)...
2026-07-31 04:49:50,475 [INFO]   OK: PES2UG19CS279 [c]
2026-07-31 04:49:50,475 [INFO] Processing PES2UG19CS280 (.c)...
2026-07-31 04:49:53,558 [INFO]   OK: PES2UG19CS280 [c]
2026-07-31 04:49:53,558 [INFO] Processing PES2UG19CS281 (.c)...
2026-07-31 04:49:56,697 [INFO]   OK: PES2UG19CS281 [c]
2026-07-31 04:49:56,697 [INFO] Processing PES2UG19CS282 (.c)...
2026-07-31 04:49:59,770 [INFO]   OK: PES2UG19CS282 [c]
2026-07-31 04:49:59,770 [INFO] Processing PES2UG19CS283 (.c)...
2026-07-31 04:50:02,971 [INFO]   OK: PES2UG19CS283 [c]
2026-07-31 04:50:02,971 [INFO] Processing PES2UG19CS284 (.c)...
2026-07-31 04:50:06,251 [INFO]   OK: PES2UG19CS284 [c]
2026-07-31 04:50:06,252 [INFO] Processing PES2UG19CS285 (.c)...
2026-07-31 04:50:09,387 [INFO]   OK: PES2UG19CS285 [c]
2026-07-31 04:50:09,387 [INFO] Processing PES2UG19CS286 (.c)...
2026-07-31 04:50:12,570 [INFO]   OK: PES2UG19CS286 [c]
2026-07-31 04:50:12,570 [INFO] Processing PES2UG19CS286 (.c)...
2026-07-31 04:52:19,590 [INFO]   OK: PES2UG19CS286 [c]
2026-07-31 04:52:19,590 [INFO] Processing PES2UG19CS287 (.c)...
2026-07-31 04:50:18,984 [INFO]   OK: PES2UG19CS287 [c]
2026-07-31 04:50:18,985 [INFO] Processing PES2UG19CS289 (.c)...
2026-07-31 04:50:22,281 [INFO]   OK: PES2UG19CS289 [c]
2026-07-31 04:50:22,282 [INFO] Processing PES2UG19CS292 (.c)...
2026-07-31 04:50:25,402 [INFO]   OK: PES2UG19CS292 [c]
2026-07-31 04:50:25,402 [INFO] Processing PES2UG19CS293 (.c)...
2026-07-31 04:50:28,504 [INFO]   OK: PES2UG19CS293 [c]
2026-07-31 04:50:28,504 [INFO] Processing PES2UG19CS294 (.c)...
2026-07-31 04:50:31,574 [INFO]   OK: PES2UG19CS294 [c]
2026-07-31 04:50:31,574 [INFO] Processing PES2UG19CS295 (.c)...
2026-07-31 04:50:34,695 [INFO]   OK: PES2UG19CS295 [c]
2026-07-31 04:50:34,695 [INFO] Processing PES2UG19CS296 (.c)...
2026-07-31 04:50:37,813 [INFO]   OK: PES2UG19CS296 [c]
2026-07-31 04:50:37,813 [INFO] Processing PES2UG19CS297 (.c)...
2026-07-31 04:52:44,696 [INFO]   OK: PES2UG19CS297 [c]
2026-07-31 04:52:44,696 [INFO] Processing PES2UG19CS298 (.c)...
2026-07-31 04:50:43,963 [INFO]   OK: PES2UG19CS298 [c]
2026-07-31 04:50:43,963 [INFO] Processing PES2UG19CS299 (.c)...
2026-07-31 04:50:47,018 [INFO]   OK: PES2UG19CS299 [c]
2026-07-31 04:50:47,018 [INFO] Processing PES2UG19CS300 (.c)...
2026-07-31 04:50:50,238 [INFO]   OK: PES2UG19CS300 [c]
2026-07-31 04:50:50,239 [INFO] Processing PES2UG19CS301 (.c)...
2026-07-31 04:50:53,305 [INFO]   OK: PES2UG19CS301 [c]
2026-07-31 04:50:53,305 [INFO] Processing PES2UG19CS305 (.c)...
2026-07-31 04:50:56,572 [INFO]   OK: PES2UG19CS305 [c]
2026-07-31 04:50:56,573 [INFO] Processing PES2UG19CS307 (.c)...
2026-07-31 04:50:59,780 [INFO]   OK: PES2UG19CS307 [c]
2026-07-31 04:50:59,780 [WARNING]   IGNORED (not a recognized source file): E_PES2UG19CS308_Week11b - Tejas Rt
2026-07-31 04:50:59,780 [INFO] Processing PES2UG19CS309 (.c)...
2026-07-31 04:51:02,817 [INFO]   OK: PES2UG19CS309 [c]
2026-07-31 04:51:02,817 [INFO] Processing PES2UG19CS309 (.c)...
2026-07-31 04:53:09,781 [INFO]   OK: PES2UG19CS309 [c]
2026-07-31 04:53:09,781 [INFO] Processing PES2UG19CS310 (.c)...
2026-07-31 04:51:09,123 [INFO]   OK: PES2UG19CS310 [c]
2026-07-31 04:51:09,125 [INFO] Processing PES2UG19CS311 (.c)...
2026-07-31 04:51:12,312 [INFO]   OK: PES2UG19CS311 [c]
2026-07-31 04:51:12,313 [INFO] Processing PES2UG19CS312 (.c)...
2026-07-31 04:51:15,447 [INFO]   OK: PES2UG19CS312 [c]
2026-07-31 04:51:15,447 [INFO] Processing PES2UG19CS313 (.c)...
2026-07-31 04:51:18,571 [INFO]   OK: PES2UG19CS313 [c]
2026-07-31 04:51:18,571 [INFO] Processing PES2UG19CS314 (.c)...
2026-07-31 04:51:21,815 [INFO]   OK: PES2UG19CS314 [c]
2026-07-31 04:51:21,815 [INFO] Processing PES2UG19CS315 (.c)...
2026-07-31 04:51:25,009 [INFO]   OK: PES2UG19CS315 [c]
2026-07-31 04:51:25,009 [INFO] Processing PES2UG19CS316 (.c)...
2026-07-31 04:51:28,260 [INFO]   OK: PES2UG19CS316 [c]
2026-07-31 04:51:28,261 [INFO] Processing PES2UG19CS317 (.c)...
2026-07-31 04:51:31,309 [INFO]   OK: PES2UG19CS317 [c]
2026-07-31 04:51:31,310 [INFO] Processing PES2UG19CS318 (.c)...
2026-07-31 04:51:35,185 [INFO]   OK: PES2UG19CS318 [c]
2026-07-31 04:51:35,185 [INFO] Processing PES2UG19CS319 (.c)...
2026-07-31 04:51:39,290 [INFO]   OK: PES2UG19CS319 [c]
2026-07-31 04:51:39,290 [INFO] Processing PES2UG19CS320 (.c)...
2026-07-31 04:51:42,501 [INFO]   OK: PES2UG19CS320 [c]
2026-07-31 04:51:42,502 [INFO] Processing PES2UG19CS321 (.c)...
2026-07-31 04:51:45,711 [INFO]   OK: PES2UG19CS321 [c]
2026-07-31 04:51:45,711 [INFO] Processing PES2UG19CS322 (.c)...
2026-07-31 04:51:48,966 [INFO]   OK: PES2UG19CS322 [c]
2026-07-31 04:51:48,966 [INFO] Processing PES2UG19CS324 (.c)...
2026-07-31 04:51:52,547 [INFO]   OK: PES2UG19CS324 [c]
2026-07-31 04:51:52,548 [INFO] Processing PES2UG19CS325 (.c)...
2026-07-31 04:51:55,828 [INFO]   OK: PES2UG19CS325 [c]
2026-07-31 04:51:55,829 [INFO] Processing PES2UG19CS326 (.c)...
2026-07-31 04:51:59,386 [INFO]   OK: PES2UG19CS326 [c]
2026-07-31 04:51:59,386 [INFO] Processing PES2UG19CS327 (.c)...
2026-07-31 04:52:02,577 [INFO]   OK: PES2UG19CS327 [c]
2026-07-31 04:52:02,577 [INFO] Processing PES2UG19CS329 (.c)...
2026-07-31 04:52:05,865 [INFO]   OK: PES2UG19CS329 [c]
2026-07-31 04:52:05,866 [INFO] Processing PES2UG19CS330 (.c)...
2026-07-31 04:52:08,906 [INFO]   OK: PES2UG19CS330 [c]
2026-07-31 04:52:08,906 [INFO] Processing PES2UG19CS332 (.c)...
2026-07-31 04:52:12,137 [INFO]   OK: PES2UG19CS332 [c]
2026-07-31 04:52:12,137 [INFO] Processing PES2UG19CS333 (.c)...
2026-07-31 04:52:15,284 [INFO]   OK: PES2UG19CS333 [c]
2026-07-31 04:52:15,284 [INFO] Processing PES2UG19CS334 (.c)...
2026-07-31 04:52:18,447 [INFO]   OK: PES2UG19CS334 [c]
2026-07-31 04:52:18,447 [INFO] Processing PES2UG19CS337 (.c)...
2026-07-31 04:52:21,607 [INFO]   OK: PES2UG19CS337 [c]
2026-07-31 04:52:21,607 [INFO] Processing PES2UG19CS338 (.c)...
2026-07-31 04:52:24,590 [INFO]   OK: PES2UG19CS338 [c]
2026-07-31 04:52:24,591 [INFO] Processing PES2UG19CS339 (.c)...
2026-07-31 04:52:27,819 [INFO]   OK: PES2UG19CS339 [c]
2026-07-31 04:52:27,819 [INFO] Processing PES2UG19CS340 (.c)...
2026-07-31 04:52:30,932 [INFO]   OK: PES2UG19CS340 [c]
2026-07-31 04:52:30,933 [INFO] Processing PES2UG19CS341 (.c)...
2026-07-31 04:52:34,259 [INFO]   OK: PES2UG19CS341 [c]
2026-07-31 04:52:34,259 [INFO] Processing PES2UG19CS342 (.c)...
2026-07-31 04:52:37,579 [INFO]   OK: PES2UG19CS342 [c]
2026-07-31 04:52:37,579 [INFO] Processing PES2UG19CS343 (.c)...
2026-07-31 04:52:40,727 [INFO]   OK: PES2UG19CS343 [c]
2026-07-31 04:52:40,728 [INFO] Processing PES2UG19CS344 (.c)...
2026-07-31 04:52:43,978 [INFO]   OK: PES2UG19CS344 [c]
2026-07-31 04:52:43,978 [INFO] Processing PES2UG19CS345 (.c)...
2026-07-31 04:52:47,232 [INFO]   OK: PES2UG19CS345 [c]
2026-07-31 04:52:47,232 [INFO] Processing PES2UG19CS346 (.c)...
2026-07-31 04:52:50,360 [INFO]   OK: PES2UG19CS346 [c]
2026-07-31 04:52:50,360 [INFO] Processing PES2UG19CS347 (.c)...
2026-07-31 04:52:53,541 [INFO]   OK: PES2UG19CS347 [c]
2026-07-31 04:52:53,541 [INFO] Processing PES2UG19CS348 (.c)...
2026-07-31 04:52:56,657 [INFO]   OK: PES2UG19CS348 [c]
2026-07-31 04:52:56,657 [INFO] Processing PES2UG19CS349 (.c)...
2026-07-31 04:52:59,744 [INFO]   OK: PES2UG19CS349 [c]
2026-07-31 04:52:59,744 [INFO] Processing PES2UG19CS351 (.c)...
2026-07-31 04:53:02,812 [INFO]   OK: PES2UG19CS351 [c]
2026-07-31 04:53:02,812 [INFO] Processing PES2UG19CS352 (.c)...
2026-07-31 04:53:05,827 [INFO]   OK: PES2UG19CS352 [c]
2026-07-31 04:53:05,827 [INFO] Processing PES2UG19CS353 (.c)...
2026-07-31 04:53:09,084 [INFO]   OK: PES2UG19CS353 [c]
2026-07-31 04:53:09,085 [INFO] Processing PES2UG19CS354 (.c)...
2026-07-31 04:53:12,208 [INFO]   OK: PES2UG19CS354 [c]
2026-07-31 04:53:12,208 [INFO] Processing PES2UG19CS356 (.c)...
2026-07-31 04:53:15,291 [INFO]   OK: PES2UG19CS356 [c]
2026-07-31 04:53:15,291 [INFO] Processing PES2UG19CS357 (.c)...
2026-07-31 04:53:18,455 [INFO]   OK: PES2UG19CS357 [c]
2026-07-31 04:53:18,455 [INFO] Processing PES2UG19CS358 (.c)...
2026-07-31 04:53:21,663 [INFO]   OK: PES2UG19CS358 [c]
2026-07-31 04:53:21,663 [INFO] Processing PES2UG19CS359 (.c)...
2026-07-31 04:53:24,780 [INFO]   OK: PES2UG19CS359 [c]
2026-07-31 04:53:24,780 [INFO] Processing PES2UG19CS360 (.c)...
2026-07-31 04:53:27,932 [INFO]   OK: PES2UG19CS360 [c]
2026-07-31 04:53:27,933 [INFO] Processing PES2UG19CS361 (.c)...
2026-07-31 04:53:31,059 [INFO]   OK: PES2UG19CS361 [c]
2026-07-31 04:53:31,059 [INFO] Processing PES2UG19CS363 (.c)...
2026-07-31 04:53:34,580 [INFO]   OK: PES2UG19CS363 [c]
2026-07-31 04:53:34,580 [INFO] Processing PES2UG19CS364 (.c)...
2026-07-31 04:53:39,150 [INFO]   OK: PES2UG19CS364 [c]
2026-07-31 04:53:39,151 [INFO] Processing PES2UG19CS365 (.c)...
2026-07-31 04:53:42,361 [INFO]   OK: PES2UG19CS365 [c]
2026-07-31 04:53:42,361 [INFO] Processing PES2UG19CS366 (.c)...
2026-07-31 04:53:44,935 [INFO]   OK: PES2UG19CS366 [c]
2026-07-31 04:53:44,936 [INFO] Processing PES2UG19CS368 (.c)...
2026-07-31 04:53:48,680 [INFO]   OK: PES2UG19CS368 [c]
2026-07-31 04:53:48,680 [INFO] Processing PES2UG19CS370 (.c)...
2026-07-31 04:53:51,668 [INFO]   OK: PES2UG19CS370 [c]
2026-07-31 04:53:51,668 [INFO] Processing PES2UG19CS371 (.c)...
2026-07-31 04:53:54,885 [INFO]   OK: PES2UG19CS371 [c]
2026-07-31 04:53:54,885 [INFO] Processing PES2UG19CS372 (.c)...
2026-07-31 04:53:57,995 [INFO]   OK: PES2UG19CS372 [c]
2026-07-31 04:53:57,995 [INFO] Processing PES2UG19CS373 (.c)...
2026-07-31 04:54:01,385 [INFO]   OK: PES2UG19CS373 [c]
2026-07-31 04:54:01,385 [INFO] Processing PES2UG19CS374 (.c)...
2026-07-31 04:54:04,212 [INFO]   OK: PES2UG19CS374 [c]
2026-07-31 04:54:04,212 [INFO] Processing PES2UG19CS375 (.c)...
2026-07-31 04:54:06,696 [INFO]   OK: PES2UG19CS375 [c]
2026-07-31 04:54:06,696 [INFO] Processing PES2UG19CS378 (.c)...
2026-07-31 04:54:09,134 [INFO]   OK: PES2UG19CS378 [c]
2026-07-31 04:54:09,134 [INFO] Processing PES2UG19CS379 (.c)...
2026-07-31 04:54:11,652 [INFO]   OK: PES2UG19CS379 [c]
2026-07-31 04:54:11,652 [INFO] Processing PES2UG19CS380 (.c)...
2026-07-31 04:54:14,085 [INFO]   OK: PES2UG19CS380 [c]
2026-07-31 04:54:14,086 [INFO] Processing PES2UG19CS381 (.c)...
2026-07-31 04:54:16,517 [INFO]   OK: PES2UG19CS381 [c]
2026-07-31 04:54:16,517 [INFO] Processing PES2UG19CS382 (.c)...
2026-07-31 04:54:18,923 [INFO]   OK: PES2UG19CS382 [c]
2026-07-31 04:54:18,923 [INFO] Processing PES2UG19CS383 (.c)...
2026-07-31 04:56:25,148 [INFO]   OK: PES2UG19CS383 [c]
2026-07-31 04:56:25,148 [INFO] Processing PES2UG19CS384 (.c)...
2026-07-31 04:54:23,860 [INFO]   OK: PES2UG19CS384 [c]
2026-07-31 04:54:23,860 [INFO] Processing PES2UG19CS385 (.c)...
2026-07-31 04:56:30,058 [INFO]   OK: PES2UG19CS385 [c]
2026-07-31 04:56:30,058 [INFO] Processing PES2UG19CS387 (.c)...
2026-07-31 04:54:29,012 [INFO]   OK: PES2UG19CS387 [c]
2026-07-31 04:54:29,013 [INFO] Processing PES2UG19CS389 (.c)...
2026-07-31 04:54:31,534 [INFO]   OK: PES2UG19CS389 [c]
2026-07-31 04:54:31,535 [INFO] Processing PES2UG19CS390 (.c)...
2026-07-31 04:54:33,995 [INFO]   OK: PES2UG19CS390 [c]
2026-07-31 04:54:33,995 [INFO] Processing PES2UG19CS391 (.c)...
2026-07-31 04:54:36,454 [INFO]   OK: PES2UG19CS391 [c]
2026-07-31 04:54:36,455 [INFO] Processing PES2UG19CS392 (.c)...
2026-07-31 04:54:38,803 [INFO]   OK: PES2UG19CS392 [c]
2026-07-31 04:54:38,803 [INFO] Processing PES2UG19CS393 (.c)...
2026-07-31 04:54:41,134 [INFO]   OK: PES2UG19CS393 [c]
2026-07-31 04:54:41,134 [INFO] Processing PES2UG19CS393 (.c)...
2026-07-31 04:54:43,706 [INFO]   OK: PES2UG19CS393 [c]
2026-07-31 04:54:43,706 [INFO] Processing PES2UG19CS395 (.c)...
2026-07-31 04:54:45,959 [INFO]   OK: PES2UG19CS395 [c]
2026-07-31 04:54:45,959 [INFO] Processing PES2UG19CS396 (.c)...
2026-07-31 04:54:48,431 [INFO]   OK: PES2UG19CS396 [c]
2026-07-31 04:54:48,431 [INFO] Processing PES2UG19CS397 (.c)...
2026-07-31 04:54:51,070 [INFO]   OK: PES2UG19CS397 [c]
2026-07-31 04:54:51,071 [INFO] Processing PES2UG19CS398 (.c)...
2026-07-31 04:54:53,555 [INFO]   OK: PES2UG19CS398 [c]
2026-07-31 04:54:53,555 [INFO] Processing PES2UG19CS399 (.c)...
2026-07-31 04:54:56,111 [INFO]   OK: PES2UG19CS399 [c]
2026-07-31 04:54:56,111 [WARNING]   IGNORED (not a recognized source file): F_PES2UG19CS400_Week11b - Soumya Sajjan.txt
2026-07-31 04:54:56,111 [INFO] Processing PES2UG19CS402 (.c)...
2026-07-31 04:54:58,780 [INFO]   OK: PES2UG19CS402 [c]
2026-07-31 04:54:58,780 [INFO] Processing PES2UG19CS470 (.c)...
2026-07-31 04:55:01,272 [INFO]   OK: PES2UG19CS470 [c]
2026-07-31 04:55:01,272 [INFO] Processing G_PES2201800143_Week11b__Kurnool_Anirudh (.c)...
2026-07-31 04:55:03,842 [INFO]   OK: G_PES2201800143_Week11b__Kurnool_Anirudh [c]
2026-07-31 04:55:03,843 [INFO] Processing PES2UG19CS403 (.c)...
2026-07-31 04:57:10,209 [INFO]   OK: PES2UG19CS403 [c]
2026-07-31 04:57:10,209 [INFO] Processing PES2UG19CS404 (.c)...
2026-07-31 04:55:09,068 [INFO]   OK: PES2UG19CS404 [c]
2026-07-31 04:55:09,068 [INFO] Processing PES2UG19CS405 (.c)...
2026-07-31 04:55:11,590 [INFO]   OK: PES2UG19CS405 [c]
2026-07-31 04:55:11,590 [INFO] Processing PES2UG19CS406 (.c)...
2026-07-31 04:55:14,247 [INFO]   OK: PES2UG19CS406 [c]
2026-07-31 04:55:14,248 [INFO] Processing PES2UG19CS407 (.c)...
2026-07-31 04:55:16,695 [INFO]   OK: PES2UG19CS407 [c]
2026-07-31 04:55:16,695 [INFO] Processing PES2UG19CS408 (.c)...
2026-07-31 04:55:19,371 [INFO]   OK: PES2UG19CS408 [c]
2026-07-31 04:55:19,372 [INFO] Processing PES2UG19CS410 (.c)...
2026-07-31 04:55:21,770 [INFO]   OK: PES2UG19CS410 [c]
2026-07-31 04:55:21,770 [INFO] Processing PES2UG19CS411 (.c)...
2026-07-31 04:55:24,268 [INFO]   OK: PES2UG19CS411 [c]
2026-07-31 04:55:24,268 [INFO] Processing PES2UG19CS412 (.c)...
2026-07-31 04:55:26,701 [INFO]   OK: PES2UG19CS412 [c]
2026-07-31 04:55:26,702 [INFO] Processing PES2UG19CS413 (.c)...
2026-07-31 04:55:29,295 [INFO]   OK: PES2UG19CS413 [c]
2026-07-31 04:55:29,295 [INFO] Processing PES2UG19CS416 (.c)...
2026-07-31 04:55:31,815 [INFO]   OK: PES2UG19CS416 [c]
2026-07-31 04:55:31,815 [INFO] Processing PES2UG19CS417 (.c)...
2026-07-31 04:55:34,205 [INFO]   OK: PES2UG19CS417 [c]
2026-07-31 04:55:34,206 [INFO] Processing PES2UG19CS418 (.c)...
2026-07-31 04:55:36,750 [INFO]   OK: PES2UG19CS418 [c]
2026-07-31 04:55:36,751 [INFO] Processing PES2UG19CS419 (.c)...
2026-07-31 04:55:39,287 [INFO]   OK: PES2UG19CS419 [c]
2026-07-31 04:55:39,287 [INFO] Processing PES2UG19CS420 (.c)...
2026-07-31 04:55:41,744 [INFO]   OK: PES2UG19CS420 [c]
2026-07-31 04:55:41,745 [INFO] Processing PES2UG19CS421 (.c)...
2026-07-31 04:55:44,473 [INFO]   OK: PES2UG19CS421 [c]
2026-07-31 04:55:44,473 [INFO] Processing PES2UG19CS422 (.c)...
2026-07-31 04:55:47,138 [INFO]   OK: PES2UG19CS422 [c]
2026-07-31 04:55:47,138 [INFO] Processing PES2UG19CS424 (.C)...
2026-07-31 04:55:49,195 [INFO]   OK: PES2UG19CS424 [c]
2026-07-31 04:55:49,195 [INFO] Processing PES2UG19CS425 (.c)...
2026-07-31 04:55:51,984 [INFO]   OK: PES2UG19CS425 [c]
2026-07-31 04:55:51,984 [INFO] Processing PES2UG19CS427 (.c)...
2026-07-31 04:55:54,594 [INFO]   OK: PES2UG19CS427 [c]
2026-07-31 04:55:54,595 [INFO] Processing PES2UG19CS428 (.c)...
2026-07-31 04:55:57,219 [INFO]   OK: PES2UG19CS428 [c]
2026-07-31 04:55:57,219 [INFO] Processing PES2UG19CS429 (.c)...
2026-07-31 04:55:59,692 [INFO]   OK: PES2UG19CS429 [c]
2026-07-31 04:55:59,692 [INFO] Processing PES2UG19CS430 (.c)...
2026-07-31 04:56:02,097 [INFO]   OK: PES2UG19CS430 [c]
2026-07-31 04:56:02,098 [INFO] Processing PES2UG19CS432 (.c)...
2026-07-31 04:56:04,724 [INFO]   OK: PES2UG19CS432 [c]
2026-07-31 04:56:04,724 [INFO] Processing PES2UG19CS433 (.c)...
2026-07-31 04:56:07,465 [INFO]   OK: PES2UG19CS433 [c]
2026-07-31 04:56:07,465 [INFO] Processing PES2UG19CS434 (.c)...
2026-07-31 04:56:09,858 [INFO]   OK: PES2UG19CS434 [c]
2026-07-31 04:56:09,859 [INFO] Processing PES2UG19CS436 (.c)...
2026-07-31 04:56:12,470 [INFO]   OK: PES2UG19CS436 [c]
2026-07-31 04:56:12,470 [INFO] Processing PES2UG19CS437 (.c)...
2026-07-31 04:56:15,249 [INFO]   OK: PES2UG19CS437 [c]
2026-07-31 04:56:15,249 [INFO] Processing PES2UG19CS438 (.c)...
2026-07-31 04:56:17,752 [INFO]   OK: PES2UG19CS438 [c]
2026-07-31 04:56:17,752 [INFO] Processing PES2UG19CS439 (.c)...
2026-07-31 04:56:20,090 [INFO]   OK: PES2UG19CS439 [c]
2026-07-31 04:56:20,090 [WARNING]   IGNORED (not a recognized source file): G_PES2UG19CS440_Week11b - Akshith Sai.zip
2026-07-31 04:56:20,090 [INFO] Processing PES2UG19CS442 (.c)...
2026-07-31 04:56:22,438 [INFO]   OK: PES2UG19CS442 [c]
2026-07-31 04:56:22,438 [INFO] Processing PES2UG19CS444 (.c)...
2026-07-31 04:56:24,794 [INFO]   OK: PES2UG19CS444 [c]
2026-07-31 04:56:24,794 [INFO] Processing PES2UG19CS445 (.c)...
2026-07-31 04:56:27,134 [INFO]   OK: PES2UG19CS445 [c]
2026-07-31 04:56:27,134 [INFO] Processing PES2UG19CS448 (.c)...
2026-07-31 04:56:29,540 [INFO]   OK: PES2UG19CS448 [c]
2026-07-31 04:56:29,540 [INFO] Processing PES2UG19CS449 (.c)...
2026-07-31 04:56:32,029 [INFO]   OK: PES2UG19CS449 [c]
2026-07-31 04:56:32,029 [INFO] Processing PES2UG19CS450 (.c)...
2026-07-31 04:56:34,490 [INFO]   OK: PES2UG19CS450 [c]
2026-07-31 04:56:34,491 [INFO] Processing PES2UG19CS451 (.c)...
2026-07-31 04:56:36,884 [INFO]   OK: PES2UG19CS451 [c]
2026-07-31 04:56:36,884 [INFO] Processing PES2UG19CS453 (.c)...
2026-07-31 04:56:39,493 [INFO]   OK: PES2UG19CS453 [c]
2026-07-31 04:56:39,494 [INFO] Processing PES2UG19CS454 (.c)...
2026-07-31 04:56:42,325 [INFO]   OK: PES2UG19CS454 [c]
2026-07-31 04:56:42,325 [INFO] Processing PES2UG19CS455 (.c)...
2026-07-31 04:56:44,833 [INFO]   OK: PES2UG19CS455 [c]
2026-07-31 04:56:44,833 [INFO] Processing PES2UG19CS456 (.C)...
2026-07-31 04:56:46,691 [INFO]   OK: PES2UG19CS456 [c]
2026-07-31 04:56:46,691 [INFO] Processing PES2UG19CS457 (.c)...
2026-07-31 04:56:49,033 [INFO]   OK: PES2UG19CS457 [c]
2026-07-31 04:56:49,033 [INFO] Processing PES2UG19CS458 (.c)...
2026-07-31 04:56:51,368 [INFO]   OK: PES2UG19CS458 [c]
2026-07-31 04:56:51,368 [INFO] Processing PES2UG19CS459 (.c)...
2026-07-31 04:56:53,729 [INFO]   OK: PES2UG19CS459 [c]
2026-07-31 04:56:53,729 [INFO] Processing PES2UG19CS460 (.c)...
2026-07-31 04:56:55,997 [INFO]   OK: PES2UG19CS460 [c]
2026-07-31 04:56:55,997 [INFO] Processing PES2UG19CS461 (.c)...
2026-07-31 04:56:58,348 [INFO]   OK: PES2UG19CS461 [c]
2026-07-31 04:56:58,349 [INFO] Processing PES2UG19CS462 (.c)...
2026-07-31 04:57:00,651 [INFO]   OK: PES2UG19CS462 [c]
2026-07-31 04:57:00,651 [INFO] Processing PES2UG19CS463 (.c)...
2026-07-31 04:57:03,058 [INFO]   OK: PES2UG19CS463 [c]
2026-07-31 04:57:03,059 [INFO] Processing PES2UG19CS464 (.c)...
2026-07-31 04:57:05,419 [INFO]   OK: PES2UG19CS464 [c]
2026-07-31 04:57:05,419 [INFO] Processing PES2UG19CS465 (.C)...
2026-07-31 04:57:07,287 [INFO]   OK: PES2UG19CS465 [c]
2026-07-31 04:57:07,287 [WARNING]   IGNORED (not a recognized source file): G_PES2UG19CS467_Week11b - mani deep
2026-07-31 04:57:07,287 [INFO] Processing PES2UG19CS901 (.c)...
2026-07-31 04:57:09,627 [INFO]   OK: PES2UG19CS901 [c]
2026-07-31 04:57:09,627 [INFO] Processing PES2UG19CS902 (.c)...
2026-07-31 04:57:11,981 [INFO]   OK: PES2UG19CS902 [c]
2026-07-31 04:57:11,981 [INFO] Processing PES2UG19CS903 (.c)...
2026-07-31 04:57:14,323 [INFO]   OK: PES2UG19CS903 [c]
2026-07-31 04:57:14,323 [INFO] Processing PES2UG19CS904 (.c)...
2026-07-31 04:57:16,841 [INFO]   OK: PES2UG19CS904 [c]
2026-07-31 04:57:16,842 [INFO] Processing PES2UG19CS905 (.c)...
2026-07-31 04:57:19,229 [INFO]   OK: PES2UG19CS905 [c]
2026-07-31 04:57:19,229 [INFO] Processing PES2UG19CS906 (.c)...
2026-07-31 04:57:21,724 [INFO]   OK: PES2UG19CS906 [c]
2026-07-31 04:57:21,724 [INFO] Processing PES2UG19CS908 (.c)...
2026-07-31 04:57:24,107 [INFO]   OK: PES2UG19CS908 [c]
2026-07-31 04:57:24,107 [INFO] Processing PES2UG19CS910 (.c)...
2026-07-31 04:59:30,391 [INFO]   OK: PES2UG19CS910 [c]
2026-07-31 04:59:30,391 [INFO] Processing H_PES2201700725_Week11b__Gohan_Son (.c)...
2026-07-31 04:57:29,067 [INFO]   OK: H_PES2201700725_Week11b__Gohan_Son [c]
2026-07-31 04:57:29,070 [INFO] Done. 404 succeeded, 0 failed, 7 non-source files ignored.
2026-07-31 04:57:30,811 [INFO] Found 403 files in /mnt/c/Users/admin/Downloads/lab_ec/lab_ec/week12/A
2026-07-31 04:57:30,812 [INFO] Processing PES2UG19CS001 (.c)...
2026-07-31 04:57:33,280 [INFO]   OK: PES2UG19CS001 [c]
2026-07-31 04:57:33,280 [INFO] Processing PES2UG19CS002 (.c)...
2026-07-31 04:57:35,727 [INFO]   OK: PES2UG19CS002 [c]
2026-07-31 04:57:35,727 [INFO] Processing PES2UG19CS003 (.c)...
2026-07-31 04:57:38,069 [INFO]   OK: PES2UG19CS003 [c]
2026-07-31 04:57:38,070 [INFO] Processing PES2UG19CS005 (.c)...
2026-07-31 04:57:40,471 [INFO]   OK: PES2UG19CS005 [c]
2026-07-31 04:57:40,471 [INFO] Processing PES2UG19CS006 (.c)...
2026-07-31 04:57:42,984 [INFO]   OK: PES2UG19CS006 [c]
2026-07-31 04:57:42,985 [INFO] Processing PES2UG19CS007 (.c)...
2026-07-31 04:57:45,526 [INFO]   OK: PES2UG19CS007 [c]
2026-07-31 04:57:45,526 [INFO] Processing PES2UG19CS008 (.c)...
2026-07-31 04:57:47,916 [INFO]   OK: PES2UG19CS008 [c]
2026-07-31 04:57:47,916 [INFO] Processing PES2UG19CS008 (.c)...
2026-07-31 04:57:50,371 [INFO]   OK: PES2UG19CS008 [c]
2026-07-31 04:57:50,371 [INFO] Processing PES2UG19CS009 (.c)...
2026-07-31 04:57:53,213 [INFO]   OK: PES2UG19CS009 [c]
2026-07-31 04:57:53,213 [INFO] Processing PES2UG19CS010 (.c)...
2026-07-31 04:57:55,960 [INFO]   OK: PES2UG19CS010 [c]
2026-07-31 04:57:55,960 [INFO] Processing PES2UG19CS011 (.c)...
2026-07-31 04:57:58,367 [INFO]   OK: PES2UG19CS011 [c]
2026-07-31 04:57:58,367 [INFO] Processing PES2UG19CS012 (.c)...
2026-07-31 04:58:00,905 [INFO]   OK: PES2UG19CS012 [c]
2026-07-31 04:58:00,905 [INFO] Processing PES2UG19CS013 (.c)...
2026-07-31 04:58:03,420 [INFO]   OK: PES2UG19CS013 [c]
2026-07-31 04:58:03,420 [INFO] Processing PES2UG19CS014 (.c)...
2026-07-31 04:58:06,106 [INFO]   OK: PES2UG19CS014 [c]
2026-07-31 04:58:06,106 [INFO] Processing PES2UG19CS015 (.c)...
2026-07-31 04:58:08,850 [INFO]   OK: PES2UG19CS015 [c]
2026-07-31 04:58:08,850 [INFO] Processing PES2UG19CS016 (.c)...
2026-07-31 04:58:11,330 [INFO]   OK: PES2UG19CS016 [c]
2026-07-31 04:58:11,331 [INFO] Processing PES2UG19CS017 (.c)...
2026-07-31 04:58:13,930 [INFO]   OK: PES2UG19CS017 [c]
2026-07-31 04:58:13,930 [INFO] Processing PES2UG19CS018 (.c)...
2026-07-31 04:58:16,462 [INFO]   OK: PES2UG19CS018 [c]
2026-07-31 04:58:16,462 [INFO] Processing PES2UG19CS019 (.c)...
2026-07-31 04:58:18,994 [INFO]   OK: PES2UG19CS019 [c]
2026-07-31 04:58:18,994 [INFO] Processing PES2UG19CS020 (.c)...
2026-07-31 04:58:21,391 [INFO]   OK: PES2UG19CS020 [c]
2026-07-31 04:58:21,391 [INFO] Processing PES2UG19CS022 (.c)...
2026-07-31 04:58:23,908 [INFO]   OK: PES2UG19CS022 [c]
2026-07-31 04:58:23,908 [INFO] Processing PES2UG19CS023 (.c)...
2026-07-31 04:58:26,209 [INFO]   OK: PES2UG19CS023 [c]
2026-07-31 04:58:26,209 [INFO] Processing PES2UG19CS024 (.c)...
2026-07-31 04:58:28,564 [INFO]   OK: PES2UG19CS024 [c]
2026-07-31 04:58:28,564 [INFO] Processing PES2UG19CS025 (.c)...
2026-07-31 04:58:30,949 [INFO]   OK: PES2UG19CS025 [c]
2026-07-31 04:58:30,949 [INFO] Processing PES2UG19CS027 (.c)...
2026-07-31 04:58:33,408 [INFO]   OK: PES2UG19CS027 [c]
2026-07-31 04:58:33,408 [INFO] Processing PES2UG19CS028 (.c)...
2026-07-31 04:58:35,993 [INFO]   OK: PES2UG19CS028 [c]
2026-07-31 04:58:35,993 [INFO] Processing PES2UG19CS029 (.c)...
2026-07-31 04:58:38,603 [INFO]   OK: PES2UG19CS029 [c]
2026-07-31 04:58:38,603 [INFO] Processing PES2UG19CS030 (.c)...
2026-07-31 04:58:41,152 [INFO]   OK: PES2UG19CS030 [c]
2026-07-31 04:58:41,152 [INFO] Processing PES2UG19CS031 (.c)...
2026-07-31 04:58:43,610 [INFO]   OK: PES2UG19CS031 [c]
2026-07-31 04:58:43,610 [INFO] Processing PES2UG19CS032 (.c)...
2026-07-31 04:58:46,154 [INFO]   OK: PES2UG19CS032 [c]
2026-07-31 04:58:46,154 [INFO] Processing PES2UG19CS034 (.c)...
2026-07-31 04:58:48,690 [INFO]   OK: PES2UG19CS034 [c]
2026-07-31 04:58:48,690 [INFO] Processing PES2UG19CS035 (.c)...
2026-07-31 04:58:51,107 [INFO]   OK: PES2UG19CS035 [c]
2026-07-31 04:58:51,107 [INFO] Processing PES2UG19CS036 (.c)...
2026-07-31 04:58:53,598 [INFO]   OK: PES2UG19CS036 [c]
2026-07-31 04:58:53,599 [INFO] Processing PES2UG19CS037 (.c)...
2026-07-31 04:58:56,319 [INFO]   OK: PES2UG19CS037 [c]
2026-07-31 04:58:56,319 [INFO] Processing PES2UG19CS038 (.c)...
2026-07-31 04:58:59,099 [INFO]   OK: PES2UG19CS038 [c]
2026-07-31 04:58:59,099 [INFO] Processing PES2UG19CS039 (.c)...
2026-07-31 04:59:01,662 [INFO]   OK: PES2UG19CS039 [c]
2026-07-31 04:59:01,662 [INFO] Processing PES2UG19CS041 (.c)...
2026-07-31 04:59:04,085 [INFO]   OK: PES2UG19CS041 [c]
2026-07-31 04:59:04,086 [INFO] Processing PES2UG19CS043 (.c)...
2026-07-31 04:59:06,492 [INFO]   OK: PES2UG19CS043 [c]
2026-07-31 04:59:06,492 [INFO] Processing PES2UG19CS044 (.c)...
2026-07-31 04:59:08,932 [INFO]   OK: PES2UG19CS044 [c]
2026-07-31 04:59:08,932 [INFO] Processing PES2UG19CS045 (.c)...
2026-07-31 04:59:11,387 [INFO]   OK: PES2UG19CS045 [c]
2026-07-31 04:59:11,387 [INFO] Processing PES2UG19CS046 (.c)...
2026-07-31 04:59:13,810 [INFO]   OK: PES2UG19CS046 [c]
2026-07-31 04:59:13,810 [INFO] Processing PES2UG19CS047 (.c)...
2026-07-31 04:59:16,172 [INFO]   OK: PES2UG19CS047 [c]
2026-07-31 04:59:16,172 [INFO] Processing PES2UG19CS048 (.c)...
2026-07-31 04:59:18,636 [INFO]   OK: PES2UG19CS048 [c]
2026-07-31 04:59:18,636 [INFO] Processing PES2UG19CS049 (.c)...
2026-07-31 04:59:21,003 [INFO]   OK: PES2UG19CS049 [c]
2026-07-31 04:59:21,003 [INFO] Processing PES2UG19CS050 (.c)...
2026-07-31 04:59:23,369 [INFO]   OK: PES2UG19CS050 [c]
2026-07-31 04:59:23,369 [INFO] Processing PES2UG19CS051 (.c)...
2026-07-31 04:59:25,743 [INFO]   OK: PES2UG19CS051 [c]
2026-07-31 04:59:25,743 [INFO] Processing PES2UG19CS052 (.c)...
2026-07-31 04:59:28,227 [INFO]   OK: PES2UG19CS052 [c]
2026-07-31 04:59:28,228 [INFO] Processing PES2UG19CS053 (.c)...
2026-07-31 04:59:30,890 [INFO]   OK: PES2UG19CS053 [c]
2026-07-31 04:59:30,890 [INFO] Processing PES2UG19CS054 (.c)...
2026-07-31 04:59:33,342 [INFO]   OK: PES2UG19CS054 [c]
2026-07-31 04:59:33,342 [INFO] Processing PES2UG19CS055 (.c)...
2026-07-31 04:59:35,880 [INFO]   OK: PES2UG19CS055 [c]
2026-07-31 04:59:35,880 [INFO] Processing PES2UG19CS056 (.c)...
2026-07-31 04:59:38,391 [INFO]   OK: PES2UG19CS056 [c]
2026-07-31 04:59:38,391 [INFO] Processing PES2UG19CS057 (.c)...
2026-07-31 04:59:40,786 [INFO]   OK: PES2UG19CS057 [c]
2026-07-31 04:59:40,786 [INFO] Processing PES2UG19CS058 (.c)...
2026-07-31 04:59:43,173 [INFO]   OK: PES2UG19CS058 [c]
2026-07-31 04:59:43,173 [INFO] Processing PES2UG19CS059 (.c)...
2026-07-31 04:59:45,524 [INFO]   OK: PES2UG19CS059 [c]
2026-07-31 04:59:45,525 [INFO] Processing PES2UG19CS060 (.c)...
2026-07-31 04:59:47,943 [INFO]   OK: PES2UG19CS060 [c]
2026-07-31 04:59:47,943 [INFO] Processing PES2UG19CS061 (.c)...
2026-07-31 04:59:50,324 [INFO]   OK: PES2UG19CS061 [c]
2026-07-31 04:59:50,325 [INFO] Processing PES2UG19CS062 (.c)...
2026-07-31 04:59:52,708 [INFO]   OK: PES2UG19CS062 [c]
2026-07-31 04:59:52,709 [INFO] Processing PES2UG19CS063 (.c)...
2026-07-31 04:59:55,095 [INFO]   OK: PES2UG19CS063 [c]
2026-07-31 04:59:55,095 [INFO] Processing PES2UG19CS064 (.c)...
2026-07-31 04:59:57,543 [INFO]   OK: PES2UG19CS064 [c]
2026-07-31 04:59:57,543 [INFO] Processing PES2UG19CS065 (.c)...
2026-07-31 04:59:59,965 [INFO]   OK: PES2UG19CS065 [c]
2026-07-31 04:59:59,965 [INFO] Processing PES2UG19CS066 (.c)...
2026-07-31 05:00:02,389 [INFO]   OK: PES2UG19CS066 [c]
2026-07-31 05:00:02,389 [INFO] Processing PES2UG19CS067 (.c)...
2026-07-31 05:00:04,858 [INFO]   OK: PES2UG19CS067 [c]
2026-07-31 05:00:04,858 [INFO] Processing PES2UG19CS068 (.c)...
2026-07-31 05:00:07,446 [INFO]   OK: PES2UG19CS068 [c]
2026-07-31 05:00:07,447 [INFO] Processing PES2UG19CS069 (.c)...
2026-07-31 05:00:10,141 [INFO]   OK: PES2UG19CS069 [c]
2026-07-31 05:00:10,141 [INFO] Processing PES2UG19CS070 (.c)...
2026-07-31 05:00:13,302 [INFO]   OK: PES2UG19CS070 [c]
2026-07-31 05:00:13,303 [INFO] Processing PES2UG19CS070 (.c)...
2026-07-31 05:00:16,203 [INFO]   OK: PES2UG19CS070 [c]
2026-07-31 05:00:16,204 [INFO] Processing PES2UG19CS071 (.c)...
2026-07-31 05:00:19,466 [INFO]   OK: PES2UG19CS071 [c]
2026-07-31 05:00:19,466 [INFO] Processing PES2UG19CS073 (.C)...
2026-07-31 05:02:25,765 [INFO]   OK: PES2UG19CS073 [c]
2026-07-31 05:02:25,765 [INFO] Processing PES2UG19CS074 (.c)...
2026-07-31 05:00:24,482 [INFO]   OK: PES2UG19CS074 [c]
2026-07-31 05:00:24,482 [INFO] Processing PES2UG19CS075 (.c)...
2026-07-31 05:00:27,944 [INFO]   OK: PES2UG19CS075 [c]
2026-07-31 05:00:27,944 [INFO] Processing PES2UG19CS076 (.c)...
2026-07-31 05:00:30,638 [INFO]   OK: PES2UG19CS076 [c]
2026-07-31 05:00:30,638 [INFO] Processing PES2UG19CS077 (.c)...
2026-07-31 05:00:33,356 [INFO]   OK: PES2UG19CS077 [c]
2026-07-31 05:00:33,356 [INFO] Processing PES2UG19CS078 (.c)...
2026-07-31 05:00:35,912 [INFO]   OK: PES2UG19CS078 [c]
2026-07-31 05:00:35,913 [INFO] Processing PES2UG19CS079 (.c)...
2026-07-31 05:00:38,530 [INFO]   OK: PES2UG19CS079 [c]
2026-07-31 05:00:38,530 [INFO] Processing PES2UG19CS083 (.c)...
2026-07-31 05:00:41,023 [INFO]   OK: PES2UG19CS083 [c]
2026-07-31 05:00:41,023 [INFO] Processing PES2UG19CS084 (.c)...
2026-07-31 05:00:44,778 [INFO]   OK: PES2UG19CS084 [c]
2026-07-31 05:00:44,778 [INFO] Processing PES2UG19CS086 (.c)...
2026-07-31 05:00:48,504 [INFO]   OK: PES2UG19CS086 [c]
2026-07-31 05:00:48,504 [INFO] Processing PES2UG19CS087 (.c)...
2026-07-31 05:00:51,158 [INFO]   OK: PES2UG19CS087 [c]
2026-07-31 05:00:51,158 [INFO] Processing PES2UG19CS088 (.c)...
2026-07-31 05:00:54,116 [INFO]   OK: PES2UG19CS088 [c]
2026-07-31 05:00:54,116 [INFO] Processing PES2UG19CS089 (.c)...
2026-07-31 05:00:56,658 [INFO]   OK: PES2UG19CS089 [c]
2026-07-31 05:00:56,658 [INFO] Processing PES2UG19CS091 (.c)...
2026-07-31 05:01:00,065 [INFO]   OK: PES2UG19CS091 [c]
2026-07-31 05:01:00,065 [INFO] Processing PES2UG19CS092 (.c)...
2026-07-31 05:01:03,208 [INFO]   OK: PES2UG19CS092 [c]
2026-07-31 05:01:03,208 [INFO] Processing PES2UG19CS093 (.c)...
2026-07-31 05:01:06,208 [INFO]   OK: PES2UG19CS093 [c]
2026-07-31 05:01:06,208 [INFO] Processing PES2UG19CS096 (.c)...
2026-07-31 05:01:09,160 [INFO]   OK: PES2UG19CS096 [c]
2026-07-31 05:01:09,160 [INFO] Processing PES2UG19CS097 (.c)...
2026-07-31 05:01:12,179 [INFO]   OK: PES2UG19CS097 [c]
2026-07-31 05:01:12,179 [INFO] Processing PES2UG19CS098 (.c)...
2026-07-31 05:01:14,802 [INFO]   OK: PES2UG19CS098 [c]
2026-07-31 05:01:14,802 [INFO] Processing PES2UG19CS099 (.c)...
2026-07-31 05:01:17,568 [INFO]   OK: PES2UG19CS099 [c]
2026-07-31 05:01:17,568 [INFO] Processing PES2UG19CS100 (.c)...
2026-07-31 05:01:20,191 [INFO]   OK: PES2UG19CS100 [c]
2026-07-31 05:01:20,191 [INFO] Processing PES2UG19CS101 (.c)...
2026-07-31 05:01:24,361 [INFO]   OK: PES2UG19CS101 [c]
2026-07-31 05:01:24,361 [INFO] Processing PES2UG19CS102 (.c)...
2026-07-31 05:01:28,578 [INFO]   OK: PES2UG19CS102 [c]
2026-07-31 05:01:28,579 [INFO] Processing PES2UG19CS103 (.c)...
2026-07-31 05:01:31,956 [INFO]   OK: PES2UG19CS103 [c]
2026-07-31 05:01:31,956 [INFO] Processing PES2UG19CS104 (.c)...
2026-07-31 05:01:35,652 [INFO]   OK: PES2UG19CS104 [c]
2026-07-31 05:01:35,652 [INFO] Processing PES2UG19CS105 (.c)...
2026-07-31 05:01:39,058 [INFO]   OK: PES2UG19CS105 [c]
2026-07-31 05:01:39,058 [INFO] Processing PES2UG19CS106 (.c)...
2026-07-31 05:01:41,970 [INFO]   OK: PES2UG19CS106 [c]
2026-07-31 05:01:41,970 [INFO] Processing PES2UG19CS109 (.c)...
2026-07-31 05:01:44,895 [INFO]   OK: PES2UG19CS109 [c]
2026-07-31 05:01:44,896 [INFO] Processing PES2UG19CS110 (.c)...
2026-07-31 05:01:47,831 [INFO]   OK: PES2UG19CS110 [c]
2026-07-31 05:01:47,832 [INFO] Processing PES2UG19CS111 (.c)...
2026-07-31 05:01:50,342 [INFO]   OK: PES2UG19CS111 [c]
2026-07-31 05:01:50,343 [INFO] Processing PES2UG19CS112 (.c)...
2026-07-31 05:01:52,883 [INFO]   OK: PES2UG19CS112 [c]
2026-07-31 05:01:52,883 [INFO] Processing PES2UG19CS113 (.c)...
2026-07-31 05:01:55,427 [INFO]   OK: PES2UG19CS113 [c]
2026-07-31 05:01:55,428 [INFO] Processing PES2UG19CS114 (.c)...
2026-07-31 05:01:58,036 [INFO]   OK: PES2UG19CS114 [c]
2026-07-31 05:01:58,036 [INFO] Processing PES2UG19CS116 (.c)...
2026-07-31 05:02:00,769 [INFO]   OK: PES2UG19CS116 [c]
2026-07-31 05:02:00,769 [INFO] Processing PES2UG19CS117 (.c)...
2026-07-31 05:02:03,148 [INFO]   OK: PES2UG19CS117 [c]
2026-07-31 05:02:03,148 [INFO] Processing PES2UG19CS118 (.c)...
2026-07-31 05:02:05,573 [INFO]   OK: PES2UG19CS118 [c]
2026-07-31 05:02:05,573 [INFO] Processing PES2UG19CS119 (.c)...
2026-07-31 05:02:08,020 [INFO]   OK: PES2UG19CS119 [c]
2026-07-31 05:02:08,020 [INFO] Processing PES2UG19CS120 (.c)...
2026-07-31 05:02:10,471 [INFO]   OK: PES2UG19CS120 [c]
2026-07-31 05:02:10,471 [INFO] Processing PES2UG19CS122 (.c)...
2026-07-31 05:02:12,902 [INFO]   OK: PES2UG19CS122 [c]
2026-07-31 05:02:12,903 [INFO] Processing PES2UG19CS124 (.c)...
2026-07-31 05:02:15,332 [INFO]   OK: PES2UG19CS124 [c]
2026-07-31 05:02:15,332 [INFO] Processing PES2UG19CS125 (.c)...
2026-07-31 05:02:17,719 [INFO]   OK: PES2UG19CS125 [c]
2026-07-31 05:02:17,719 [INFO] Processing PES2UG19CS126 (.c)...
2026-07-31 05:02:20,267 [INFO]   OK: PES2UG19CS126 [c]
2026-07-31 05:02:20,267 [INFO] Processing PES2UG19CS127 (.c)...
2026-07-31 05:02:22,870 [INFO]   OK: PES2UG19CS127 [c]
2026-07-31 05:02:22,870 [INFO] Processing PES2UG19CS130 (.c)...
2026-07-31 05:02:25,211 [INFO]   OK: PES2UG19CS130 [c]
2026-07-31 05:02:25,211 [INFO] Processing PES2UG19CS131 (.c)...
2026-07-31 05:02:27,560 [INFO]   OK: PES2UG19CS131 [c]
2026-07-31 05:02:27,560 [INFO] Processing PES2UG19CS132 (.c)...
2026-07-31 05:02:29,921 [INFO]   OK: PES2UG19CS132 [c]
2026-07-31 05:02:29,922 [INFO] Processing PES2UG19CS134 (.c)...
2026-07-31 05:02:32,341 [INFO]   OK: PES2UG19CS134 [c]
2026-07-31 05:02:32,341 [INFO] Processing PES2UG19CS394 (.c)...
2026-07-31 05:02:34,781 [INFO]   OK: PES2UG19CS394 [c]
2026-07-31 05:02:34,781 [INFO] Processing C_PES2U19CS137_Week_12__hariprasad_hr (.c)...
2026-07-31 05:04:40,987 [INFO]   OK: C_PES2U19CS137_Week_12__hariprasad_hr [c]
2026-07-31 05:04:40,987 [INFO] Processing PES2UG19CS133 (.c)...
2026-07-31 05:02:39,724 [INFO]   OK: PES2UG19CS133 [c]
2026-07-31 05:02:39,725 [INFO] Processing PES2UG19CS135 (.c)...
2026-07-31 05:02:42,137 [INFO]   OK: PES2UG19CS135 [c]
2026-07-31 05:02:42,137 [INFO] Processing PES2UG19CS136 (.c)...
2026-07-31 05:02:44,527 [INFO]   OK: PES2UG19CS136 [c]
2026-07-31 05:02:44,528 [INFO] Processing PES2UG19CS138 (.c)...
2026-07-31 05:02:47,025 [INFO]   OK: PES2UG19CS138 [c]
2026-07-31 05:02:47,025 [INFO] Processing PES2UG19CS143 (.c)...
2026-07-31 05:02:49,472 [INFO]   OK: PES2UG19CS143 [c]
2026-07-31 05:02:49,473 [INFO] Processing PES2UG19CS145 (.c)...
2026-07-31 05:02:51,897 [INFO]   OK: PES2UG19CS145 [c]
2026-07-31 05:02:51,897 [INFO] Processing PES2UG19CS146 (.c)...
2026-07-31 05:02:54,313 [INFO]   OK: PES2UG19CS146 [c]
2026-07-31 05:02:54,313 [INFO] Processing PES2UG19CS147 (.c)...
2026-07-31 05:02:56,757 [INFO]   OK: PES2UG19CS147 [c]
2026-07-31 05:02:56,757 [INFO] Processing PES2UG19CS148 (.c)...
2026-07-31 05:02:59,204 [INFO]   OK: PES2UG19CS148 [c]
2026-07-31 05:02:59,204 [INFO] Processing PES2UG19CS149 (.c)...
2026-07-31 05:03:01,962 [INFO]   OK: PES2UG19CS149 [c]
2026-07-31 05:03:01,962 [INFO] Processing PES2UG19CS150 (.c)...
2026-07-31 05:03:04,728 [INFO]   OK: PES2UG19CS150 [c]
2026-07-31 05:03:04,728 [INFO] Processing PES2UG19CS151 (.c)...
2026-07-31 05:03:07,970 [INFO]   OK: PES2UG19CS151 [c]
2026-07-31 05:03:07,970 [INFO] Processing PES2UG19CS152 (.c)...
2026-07-31 05:03:10,545 [INFO]   OK: PES2UG19CS152 [c]
2026-07-31 05:03:10,545 [INFO] Processing PES2UG19CS153 (.c)...
2026-07-31 05:03:13,164 [INFO]   OK: PES2UG19CS153 [c]
2026-07-31 05:03:13,164 [INFO] Processing PES2UG19CS154 (.c)...
2026-07-31 05:03:15,623 [INFO]   OK: PES2UG19CS154 [c]
2026-07-31 05:03:15,624 [INFO] Processing PES2UG19CS156 (.c)...
2026-07-31 05:03:18,052 [INFO]   OK: PES2UG19CS156 [c]
2026-07-31 05:03:18,052 [INFO] Processing PES2UG19CS157 (.c)...
2026-07-31 05:03:20,382 [INFO]   OK: PES2UG19CS157 [c]
2026-07-31 05:03:20,382 [INFO] Processing PES2UG19CS160 (.c)...
2026-07-31 05:03:22,886 [INFO]   OK: PES2UG19CS160 [c]
2026-07-31 05:03:22,886 [INFO] Processing PES2UG19CS161 (.c)...
2026-07-31 05:03:25,346 [INFO]   OK: PES2UG19CS161 [c]
2026-07-31 05:03:25,346 [INFO] Processing PES2UG19CS163 (.c)...
2026-07-31 05:03:27,661 [INFO]   OK: PES2UG19CS163 [c]
2026-07-31 05:03:27,661 [INFO] Processing PES2UG19CS164 (.c)...
2026-07-31 05:03:30,032 [INFO]   OK: PES2UG19CS164 [c]
2026-07-31 05:03:30,033 [INFO] Processing PES2UG19CS165 (.c)...
2026-07-31 05:03:32,432 [INFO]   OK: PES2UG19CS165 [c]
2026-07-31 05:03:32,432 [INFO] Processing PES2UG19CS166 (.c)...
2026-07-31 05:03:35,037 [INFO]   OK: PES2UG19CS166 [c]
2026-07-31 05:03:35,037 [INFO] Processing PES2UG19CS167 (.c)...
2026-07-31 05:03:37,578 [INFO]   OK: PES2UG19CS167 [c]
2026-07-31 05:03:37,578 [INFO] Processing PES2UG19CS168 (.c)...
2026-07-31 05:03:40,185 [INFO]   OK: PES2UG19CS168 [c]
2026-07-31 05:03:40,186 [INFO] Processing PES2UG19CS169 (.c)...
2026-07-31 05:03:42,799 [INFO]   OK: PES2UG19CS169 [c]
2026-07-31 05:03:42,799 [INFO] Processing PES2UG19CS170 (.c)...
2026-07-31 05:03:45,396 [INFO]   OK: PES2UG19CS170 [c]
2026-07-31 05:03:45,396 [INFO] Processing PES2UG19CS171 (.c)...
2026-07-31 05:03:48,125 [INFO]   OK: PES2UG19CS171 [c]
2026-07-31 05:03:48,126 [INFO] Processing PES2UG19CS172 (.c)...
2026-07-31 05:03:50,567 [INFO]   OK: PES2UG19CS172 [c]
2026-07-31 05:03:50,567 [INFO] Processing PES2UG19CS173 (.c)...
2026-07-31 05:03:53,053 [INFO]   OK: PES2UG19CS173 [c]
2026-07-31 05:03:53,053 [INFO] Processing PES2UG19CS174 (.c)...
2026-07-31 05:03:55,559 [INFO]   OK: PES2UG19CS174 [c]
2026-07-31 05:03:55,559 [INFO] Processing PES2UG19CS175 (.c)...
2026-07-31 05:03:58,090 [INFO]   OK: PES2UG19CS175 [c]
2026-07-31 05:03:58,090 [INFO] Processing PES2UG19CS176 (.c)...
2026-07-31 05:04:00,681 [INFO]   OK: PES2UG19CS176 [c]
2026-07-31 05:04:00,681 [INFO] Processing PES2UG19CS177 (.c)...
2026-07-31 05:04:03,143 [INFO]   OK: PES2UG19CS177 [c]
2026-07-31 05:04:03,143 [INFO] Processing PES2UG19CS178 (.c)...
2026-07-31 05:04:05,554 [INFO]   OK: PES2UG19CS178 [c]
2026-07-31 05:04:05,554 [INFO] Processing PES2UG19CS179 (.c)...
2026-07-31 05:04:08,027 [INFO]   OK: PES2UG19CS179 [c]
2026-07-31 05:04:08,027 [INFO] Processing PES2UG19CS180 (.c)...
2026-07-31 05:04:10,424 [INFO]   OK: PES2UG19CS180 [c]
2026-07-31 05:04:10,425 [INFO] Processing PES2UG19CS181 (.c)...
2026-07-31 05:04:12,996 [INFO]   OK: PES2UG19CS181 [c]
2026-07-31 05:04:12,996 [INFO] Processing PES2UG19CS183 (.c)...
2026-07-31 05:04:15,345 [INFO]   OK: PES2UG19CS183 [c]
2026-07-31 05:04:15,345 [INFO] Processing PES2UG19CS184 (.c)...
2026-07-31 05:04:17,753 [INFO]   OK: PES2UG19CS184 [c]
2026-07-31 05:04:17,754 [INFO] Processing PES2UG19CS185 (.c)...
2026-07-31 05:04:20,111 [INFO]   OK: PES2UG19CS185 [c]
2026-07-31 05:04:20,111 [INFO] Processing PES2UG19CS186 (.c)...
2026-07-31 05:04:22,954 [INFO]   OK: PES2UG19CS186 [c]
2026-07-31 05:04:22,954 [INFO] Processing PES2UG19CS187 (.c)...
2026-07-31 05:04:25,515 [INFO]   OK: PES2UG19CS187 [c]
2026-07-31 05:04:25,515 [INFO] Processing PES2UG19CS188 (.c)...
2026-07-31 05:04:27,951 [INFO]   OK: PES2UG19CS188 [c]
2026-07-31 05:04:27,951 [INFO] Processing PES2UG19CS189 (.c)...
2026-07-31 05:04:30,496 [INFO]   OK: PES2UG19CS189 [c]
2026-07-31 05:04:30,496 [INFO] Processing PES2UG19CS190 (.c)...
2026-07-31 05:04:32,930 [INFO]   OK: PES2UG19CS190 [c]
2026-07-31 05:04:32,930 [INFO] Processing PES2UG19CS191 (.c)...
2026-07-31 05:04:35,362 [INFO]   OK: PES2UG19CS191 [c]
2026-07-31 05:04:35,362 [INFO] Processing PES2UG19CS192 (.c)...
2026-07-31 05:04:37,875 [INFO]   OK: PES2UG19CS192 [c]
2026-07-31 05:04:37,876 [INFO] Processing PES2UG19CS193 (.c)...
2026-07-31 05:04:40,530 [INFO]   OK: PES2UG19CS193 [c]
2026-07-31 05:04:40,530 [INFO] Processing PES2UG19CS194 (.c)...
2026-07-31 05:04:42,957 [INFO]   OK: PES2UG19CS194 [c]
2026-07-31 05:04:42,957 [INFO] Processing PES2UG19CS195 (.c)...
2026-07-31 05:04:45,620 [INFO]   OK: PES2UG19CS195 [c]
2026-07-31 05:04:45,620 [INFO] Processing PES2UG19CS196 (.c)...
2026-07-31 05:04:48,071 [INFO]   OK: PES2UG19CS196 [c]
2026-07-31 05:04:48,071 [INFO] Processing PES2UG19CS197 (.c)...
2026-07-31 05:04:50,546 [INFO]   OK: PES2UG19CS197 [c]
2026-07-31 05:04:50,546 [WARNING]   IGNORED (not a recognized source file): C_PES2UG19CS198_Week12 - Kuntal Gorai.zip
2026-07-31 05:04:50,547 [INFO] Processing PES2UG19CS278 (.c)...
2026-07-31 05:04:53,052 [INFO]   OK: PES2UG19CS278 [c]
2026-07-31 05:04:53,053 [INFO] Processing PES2UG19CS350 (.c)...
2026-07-31 05:04:55,476 [INFO]   OK: PES2UG19CS350 [c]
2026-07-31 05:04:55,476 [WARNING]   IGNORED (not a recognized source file): day12_DS_EC.zip
2026-07-31 05:04:55,477 [INFO] Processing PES2UG19CS415 (.c)...
2026-07-31 05:04:57,951 [INFO]   OK: PES2UG19CS415 [c]
2026-07-31 05:04:57,951 [INFO] Processing PES2UG19CS200 (.c)...
2026-07-31 05:05:00,403 [INFO]   OK: PES2UG19CS200 [c]
2026-07-31 05:05:00,403 [INFO] Processing PES2UG19CS201 (.c)...
2026-07-31 05:05:03,035 [INFO]   OK: PES2UG19CS201 [c]
2026-07-31 05:05:03,035 [INFO] Processing PES2UG19CS202 (.c)...
2026-07-31 05:05:05,498 [INFO]   OK: PES2UG19CS202 [c]
2026-07-31 05:05:05,498 [INFO] Processing PES2UG19CS203 (.c)...
2026-07-31 05:05:08,080 [INFO]   OK: PES2UG19CS203 [c]
2026-07-31 05:05:08,080 [INFO] Processing PES2UG19CS206 (.c)...
2026-07-31 05:05:10,562 [INFO]   OK: PES2UG19CS206 [c]
2026-07-31 05:05:10,562 [INFO] Processing PES2UG19CS207 (.c)...
2026-07-31 05:05:12,991 [INFO]   OK: PES2UG19CS207 [c]
2026-07-31 05:05:12,991 [INFO] Processing PES2UG19CS208 (.c)...
2026-07-31 05:05:15,371 [INFO]   OK: PES2UG19CS208 [c]
2026-07-31 05:05:15,372 [INFO] Processing PES2UG19CS209 (.c)...
2026-07-31 05:05:17,811 [INFO]   OK: PES2UG19CS209 [c]
2026-07-31 05:05:17,811 [INFO] Processing PES2UG19CS210 (.c)...
2026-07-31 05:05:20,194 [INFO]   OK: PES2UG19CS210 [c]
2026-07-31 05:05:20,194 [INFO] Processing PES2UG19CS211 (.c)...
2026-07-31 05:05:22,607 [INFO]   OK: PES2UG19CS211 [c]
2026-07-31 05:05:22,607 [INFO] Processing PES2UG19CS212 (.c)...
2026-07-31 05:05:24,967 [INFO]   OK: PES2UG19CS212 [c]
2026-07-31 05:05:24,968 [INFO] Processing PES2UG19CS213 (.c)...
2026-07-31 05:07:31,238 [INFO]   OK: PES2UG19CS213 [c]
2026-07-31 05:07:31,239 [INFO] Processing PES2UG19CS214 (.c)...
2026-07-31 05:05:30,058 [INFO]   OK: PES2UG19CS214 [c]
2026-07-31 05:05:30,058 [INFO] Processing PES2UG19CS215 (.c)...
2026-07-31 05:07:36,287 [INFO]   OK: PES2UG19CS215 [c]
2026-07-31 05:07:36,288 [INFO] Processing PES2UG19CS216 (.c)...
2026-07-31 05:05:35,246 [INFO]   OK: PES2UG19CS216 [c]
2026-07-31 05:05:35,247 [INFO] Processing PES2UG19CS217 (.c)...
2026-07-31 05:05:37,862 [INFO]   OK: PES2UG19CS217 [c]
2026-07-31 05:05:37,863 [INFO] Processing PES2UG19CS218 (.c)...
2026-07-31 05:05:40,642 [INFO]   OK: PES2UG19CS218 [c]
2026-07-31 05:05:40,643 [INFO] Processing PES2UG19CS220 (.c)...
2026-07-31 05:05:43,181 [INFO]   OK: PES2UG19CS220 [c]
2026-07-31 05:05:43,181 [INFO] Processing PES2UG19CS221 (.c)...
2026-07-31 05:05:45,672 [INFO]   OK: PES2UG19CS221 [c]
2026-07-31 05:05:45,672 [INFO] Processing PES2UG19CS222 (.c)...
2026-07-31 05:05:48,223 [INFO]   OK: PES2UG19CS222 [c]
2026-07-31 05:05:48,223 [INFO] Processing PES2UG19CS223 (.c)...
2026-07-31 05:05:50,727 [INFO]   OK: PES2UG19CS223 [c]
2026-07-31 05:05:50,727 [INFO] Processing PES2UG19CS224 (.c)...
2026-07-31 05:05:53,205 [INFO]   OK: PES2UG19CS224 [c]
2026-07-31 05:05:53,206 [INFO] Processing PES2UG19CS225 (.c)...
2026-07-31 05:05:55,603 [INFO]   OK: PES2UG19CS225 [c]
2026-07-31 05:05:55,603 [INFO] Processing PES2UG19CS227 (.c)...
2026-07-31 05:05:58,052 [INFO]   OK: PES2UG19CS227 [c]
2026-07-31 05:05:58,052 [INFO] Processing PES2UG19CS228 (.c)...
2026-07-31 05:06:00,491 [INFO]   OK: PES2UG19CS228 [c]
2026-07-31 05:06:00,491 [INFO] Processing PES2UG19CS230 (.c)...
2026-07-31 05:06:02,897 [INFO]   OK: PES2UG19CS230 [c]
2026-07-31 05:06:02,897 [INFO] Processing PES2UG19CS233 (.c)...
2026-07-31 05:06:05,401 [INFO]   OK: PES2UG19CS233 [c]
2026-07-31 05:06:05,401 [INFO] Processing PES2UG19CS234 (.c)...
2026-07-31 05:06:08,063 [INFO]   OK: PES2UG19CS234 [c]
2026-07-31 05:06:08,063 [INFO] Processing PES2UG19CS235 (.c)...
2026-07-31 05:06:10,624 [INFO]   OK: PES2UG19CS235 [c]
2026-07-31 05:06:10,624 [INFO] Processing PES2UG19CS237 (.c)...
2026-07-31 05:06:13,095 [INFO]   OK: PES2UG19CS237 [c]
2026-07-31 05:06:13,095 [INFO] Processing PES2UG19CS239 (.c)...
2026-07-31 05:06:15,598 [INFO]   OK: PES2UG19CS239 [c]
2026-07-31 05:06:15,598 [INFO] Processing PES2UG19CS243 (.c)...
2026-07-31 05:06:18,034 [INFO]   OK: PES2UG19CS243 [c]
2026-07-31 05:06:18,034 [INFO] Processing PES2UG19CS244 (.c)...
2026-07-31 05:06:20,504 [INFO]   OK: PES2UG19CS244 [c]
2026-07-31 05:06:20,504 [INFO] Processing PES2UG19CS245 (.c)...
2026-07-31 05:06:22,882 [INFO]   OK: PES2UG19CS245 [c]
2026-07-31 05:06:22,882 [INFO] Processing PES2UG19CS246 (.c)...
2026-07-31 05:06:25,256 [INFO]   OK: PES2UG19CS246 [c]
2026-07-31 05:06:25,257 [INFO] Processing PES2UG19CS247 (.c)...
2026-07-31 05:08:31,433 [INFO]   OK: PES2UG19CS247 [c]
2026-07-31 05:08:31,433 [INFO] Processing PES2UG19CS248 (.c)...
2026-07-31 05:06:30,254 [INFO]   OK: PES2UG19CS248 [c]
2026-07-31 05:06:30,254 [INFO] Processing PES2UG19CS249 (.c)...
2026-07-31 05:06:32,855 [INFO]   OK: PES2UG19CS249 [c]
2026-07-31 05:06:32,855 [INFO] Processing PES2UG19CS251 (.c)...
2026-07-31 05:06:35,262 [INFO]   OK: PES2UG19CS251 [c]
2026-07-31 05:06:35,262 [INFO] Processing PES2UG19CS253 (.c)...
2026-07-31 05:06:37,738 [INFO]   OK: PES2UG19CS253 [c]
2026-07-31 05:06:37,738 [INFO] Processing PES2UG19CS254 (.c)...
2026-07-31 05:06:40,173 [INFO]   OK: PES2UG19CS254 [c]
2026-07-31 05:06:40,173 [INFO] Processing PES2UG19CS255 (.c)...
2026-07-31 05:08:46,354 [INFO]   OK: PES2UG19CS255 [c]
2026-07-31 05:08:46,355 [INFO] Processing PES2UG19CS256 (.c)...
2026-07-31 05:06:45,100 [INFO]   OK: PES2UG19CS256 [c]
2026-07-31 05:06:45,100 [INFO] Processing PES2UG19CS257 (.c)...
2026-07-31 05:06:47,502 [INFO]   OK: PES2UG19CS257 [c]
2026-07-31 05:06:47,502 [INFO] Processing PES2UG19CS258 (.c)...
2026-07-31 05:06:49,919 [INFO]   OK: PES2UG19CS258 [c]
2026-07-31 05:06:49,920 [WARNING]   IGNORED (not a recognized source file): D_PES2UG19CS259_Week12.C - Nikhitha Ks.txt
2026-07-31 05:06:49,920 [INFO] Processing PES2UG19CS261 (.c)...
2026-07-31 05:06:52,302 [INFO]   OK: PES2UG19CS261 [c]
2026-07-31 05:06:52,302 [INFO] Processing PES2UG19CS262 (.c)...
2026-07-31 05:06:54,726 [INFO]   OK: PES2UG19CS262 [c]
2026-07-31 05:06:54,726 [INFO] Processing PES2UG19CS263 (.c)...
2026-07-31 05:06:57,187 [INFO]   OK: PES2UG19CS263 [c]
2026-07-31 05:06:57,187 [INFO] Processing PES2UG19CS264 (.c)...
2026-07-31 05:06:59,662 [INFO]   OK: PES2UG19CS264 [c]
2026-07-31 05:06:59,662 [INFO] Processing PES2UG19CS471 (.c)...
2026-07-31 05:07:02,111 [INFO]   OK: PES2UG19CS471 [c]
2026-07-31 05:07:02,111 [INFO] Processing PES2UG19CS265 (.c)...
2026-07-31 05:07:04,497 [INFO]   OK: PES2UG19CS265 [c]
2026-07-31 05:07:04,497 [INFO] Processing PES2UG19CS266 (.c)...
2026-07-31 05:07:06,894 [INFO]   OK: PES2UG19CS266 [c]
2026-07-31 05:07:06,894 [INFO] Processing PES2UG19CS267 (.c)...
2026-07-31 05:07:09,557 [INFO]   OK: PES2UG19CS267 [c]
2026-07-31 05:07:09,557 [INFO] Processing PES2UG19CS268 (.c)...
2026-07-31 05:07:12,222 [INFO]   OK: PES2UG19CS268 [c]
2026-07-31 05:07:12,222 [INFO] Processing PES2UG19CS270 (.c)...
2026-07-31 05:07:14,642 [INFO]   OK: PES2UG19CS270 [c]
2026-07-31 05:07:14,642 [INFO] Processing PES2UG19CS271 (.c)...
2026-07-31 05:07:17,090 [INFO]   OK: PES2UG19CS271 [c]
2026-07-31 05:07:17,091 [INFO] Processing PES2UG19CS272 (.c)...
2026-07-31 05:07:19,529 [INFO]   OK: PES2UG19CS272 [c]
2026-07-31 05:07:19,530 [INFO] Processing PES2UG19CS273 (.c)...
2026-07-31 05:07:21,875 [INFO]   OK: PES2UG19CS273 [c]
2026-07-31 05:07:21,875 [INFO] Processing PES2UG19CS274 (.c)...
2026-07-31 05:07:24,275 [INFO]   OK: PES2UG19CS274 [c]
2026-07-31 05:07:24,275 [INFO] Processing PES2UG19CS275 (.c)...
2026-07-31 05:07:26,620 [INFO]   OK: PES2UG19CS275 [c]
2026-07-31 05:07:26,621 [INFO] Processing PES2UG19CS276 (.c)...
2026-07-31 05:07:29,085 [INFO]   OK: PES2UG19CS276 [c]
2026-07-31 05:07:29,086 [INFO] Processing PES2UG19CS277 (.c)...
2026-07-31 05:07:31,458 [INFO]   OK: PES2UG19CS277 [c]
2026-07-31 05:07:31,458 [INFO] Processing PES2UG19CS279 (.c)...
2026-07-31 05:07:33,855 [INFO]   OK: PES2UG19CS279 [c]
2026-07-31 05:07:33,855 [INFO] Processing PES2UG19CS280 (.c)...
2026-07-31 05:07:36,183 [INFO]   OK: PES2UG19CS280 [c]
2026-07-31 05:07:36,184 [INFO] Processing PES2UG19CS281 (.c)...
2026-07-31 05:07:38,600 [INFO]   OK: PES2UG19CS281 [c]
2026-07-31 05:07:38,600 [INFO] Processing PES2UG19CS282 (.c)...
2026-07-31 05:07:41,031 [INFO]   OK: PES2UG19CS282 [c]
2026-07-31 05:07:41,031 [INFO] Processing PES2UG19CS283 (.c)...
2026-07-31 05:07:43,406 [INFO]   OK: PES2UG19CS283 [c]
2026-07-31 05:07:43,407 [INFO] Processing PES2UG19CS284 (.c)...
2026-07-31 05:07:45,757 [INFO]   OK: PES2UG19CS284 [c]
2026-07-31 05:07:45,758 [INFO] Processing PES2UG19CS285 (.c)...
2026-07-31 05:07:48,217 [INFO]   OK: PES2UG19CS285 [c]
2026-07-31 05:07:48,217 [INFO] Processing PES2UG19CS286 (.c)...
2026-07-31 05:07:50,623 [INFO]   OK: PES2UG19CS286 [c]
2026-07-31 05:07:50,623 [INFO] Processing PES2UG19CS287 (.c)...
2026-07-31 05:07:53,093 [INFO]   OK: PES2UG19CS287 [c]
2026-07-31 05:07:53,093 [INFO] Processing PES2UG19CS292 (.c)...
2026-07-31 05:07:55,644 [INFO]   OK: PES2UG19CS292 [c]
2026-07-31 05:07:55,644 [INFO] Processing PES2UG19CS293 (.c)...
2026-07-31 05:07:58,195 [INFO]   OK: PES2UG19CS293 [c]
2026-07-31 05:07:58,195 [INFO] Processing PES2UG19CS294 (.c)...
2026-07-31 05:08:00,729 [INFO]   OK: PES2UG19CS294 [c]
2026-07-31 05:08:00,729 [INFO] Processing PES2UG19CS295 (.c)...
2026-07-31 05:08:03,464 [INFO]   OK: PES2UG19CS295 [c]
2026-07-31 05:08:03,464 [INFO] Processing PES2UG19CS296 (.c)...
2026-07-31 05:08:05,934 [INFO]   OK: PES2UG19CS296 [c]
2026-07-31 05:08:05,934 [INFO] Processing PES2UG19CS297 (.c)...
2026-07-31 05:08:08,391 [INFO]   OK: PES2UG19CS297 [c]
2026-07-31 05:08:08,391 [INFO] Processing PES2UG19CS298 (.c)...
2026-07-31 05:08:11,232 [INFO]   OK: PES2UG19CS298 [c]
2026-07-31 05:08:11,232 [INFO] Processing PES2UG19CS299 (.c)...
2026-07-31 05:08:13,731 [INFO]   OK: PES2UG19CS299 [c]
2026-07-31 05:08:13,731 [INFO] Processing PES2UG19CS300 (.c)...
2026-07-31 05:08:16,156 [INFO]   OK: PES2UG19CS300 [c]
2026-07-31 05:08:16,156 [INFO] Processing PES2UG19CS301 (.c)...
2026-07-31 05:08:18,532 [INFO]   OK: PES2UG19CS301 [c]
2026-07-31 05:08:18,533 [INFO] Processing PES2UG19CS303 (.c)...
2026-07-31 05:08:20,948 [INFO]   OK: PES2UG19CS303 [c]
2026-07-31 05:08:20,949 [INFO] Processing PES2UG19CS305 (.c)...
2026-07-31 05:08:23,384 [INFO]   OK: PES2UG19CS305 [c]
2026-07-31 05:08:23,385 [INFO] Processing PES2UG19CS307 (.c)...
2026-07-31 05:08:25,839 [INFO]   OK: PES2UG19CS307 [c]
2026-07-31 05:08:25,839 [INFO] Processing PES2UG19CS308 (.c)...
2026-07-31 05:08:28,296 [INFO]   OK: PES2UG19CS308 [c]
2026-07-31 05:08:28,297 [INFO] Processing PES2UG19CS309 (.c)...
2026-07-31 05:08:30,702 [INFO]   OK: PES2UG19CS309 [c]
2026-07-31 05:08:30,702 [INFO] Processing PES2UG19CS310 (.c)...
2026-07-31 05:08:33,469 [INFO]   OK: PES2UG19CS310 [c]
2026-07-31 05:08:33,470 [INFO] Processing PES2UG19CS311 (.c)...
2026-07-31 05:08:36,672 [INFO]   OK: PES2UG19CS311 [c]
2026-07-31 05:08:36,672 [INFO] Processing PES2UG19CS312 (.c)...
2026-07-31 05:08:40,007 [INFO]   OK: PES2UG19CS312 [c]
2026-07-31 05:08:40,007 [INFO] Processing PES2UG19CS313 (.c)...
2026-07-31 05:08:42,980 [INFO]   OK: PES2UG19CS313 [c]
2026-07-31 05:08:42,980 [INFO] Processing PES2UG19CS314 (.c)...
2026-07-31 05:08:46,269 [INFO]   OK: PES2UG19CS314 [c]
2026-07-31 05:08:46,269 [INFO] Processing PES2UG19CS315 (.c)...
2026-07-31 05:08:49,322 [INFO]   OK: PES2UG19CS315 [c]
2026-07-31 05:08:49,322 [INFO] Processing PES2UG19CS316 (.c)...
2026-07-31 05:08:52,314 [INFO]   OK: PES2UG19CS316 [c]
2026-07-31 05:08:52,314 [INFO] Processing PES2UG19CS317 (.c)...
2026-07-31 05:08:57,326 [INFO]   OK: PES2UG19CS317 [c]
2026-07-31 05:08:57,326 [INFO] Processing PES2UG19CS318 (.c)...
2026-07-31 05:09:00,728 [INFO]   OK: PES2UG19CS318 [c]
2026-07-31 05:09:00,728 [INFO] Processing PES2UG19CS319 (.c)...
2026-07-31 05:09:04,125 [INFO]   OK: PES2UG19CS319 [c]
2026-07-31 05:09:04,125 [INFO] Processing PES2UG19CS320 (.c)...
2026-07-31 05:09:07,450 [INFO]   OK: PES2UG19CS320 [c]
2026-07-31 05:09:07,450 [INFO] Processing PES2UG19CS321 (.c)...
2026-07-31 05:09:10,999 [INFO]   OK: PES2UG19CS321 [c]
2026-07-31 05:09:11,000 [INFO] Processing PES2UG19CS322 (.c)...
2026-07-31 05:09:14,377 [INFO]   OK: PES2UG19CS322 [c]
2026-07-31 05:09:14,377 [INFO] Processing PES2UG19CS323 (.c)...
2026-07-31 05:09:17,243 [INFO]   OK: PES2UG19CS323 [c]
2026-07-31 05:09:17,244 [INFO] Processing PES2UG19CS324 (.c)...
2026-07-31 05:09:20,275 [INFO]   OK: PES2UG19CS324 [c]
2026-07-31 05:09:20,275 [INFO] Processing PES2UG19CS325 (.c)...
2026-07-31 05:09:23,592 [INFO]   OK: PES2UG19CS325 [c]
2026-07-31 05:09:23,592 [INFO] Processing PES2UG19CS326 (.c)...
2026-07-31 05:09:26,688 [INFO]   OK: PES2UG19CS326 [c]
2026-07-31 05:09:26,688 [INFO] Processing PES2UG19CS327 (.c)...
2026-07-31 05:09:29,843 [INFO]   OK: PES2UG19CS327 [c]
2026-07-31 05:09:29,843 [INFO] Processing PES2UG19CS329 (.c)...
2026-07-31 05:09:33,049 [INFO]   OK: PES2UG19CS329 [c]
2026-07-31 05:09:33,049 [INFO] Processing PES2UG19CS330 (.c)...
2026-07-31 05:09:36,331 [INFO]   OK: PES2UG19CS330 [c]
2026-07-31 05:09:36,331 [INFO] Processing PES2UG19CS332 (.c)...
2026-07-31 05:09:39,705 [INFO]   OK: PES2UG19CS332 [c]
2026-07-31 05:09:39,705 [INFO] Processing PES2UG19CS333 (.c)...
2026-07-31 05:11:46,692 [INFO]   OK: PES2UG19CS333 [c]
2026-07-31 05:11:46,692 [INFO] Processing PES2UG19CS334 (.c)...
2026-07-31 05:09:46,466 [INFO]   OK: PES2UG19CS334 [c]
2026-07-31 05:09:46,466 [INFO] Processing PES2UG19CS335 (.c)...
2026-07-31 05:09:49,811 [INFO]   OK: PES2UG19CS335 [c]
2026-07-31 05:09:49,811 [INFO] Processing PES2UG19CS337 (.c)...
2026-07-31 05:09:53,084 [INFO]   OK: PES2UG19CS337 [c]
2026-07-31 05:09:53,084 [INFO] Processing PES2UG19CS338 (.c)...
2026-07-31 05:09:56,297 [INFO]   OK: PES2UG19CS338 [c]
2026-07-31 05:09:56,297 [INFO] Processing PES2UG19CS339 (.c)...
2026-07-31 05:09:59,543 [INFO]   OK: PES2UG19CS339 [c]
2026-07-31 05:09:59,543 [INFO] Processing PES2UG19CS341 (.c)...
2026-07-31 05:10:02,780 [INFO]   OK: PES2UG19CS341 [c]
2026-07-31 05:10:02,780 [INFO] Processing PES2UG19CS342 (.c)...
2026-07-31 05:10:07,729 [INFO]   OK: PES2UG19CS342 [c]
2026-07-31 05:10:07,729 [INFO] Processing PES2UG19CS343 (.c)...
2026-07-31 05:10:11,460 [INFO]   OK: PES2UG19CS343 [c]
2026-07-31 05:10:11,460 [INFO] Processing PES2UG19CS344 (.c)...
2026-07-31 05:10:14,717 [INFO]   OK: PES2UG19CS344 [c]
2026-07-31 05:10:14,718 [INFO] Processing PES2UG19CS345 (.c)...
2026-07-31 05:12:21,692 [INFO]   OK: PES2UG19CS345 [c]
2026-07-31 05:12:21,692 [INFO] Processing PES2UG19CS346 (.c)...
2026-07-31 05:10:21,168 [INFO]   OK: PES2UG19CS346 [c]
2026-07-31 05:10:21,169 [INFO] Processing PES2UG19CS347 (.c)...
2026-07-31 05:10:24,418 [INFO]   OK: PES2UG19CS347 [c]
2026-07-31 05:10:24,419 [INFO] Processing PES2UG19CS348 (.c)...
2026-07-31 05:10:27,563 [INFO]   OK: PES2UG19CS348 [c]
2026-07-31 05:10:27,563 [INFO] Processing PES2UG19CS349 (.c)...
2026-07-31 05:10:30,962 [INFO]   OK: PES2UG19CS349 [c]
2026-07-31 05:10:30,963 [INFO] Processing PES2UG19CS352 (.c)...
2026-07-31 05:10:34,079 [INFO]   OK: PES2UG19CS352 [c]
2026-07-31 05:10:34,080 [INFO] Processing PES2UG19CS353 (.c)...
2026-07-31 05:10:37,381 [INFO]   OK: PES2UG19CS353 [c]
2026-07-31 05:10:37,381 [INFO] Processing PES2UG19CS354 (.c)...
2026-07-31 05:10:40,462 [INFO]   OK: PES2UG19CS354 [c]
2026-07-31 05:10:40,462 [INFO] Processing PES2UG19CS356 (.c)...
2026-07-31 05:10:43,125 [INFO]   OK: PES2UG19CS356 [c]
2026-07-31 05:10:43,125 [INFO] Processing PES2UG19CS357 (.c)...
2026-07-31 05:10:45,793 [INFO]   OK: PES2UG19CS357 [c]
2026-07-31 05:10:45,793 [INFO] Processing PES2UG19CS358 (.c)...
2026-07-31 05:10:48,570 [INFO]   OK: PES2UG19CS358 [c]
2026-07-31 05:10:48,570 [INFO] Processing PES2UG19CS359 (.c)...
2026-07-31 05:10:51,534 [INFO]   OK: PES2UG19CS359 [c]
2026-07-31 05:10:51,535 [INFO] Processing PES2UG19CS360 (.c)...
2026-07-31 05:10:54,545 [INFO]   OK: PES2UG19CS360 [c]
2026-07-31 05:10:54,545 [INFO] Processing PES2UG19CS361 (.c)...
2026-07-31 05:10:57,411 [INFO]   OK: PES2UG19CS361 [c]
2026-07-31 05:10:57,411 [INFO] Processing PES2UG19CS363 (.c)...
2026-07-31 05:11:00,163 [INFO]   OK: PES2UG19CS363 [c]
2026-07-31 05:11:00,163 [INFO] Processing PES2UG19CS364 (.c)...
2026-07-31 05:11:02,778 [INFO]   OK: PES2UG19CS364 [c]
2026-07-31 05:11:02,778 [INFO] Processing PES2UG19CS365 (.c)...
2026-07-31 05:11:05,644 [INFO]   OK: PES2UG19CS365 [c]
2026-07-31 05:11:05,644 [INFO] Processing PES2UG19CS366 (.c)...
2026-07-31 05:11:08,583 [INFO]   OK: PES2UG19CS366 [c]
2026-07-31 05:11:08,583 [INFO] Processing PES2UG19CS368 (.c)...
2026-07-31 05:11:11,253 [INFO]   OK: PES2UG19CS368 [c]
2026-07-31 05:11:11,253 [INFO] Processing PES2UG19CS370 (.c)...
2026-07-31 05:11:14,007 [INFO]   OK: PES2UG19CS370 [c]
2026-07-31 05:11:14,007 [INFO] Processing PES2UG19CS371 (.c)...
2026-07-31 05:11:16,793 [INFO]   OK: PES2UG19CS371 [c]
2026-07-31 05:11:16,793 [INFO] Processing PES2UG19CS372 (.c)...
2026-07-31 05:11:19,789 [INFO]   OK: PES2UG19CS372 [c]
2026-07-31 05:11:19,789 [INFO] Processing PES2UG19CS373 (.c)...
2026-07-31 05:11:22,573 [INFO]   OK: PES2UG19CS373 [c]
2026-07-31 05:11:22,573 [INFO] Processing PES2UG19CS374 (.c)...
2026-07-31 05:11:25,354 [INFO]   OK: PES2UG19CS374 [c]
2026-07-31 05:11:25,354 [INFO] Processing PES2UG19CS375 (.c)...
2026-07-31 05:11:27,941 [INFO]   OK: PES2UG19CS375 [c]
2026-07-31 05:11:27,941 [INFO] Processing PES2UG19CS378 (.c)...
2026-07-31 05:11:30,650 [INFO]   OK: PES2UG19CS378 [c]
2026-07-31 05:11:30,650 [INFO] Processing PES2UG19CS379 (.c)...
2026-07-31 05:11:33,496 [INFO]   OK: PES2UG19CS379 [c]
2026-07-31 05:11:33,496 [INFO] Processing PES2UG19CS380 (.c)...
2026-07-31 05:11:36,314 [INFO]   OK: PES2UG19CS380 [c]
2026-07-31 05:11:36,314 [INFO] Processing PES2UG19CS381 (.c)...
2026-07-31 05:11:39,055 [INFO]   OK: PES2UG19CS381 [c]
2026-07-31 05:11:39,055 [INFO] Processing PES2UG19CS382 (.c)...
2026-07-31 05:11:41,816 [INFO]   OK: PES2UG19CS382 [c]
2026-07-31 05:11:41,816 [INFO] Processing PES2UG19CS383 (.c)...
2026-07-31 05:11:44,635 [INFO]   OK: PES2UG19CS383 [c]
2026-07-31 05:11:44,635 [INFO] Processing PES2UG19CS384 (.c)...
2026-07-31 05:11:47,360 [INFO]   OK: PES2UG19CS384 [c]
2026-07-31 05:11:47,360 [INFO] Processing PES2UG19CS385 (.c)...
2026-07-31 05:11:50,261 [INFO]   OK: PES2UG19CS385 [c]
2026-07-31 05:11:50,261 [INFO] Processing PES2UG19CS387 (.c)...
2026-07-31 05:11:52,942 [INFO]   OK: PES2UG19CS387 [c]
2026-07-31 05:11:52,942 [INFO] Processing PES2UG19CS389 (.c)...
2026-07-31 05:11:55,767 [INFO]   OK: PES2UG19CS389 [c]
2026-07-31 05:11:55,767 [INFO] Processing PES2UG19CS390 (.c)...
2026-07-31 05:11:58,626 [INFO]   OK: PES2UG19CS390 [c]
2026-07-31 05:11:58,627 [INFO] Processing PES2UG19CS391 (.c)...
2026-07-31 05:12:01,796 [INFO]   OK: PES2UG19CS391 [c]
2026-07-31 05:12:01,796 [INFO] Processing PES2UG19CS392 (.c)...
2026-07-31 05:12:04,725 [INFO]   OK: PES2UG19CS392 [c]
2026-07-31 05:12:04,725 [INFO] Processing PES2UG19CS393 (.c)...
2026-07-31 05:12:08,210 [INFO]   OK: PES2UG19CS393 [c]
2026-07-31 05:12:08,210 [INFO] Processing PES2UG19CS396 (.c)...
2026-07-31 05:12:11,534 [INFO]   OK: PES2UG19CS396 [c]
2026-07-31 05:12:11,534 [INFO] Processing PES2UG19CS397 (.c)...
2026-07-31 05:12:15,292 [INFO]   OK: PES2UG19CS397 [c]
2026-07-31 05:12:15,292 [INFO] Processing PES2UG19CS398 (.c)...
2026-07-31 05:12:18,560 [INFO]   OK: PES2UG19CS398 [c]
2026-07-31 05:12:18,560 [INFO] Processing PES2UG19CS399 (.c)...
2026-07-31 05:12:22,333 [INFO]   OK: PES2UG19CS399 [c]
2026-07-31 05:12:22,334 [INFO] Processing PES2UG19CS400 (.c)...
2026-07-31 05:12:26,727 [INFO]   OK: PES2UG19CS400 [c]
2026-07-31 05:12:26,727 [INFO] Processing PES2UG19CS402 (.c)...
2026-07-31 05:12:30,065 [INFO]   OK: PES2UG19CS402 [c]
2026-07-31 05:12:30,065 [INFO] Processing PES2UG19CS470 (.c)...
2026-07-31 05:12:33,421 [INFO]   OK: PES2UG19CS470 [c]
2026-07-31 05:12:33,422 [INFO] Processing G_PES2201800143_Week12__Kurnool_Anirudh (.c)...
2026-07-31 05:12:37,202 [INFO]   OK: G_PES2201800143_Week12__Kurnool_Anirudh [c]
2026-07-31 05:12:37,202 [INFO] Processing PES2UG19CS403 (.c)...
2026-07-31 05:12:41,457 [INFO]   OK: PES2UG19CS403 [c]
2026-07-31 05:12:41,457 [INFO] Processing PES2UG19CS404 (.c)...
2026-07-31 05:12:45,314 [INFO]   OK: PES2UG19CS404 [c]
2026-07-31 05:12:45,314 [INFO] Processing PES2UG19CS405 (.c)...
2026-07-31 05:12:49,465 [INFO]   OK: PES2UG19CS405 [c]
2026-07-31 05:12:49,465 [INFO] Processing PES2UG19CS406 (.c)...
2026-07-31 05:12:53,440 [INFO]   OK: PES2UG19CS406 [c]
2026-07-31 05:12:53,441 [INFO] Processing PES2UG19CS407 (.c)...
2026-07-31 05:12:56,542 [INFO]   OK: PES2UG19CS407 [c]
2026-07-31 05:12:56,542 [INFO] Processing PES2UG19CS408 (.c)...
2026-07-31 05:12:59,352 [INFO]   OK: PES2UG19CS408 [c]
2026-07-31 05:12:59,352 [INFO] Processing PES2UG19CS410 (.c)...
2026-07-31 05:13:02,381 [INFO]   OK: PES2UG19CS410 [c]
2026-07-31 05:13:02,381 [INFO] Processing PES2UG19CS411 (.c)...
2026-07-31 05:13:05,194 [INFO]   OK: PES2UG19CS411 [c]
2026-07-31 05:13:05,194 [INFO] Processing PES2UG19CS412 (.c)...
2026-07-31 05:15:11,913 [INFO]   OK: PES2UG19CS412 [c]
2026-07-31 05:15:11,913 [INFO] Processing PES2UG19CS413 (.c)...
2026-07-31 05:13:10,812 [INFO]   OK: PES2UG19CS413 [c]
2026-07-31 05:13:10,812 [INFO] Processing PES2UG19CS416 (.c)...
2026-07-31 05:13:13,422 [INFO]   OK: PES2UG19CS416 [c]
2026-07-31 05:13:13,422 [INFO] Processing PES2UG19CS417 (.c)...
2026-07-31 05:13:16,179 [INFO]   OK: PES2UG19CS417 [c]
2026-07-31 05:13:16,179 [INFO] Processing PES2UG19CS418 (.c)...
2026-07-31 05:13:18,720 [INFO]   OK: PES2UG19CS418 [c]
2026-07-31 05:13:18,720 [INFO] Processing PES2UG19CS419 (.c)...
2026-07-31 05:13:21,333 [INFO]   OK: PES2UG19CS419 [c]
2026-07-31 05:13:21,333 [INFO] Processing PES2UG19CS420 (.c)...
2026-07-31 05:13:24,107 [INFO]   OK: PES2UG19CS420 [c]
2026-07-31 05:13:24,107 [INFO] Processing PES2UG19CS421 (.c)...
2026-07-31 05:13:26,993 [INFO]   OK: PES2UG19CS421 [c]
2026-07-31 05:13:26,994 [INFO] Processing PES2UG19CS422 (.c)...
2026-07-31 05:13:30,275 [INFO]   OK: PES2UG19CS422 [c]
2026-07-31 05:13:30,276 [INFO] Processing PES2UG19CS423 (.c)...
2026-07-31 05:13:34,957 [INFO]   OK: PES2UG19CS423 [c]
2026-07-31 05:13:34,957 [INFO] Processing PES2UG19CS424 (.C)...
2026-07-31 05:15:42,025 [INFO]   OK: PES2UG19CS424 [c]
2026-07-31 05:15:42,026 [INFO] Processing PES2UG19CS425 (.c)...
2026-07-31 05:13:42,945 [INFO]   OK: PES2UG19CS425 [c]
2026-07-31 05:13:42,945 [INFO] Processing PES2UG19CS427 (.c)...
2026-07-31 05:13:46,886 [INFO]   OK: PES2UG19CS427 [c]
2026-07-31 05:13:46,886 [INFO] Processing PES2UG19CS428 (.c)...
2026-07-31 05:13:50,404 [INFO]   OK: PES2UG19CS428 [c]
2026-07-31 05:13:50,405 [INFO] Processing PES2UG19CS429 (.c)...
2026-07-31 05:13:54,286 [INFO]   OK: PES2UG19CS429 [c]
2026-07-31 05:13:54,286 [INFO] Processing PES2UG19CS430 (.c)...
2026-07-31 05:13:57,790 [INFO]   OK: PES2UG19CS430 [c]
2026-07-31 05:13:57,790 [INFO] Processing PES2UG19CS432 (.c)...
2026-07-31 05:14:01,413 [INFO]   OK: PES2UG19CS432 [c]
2026-07-31 05:14:01,413 [INFO] Processing PES2UG19CS433 (.c)...
2026-07-31 05:14:07,293 [INFO]   OK: PES2UG19CS433 [c]
2026-07-31 05:14:07,294 [INFO] Processing PES2UG19CS434 (.c)...
2026-07-31 05:14:11,180 [INFO]   OK: PES2UG19CS434 [c]
2026-07-31 05:14:11,180 [INFO] Processing PES2UG19CS436 (.c)...
2026-07-31 05:14:14,576 [INFO]   OK: PES2UG19CS436 [c]
2026-07-31 05:14:14,576 [INFO] Processing PES2UG19CS437 (.c)...
2026-07-31 05:14:17,789 [INFO]   OK: PES2UG19CS437 [c]
2026-07-31 05:14:17,789 [INFO] Processing PES2UG19CS438 (.c)...
2026-07-31 05:14:21,006 [INFO]   OK: PES2UG19CS438 [c]
2026-07-31 05:14:21,007 [INFO] Processing PES2UG19CS439 (.c)...
2026-07-31 05:14:24,085 [INFO]   OK: PES2UG19CS439 [c]
2026-07-31 05:14:24,085 [WARNING]   IGNORED (not a recognized source file): G_PES2UG19CS440_Week12 - Akshith Sai.zip
2026-07-31 05:14:24,085 [INFO] Processing PES2UG19CS441 (.c)...
2026-07-31 05:14:27,090 [INFO]   OK: PES2UG19CS441 [c]
2026-07-31 05:14:27,090 [INFO] Processing PES2UG19CS442 (.c)...
2026-07-31 05:14:30,037 [INFO]   OK: PES2UG19CS442 [c]
2026-07-31 05:14:30,038 [INFO] Processing PES2UG19CS444 (.c)...
2026-07-31 05:14:33,123 [INFO]   OK: PES2UG19CS444 [c]
2026-07-31 05:14:33,123 [INFO] Processing PES2UG19CS445 (.c)...
2026-07-31 05:14:36,152 [INFO]   OK: PES2UG19CS445 [c]
2026-07-31 05:14:36,152 [INFO] Processing PES2UG19CS448 (.c)...
2026-07-31 05:14:39,077 [INFO]   OK: PES2UG19CS448 [c]
2026-07-31 05:14:39,077 [INFO] Processing PES2UG19CS449 (.c)...
2026-07-31 05:14:41,900 [INFO]   OK: PES2UG19CS449 [c]
2026-07-31 05:14:41,900 [INFO] Processing PES2UG19CS450 (.c)...
2026-07-31 05:14:44,809 [INFO]   OK: PES2UG19CS450 [c]
2026-07-31 05:14:44,809 [INFO] Processing PES2UG19CS451 (.c)...
2026-07-31 05:14:47,466 [INFO]   OK: PES2UG19CS451 [c]
2026-07-31 05:14:47,466 [INFO] Processing PES2UG19CS453 (.c)...
2026-07-31 05:14:50,106 [INFO]   OK: PES2UG19CS453 [c]
2026-07-31 05:14:50,107 [INFO] Processing PES2UG19CS454 (.c)...
2026-07-31 05:16:57,178 [INFO]   OK: PES2UG19CS454 [c]
2026-07-31 05:16:57,178 [INFO] Processing PES2UG19CS455 (.c)...
2026-07-31 05:14:56,099 [INFO]   OK: PES2UG19CS455 [c]
2026-07-31 05:14:56,099 [INFO] Processing PES2UG19CS456 (.C)...
2026-07-31 05:14:58,804 [INFO]   OK: PES2UG19CS456 [c]
2026-07-31 05:14:58,805 [INFO] Processing PES2UG19CS457 (.c)...
2026-07-31 05:15:02,598 [INFO]   OK: PES2UG19CS457 [c]
2026-07-31 05:15:02,598 [INFO] Processing PES2UG19CS459 (.c)...
2026-07-31 05:15:06,347 [INFO]   OK: PES2UG19CS459 [c]
2026-07-31 05:15:06,347 [INFO] Processing PES2UG19CS460 (.c)...
2026-07-31 05:15:10,089 [INFO]   OK: PES2UG19CS460 [c]
2026-07-31 05:15:10,089 [INFO] Processing PES2UG19CS461 (.c)...
2026-07-31 05:15:13,070 [INFO]   OK: PES2UG19CS461 [c]
2026-07-31 05:15:13,070 [INFO] Processing PES2UG19CS462 (.c)...
2026-07-31 05:15:16,188 [INFO]   OK: PES2UG19CS462 [c]
2026-07-31 05:15:16,188 [INFO] Processing PES2UG19CS463 (.c)...
2026-07-31 05:15:18,977 [INFO]   OK: PES2UG19CS463 [c]
2026-07-31 05:15:18,977 [INFO] Processing PES2UG19CS464 (.c)...
2026-07-31 05:15:21,982 [INFO]   OK: PES2UG19CS464 [c]
2026-07-31 05:15:21,982 [INFO] Processing PES2UG19CS465 (.c)...
2026-07-31 05:15:25,658 [INFO]   OK: PES2UG19CS465 [c]
2026-07-31 05:15:25,658 [INFO] Processing PES2UG19CS901 (.c)...
2026-07-31 05:15:29,290 [INFO]   OK: PES2UG19CS901 [c]
2026-07-31 05:15:29,290 [INFO] Processing PES2UG19CS902 (.c)...
2026-07-31 05:15:31,831 [INFO]   OK: PES2UG19CS902 [c]
2026-07-31 05:15:31,831 [INFO] Processing PES2UG19CS903 (.c)...
2026-07-31 05:15:34,693 [INFO]   OK: PES2UG19CS903 [c]
2026-07-31 05:15:34,693 [INFO] Processing PES2UG19CS904 (.c)...
2026-07-31 05:15:38,325 [INFO]   OK: PES2UG19CS904 [c]
2026-07-31 05:15:38,325 [INFO] Processing PES2UG19CS905 (.c)...
2026-07-31 05:15:41,444 [INFO]   OK: PES2UG19CS905 [c]
2026-07-31 05:15:41,444 [INFO] Processing PES2UG19CS906 (.c)...
2026-07-31 05:15:44,568 [INFO]   OK: PES2UG19CS906 [c]
2026-07-31 05:15:44,568 [INFO] Processing PES2UG19CS908 (.c)...
2026-07-31 05:15:47,660 [INFO]   OK: PES2UG19CS908 [c]
2026-07-31 05:15:47,660 [INFO] Processing PES2UG19CS910 (.c)...
2026-07-31 05:15:50,326 [INFO]   OK: PES2UG19CS910 [c]
2026-07-31 05:15:50,326 [INFO] Processing hash (.h)...
2026-07-31 05:15:52,804 [INFO]   OK: hash [c]
2026-07-31 05:15:52,804 [INFO] Processing hashimp__Basanagouda_Hadimani (.c)...
2026-07-31 05:15:55,535 [INFO]   OK: hashimp__Basanagouda_Hadimani [c]
2026-07-31 05:15:55,535 [INFO] Processing PES2UG19CS095 (.c)...
2026-07-31 05:15:58,224 [INFO]   OK: PES2UG19CS095 [c]
2026-07-31 05:15:58,225 [INFO] Processing Week12__Rishitha_Chowdary (.c)...
2026-07-31 05:16:00,994 [INFO]   OK: Week12__Rishitha_Chowdary [c]
2026-07-31 05:16:00,997 [INFO] Done. 397 succeeded, 0 failed, 4 non-source files ignored.
2026-07-31 05:16:02,769 [INFO] Found 404 files in /mnt/c/Users/admin/Downloads/lab_ec/lab_ec/week13/A
2026-07-31 05:16:02,769 [INFO] Processing PES2UG19CS001 (.c)...
2026-07-31 05:16:05,560 [INFO]   OK: PES2UG19CS001 [c]
2026-07-31 05:16:05,560 [INFO] Processing PES2UG19CS002 (.c)...
2026-07-31 05:16:08,194 [INFO]   OK: PES2UG19CS002 [c]
2026-07-31 05:16:08,194 [INFO] Processing PES2UG19CS003 (.c)...
2026-07-31 05:16:11,459 [INFO]   OK: PES2UG19CS003 [c]
2026-07-31 05:16:11,460 [INFO] Processing PES2UG19CS005 (.c)...
2026-07-31 05:16:14,575 [INFO]   OK: PES2UG19CS005 [c]
2026-07-31 05:16:14,575 [INFO] Processing PES2UG19CS007 (.c)...
2026-07-31 05:16:17,505 [INFO]   OK: PES2UG19CS007 [c]
2026-07-31 05:16:17,505 [INFO] Processing PES2UG19CS008 (.c)...
2026-07-31 05:16:20,570 [INFO]   OK: PES2UG19CS008 [c]
2026-07-31 05:16:20,570 [INFO] Processing PES2UG19CS008 (.c)...
2026-07-31 05:16:23,932 [INFO]   OK: PES2UG19CS008 [c]
2026-07-31 05:16:23,932 [INFO] Processing PES2UG19CS008 (.c)...
2026-07-31 05:16:27,326 [INFO]   OK: PES2UG19CS008 [c]
2026-07-31 05:16:27,326 [INFO] Processing PES2UG19CS008 (.c)...
2026-07-31 05:16:30,539 [INFO]   OK: PES2UG19CS008 [c]
2026-07-31 05:16:30,539 [INFO] Processing PES2UG19CS009 (.c)...
2026-07-31 05:16:33,384 [INFO]   OK: PES2UG19CS009 [c]
2026-07-31 05:16:33,385 [INFO] Processing PES2UG19CS010 (.c)...
2026-07-31 05:16:36,568 [INFO]   OK: PES2UG19CS010 [c]
2026-07-31 05:16:36,568 [INFO] Processing PES2UG19CS011 (.c)...
2026-07-31 05:16:39,831 [INFO]   OK: PES2UG19CS011 [c]
2026-07-31 05:16:39,831 [INFO] Processing PES2UG19CS012 (.c)...
2026-07-31 05:16:43,112 [INFO]   OK: PES2UG19CS012 [c]
2026-07-31 05:16:43,112 [INFO] Processing PES2UG19CS013 (.c)...
2026-07-31 05:16:46,507 [INFO]   OK: PES2UG19CS013 [c]
2026-07-31 05:16:46,507 [INFO] Processing PES2UG19CS014 (.c)...
2026-07-31 05:16:49,769 [INFO]   OK: PES2UG19CS014 [c]
2026-07-31 05:16:49,770 [INFO] Processing PES2UG19CS015 (.c)...
2026-07-31 05:16:53,470 [INFO]   OK: PES2UG19CS015 [c]
2026-07-31 05:16:53,470 [INFO] Processing PES2UG19CS016 (.c)...
2026-07-31 05:16:57,804 [INFO]   OK: PES2UG19CS016 [c]
2026-07-31 05:16:57,805 [INFO] Processing PES2UG19CS017 (.c)...
2026-07-31 05:17:01,704 [INFO]   OK: PES2UG19CS017 [c]
2026-07-31 05:17:01,705 [INFO] Processing PES2UG19CS018 (.c)...
2026-07-31 05:17:04,893 [INFO]   OK: PES2UG19CS018 [c]
2026-07-31 05:17:04,893 [INFO] Processing PES2UG19CS019 (.c)...
2026-07-31 05:17:07,759 [INFO]   OK: PES2UG19CS019 [c]
2026-07-31 05:17:07,760 [INFO] Processing PES2UG19CS020 (.c)...
2026-07-31 05:17:10,907 [INFO]   OK: PES2UG19CS020 [c]
2026-07-31 05:17:10,907 [INFO] Processing PES2UG19CS022 (.c)...
2026-07-31 05:17:14,441 [INFO]   OK: PES2UG19CS022 [c]
2026-07-31 05:17:14,442 [INFO] Processing PES2UG19CS023 (.c)...
2026-07-31 05:17:17,458 [INFO]   OK: PES2UG19CS023 [c]
2026-07-31 05:17:17,458 [INFO] Processing PES2UG19CS024 (.c)...
2026-07-31 05:17:20,231 [INFO]   OK: PES2UG19CS024 [c]
2026-07-31 05:17:20,231 [INFO] Processing PES2UG19CS025 (.c)...
2026-07-31 05:17:23,094 [INFO]   OK: PES2UG19CS025 [c]
2026-07-31 05:17:23,094 [INFO] Processing PES2UG19CS027 (.c)...
2026-07-31 05:17:26,188 [INFO]   OK: PES2UG19CS027 [c]
2026-07-31 05:17:26,188 [INFO] Processing PES2UG19CS028 (.c)...
2026-07-31 05:17:29,451 [INFO]   OK: PES2UG19CS028 [c]
2026-07-31 05:17:29,452 [INFO] Processing PES2UG19CS029 (.c)...
2026-07-31 05:17:32,902 [INFO]   OK: PES2UG19CS029 [c]
2026-07-31 05:17:32,902 [INFO] Processing PES2UG19CS030 (.c)...
2026-07-31 05:17:36,180 [INFO]   OK: PES2UG19CS030 [c]
2026-07-31 05:17:36,181 [INFO] Processing PES2UG19CS031 (.c)...
2026-07-31 05:17:39,302 [INFO]   OK: PES2UG19CS031 [c]
2026-07-31 05:17:39,302 [INFO] Processing PES2UG19CS032 (.c)...
2026-07-31 05:17:42,278 [INFO]   OK: PES2UG19CS032 [c]
2026-07-31 05:17:42,278 [INFO] Processing PES2UG19CS034 (.c)...
2026-07-31 05:17:45,543 [INFO]   OK: PES2UG19CS034 [c]
2026-07-31 05:17:45,543 [INFO] Processing PES2UG19CS035 (.c)...
2026-07-31 05:17:48,526 [INFO]   OK: PES2UG19CS035 [c]
2026-07-31 05:17:48,526 [INFO] Processing PES2UG19CS036 (.c)...
2026-07-31 05:17:51,325 [INFO]   OK: PES2UG19CS036 [c]
2026-07-31 05:17:51,325 [INFO] Processing PES2UG19CS037 (.c)...
2026-07-31 05:17:53,922 [INFO]   OK: PES2UG19CS037 [c]
2026-07-31 05:17:53,922 [INFO] Processing PES2UG19CS038 (.c)...
2026-07-31 05:17:56,848 [INFO]   OK: PES2UG19CS038 [c]
2026-07-31 05:17:56,848 [INFO] Processing PES2UG19CS039 (.c)...
2026-07-31 05:17:59,862 [INFO]   OK: PES2UG19CS039 [c]
2026-07-31 05:17:59,862 [INFO] Processing PES2UG19CS041 (.c)...
2026-07-31 05:18:03,161 [INFO]   OK: PES2UG19CS041 [c]
2026-07-31 05:18:03,161 [INFO] Processing PES2UG19CS043 (.c)...
2026-07-31 05:18:06,013 [INFO]   OK: PES2UG19CS043 [c]
2026-07-31 05:18:06,013 [INFO] Processing PES2UG19CS044 (.c)...
2026-07-31 05:18:09,327 [INFO]   OK: PES2UG19CS044 [c]
2026-07-31 05:18:09,327 [INFO] Processing PES2UG19CS045 (.c)...
2026-07-31 05:18:12,140 [INFO]   OK: PES2UG19CS045 [c]
2026-07-31 05:18:12,140 [INFO] Processing PES2UG19CS046 (.c)...
2026-07-31 05:18:14,820 [INFO]   OK: PES2UG19CS046 [c]
2026-07-31 05:18:14,820 [INFO] Processing PES2UG19CS047 (.c)...
2026-07-31 05:18:17,397 [INFO]   OK: PES2UG19CS047 [c]
2026-07-31 05:18:17,397 [INFO] Processing PES2UG19CS048 (.c)...
2026-07-31 05:18:19,980 [INFO]   OK: PES2UG19CS048 [c]
2026-07-31 05:18:19,981 [INFO] Processing PES2UG19CS049 (.c)...
2026-07-31 05:18:22,417 [INFO]   OK: PES2UG19CS049 [c]
2026-07-31 05:18:22,417 [INFO] Processing PES2UG19CS050 (.c)...
2026-07-31 05:18:24,874 [INFO]   OK: PES2UG19CS050 [c]
2026-07-31 05:18:24,874 [INFO] Processing PES2UG19CS051 (.c)...
2026-07-31 05:18:27,292 [INFO]   OK: PES2UG19CS051 [c]
2026-07-31 05:18:27,292 [INFO] Processing PES2UG19CS052 (.c)...
2026-07-31 05:18:29,772 [INFO]   OK: PES2UG19CS052 [c]
2026-07-31 05:18:29,772 [INFO] Processing PES2UG19CS053 (.c)...
2026-07-31 05:18:32,265 [INFO]   OK: PES2UG19CS053 [c]
2026-07-31 05:18:32,265 [INFO] Processing PES2UG19CS054 (.c)...
2026-07-31 05:18:34,696 [INFO]   OK: PES2UG19CS054 [c]
2026-07-31 05:18:34,696 [INFO] Processing PES2UG19CS055 (.c)...
2026-07-31 05:18:37,152 [INFO]   OK: PES2UG19CS055 [c]
2026-07-31 05:18:37,152 [INFO] Processing PES2UG19CS056 (.c)...
2026-07-31 05:18:39,639 [INFO]   OK: PES2UG19CS056 [c]
2026-07-31 05:18:39,639 [INFO] Processing PES2UG19CS057 (.c)...
2026-07-31 05:18:42,110 [INFO]   OK: PES2UG19CS057 [c]
2026-07-31 05:18:42,110 [INFO] Processing PES2UG19CS058 (.c)...
2026-07-31 05:18:44,601 [INFO]   OK: PES2UG19CS058 [c]
2026-07-31 05:18:44,601 [INFO] Processing PES2UG19CS059 (.c)...
2026-07-31 05:18:47,047 [INFO]   OK: PES2UG19CS059 [c]
2026-07-31 05:18:47,048 [INFO] Processing PES2UG19CS060 (.c)...
2026-07-31 05:18:49,643 [INFO]   OK: PES2UG19CS060 [c]
2026-07-31 05:18:49,643 [INFO] Processing PES2UG19CS061 (.c)...
2026-07-31 05:18:52,401 [INFO]   OK: PES2UG19CS061 [c]
2026-07-31 05:18:52,401 [INFO] Processing PES2UG19CS062 (.c)...
2026-07-31 05:18:55,659 [INFO]   OK: PES2UG19CS062 [c]
2026-07-31 05:18:55,659 [INFO] Processing PES2UG19CS063 (.c)...
2026-07-31 05:21:02,589 [INFO]   OK: PES2UG19CS063 [c]
2026-07-31 05:21:02,589 [INFO] Processing PES2UG19CS064 (.c)...
2026-07-31 05:19:01,866 [INFO]   OK: PES2UG19CS064 [c]
2026-07-31 05:19:01,866 [INFO] Processing PES2UG19CS065 (.c)...
2026-07-31 05:19:04,907 [INFO]   OK: PES2UG19CS065 [c]
2026-07-31 05:19:04,907 [INFO] Processing PES2UG19CS066 (.c)...
2026-07-31 05:19:07,651 [INFO]   OK: PES2UG19CS066 [c]
2026-07-31 05:19:07,651 [INFO] Processing PES2UG19CS328 (.c)...
2026-07-31 05:19:10,428 [INFO]   OK: PES2UG19CS328 [c]
2026-07-31 05:19:10,428 [INFO] Processing PES2UG19CS067 (.c)...
2026-07-31 05:19:13,149 [INFO]   OK: PES2UG19CS067 [c]
2026-07-31 05:19:13,149 [INFO] Processing PES2UG19CS068 (.c)...
2026-07-31 05:19:16,233 [INFO]   OK: PES2UG19CS068 [c]
2026-07-31 05:19:16,233 [INFO] Processing PES2UG19CS069 (.c)...
2026-07-31 05:19:19,285 [INFO]   OK: PES2UG19CS069 [c]
2026-07-31 05:19:19,285 [INFO] Processing PES2UG19CS070 (.c)...
2026-07-31 05:19:22,335 [INFO]   OK: PES2UG19CS070 [c]
2026-07-31 05:19:22,336 [INFO] Processing PES2UG19CS071 (.c)...
2026-07-31 05:19:25,426 [INFO]   OK: PES2UG19CS071 [c]
2026-07-31 05:19:25,426 [INFO] Processing PES2UG19CS073 (.C)...
2026-07-31 05:19:27,863 [INFO]   OK: PES2UG19CS073 [c]
2026-07-31 05:19:27,864 [INFO] Processing PES2UG19CS074 (.c)...
2026-07-31 05:19:30,703 [INFO]   OK: PES2UG19CS074 [c]
2026-07-31 05:19:30,703 [INFO] Processing PES2UG19CS075 (.c)...
2026-07-31 05:19:33,947 [INFO]   OK: PES2UG19CS075 [c]
2026-07-31 05:19:33,947 [INFO] Processing PES2UG19CS076 (.c)...
2026-07-31 05:19:37,283 [INFO]   OK: PES2UG19CS076 [c]
2026-07-31 05:19:37,283 [INFO] Processing PES2UG19CS077 (.c)...
2026-07-31 05:19:40,506 [INFO]   OK: PES2UG19CS077 [c]
2026-07-31 05:19:40,507 [INFO] Processing PES2UG19CS078 (.c)...
2026-07-31 05:19:43,512 [INFO]   OK: PES2UG19CS078 [c]
2026-07-31 05:19:43,512 [INFO] Processing PES2UG19CS079 (.c)...
2026-07-31 05:19:46,538 [INFO]   OK: PES2UG19CS079 [c]
2026-07-31 05:19:46,538 [INFO] Processing PES2UG19CS083 (.c)...
2026-07-31 05:19:49,251 [INFO]   OK: PES2UG19CS083 [c]
2026-07-31 05:19:49,251 [INFO] Processing PES2UG19CS084 (.c)...
2026-07-31 05:19:52,300 [INFO]   OK: PES2UG19CS084 [c]
2026-07-31 05:19:52,300 [INFO] Processing PES2UG19CS086 (.c)...
2026-07-31 05:19:55,313 [INFO]   OK: PES2UG19CS086 [c]
2026-07-31 05:19:55,313 [INFO] Processing PES2UG19CS087 (.c)...
2026-07-31 05:19:58,606 [INFO]   OK: PES2UG19CS087 [c]
2026-07-31 05:19:58,607 [INFO] Processing PES2UG19CS088 (.c)...
2026-07-31 05:20:01,362 [INFO]   OK: PES2UG19CS088 [c]
2026-07-31 05:20:01,362 [INFO] Processing PES2UG19CS089 (.c)...
2026-07-31 05:20:04,171 [INFO]   OK: PES2UG19CS089 [c]
2026-07-31 05:20:04,171 [INFO] Processing PES2UG19CS091 (.c)...
2026-07-31 05:20:06,923 [INFO]   OK: PES2UG19CS091 [c]
2026-07-31 05:20:06,924 [INFO] Processing PES2UG19CS092 (.c)...
2026-07-31 05:20:09,935 [INFO]   OK: PES2UG19CS092 [c]
2026-07-31 05:20:09,935 [INFO] Processing PES2UG19CS093 (.c)...
2026-07-31 05:20:12,801 [INFO]   OK: PES2UG19CS093 [c]
2026-07-31 05:20:12,801 [INFO] Processing PES2UG19CS096 (.c)...
2026-07-31 05:20:15,704 [INFO]   OK: PES2UG19CS096 [c]
2026-07-31 05:20:15,704 [INFO] Processing PES2UG19CS097 (.c)...
2026-07-31 05:20:18,378 [INFO]   OK: PES2UG19CS097 [c]
2026-07-31 05:20:18,379 [INFO] Processing PES2UG19CS098 (.c)...
2026-07-31 05:20:21,312 [INFO]   OK: PES2UG19CS098 [c]
2026-07-31 05:20:21,312 [INFO] Processing PES2UG19CS099 (.c)...
2026-07-31 05:20:24,099 [INFO]   OK: PES2UG19CS099 [c]
2026-07-31 05:20:24,099 [INFO] Processing PES2UG19CS101 (.c)...
2026-07-31 05:20:27,166 [INFO]   OK: PES2UG19CS101 [c]
2026-07-31 05:20:27,166 [INFO] Processing PES2UG19CS102 (.c)...
2026-07-31 05:20:30,110 [INFO]   OK: PES2UG19CS102 [c]
2026-07-31 05:20:30,110 [INFO] Processing PES2UG19CS103 (.c)...
2026-07-31 05:20:32,983 [INFO]   OK: PES2UG19CS103 [c]
2026-07-31 05:20:32,984 [INFO] Processing PES2UG19CS104 (.c)...
2026-07-31 05:20:35,770 [INFO]   OK: PES2UG19CS104 [c]
2026-07-31 05:20:35,770 [INFO] Processing PES2UG19CS105 (.c)...
2026-07-31 05:22:42,733 [INFO]   OK: PES2UG19CS105 [c]
2026-07-31 05:22:42,733 [INFO] Processing PES2UG19CS106 (.c)...
2026-07-31 05:20:41,892 [INFO]   OK: PES2UG19CS106 [c]
2026-07-31 05:20:41,893 [INFO] Processing PES2UG19CS107 (.c)...
2026-07-31 05:20:44,973 [INFO]   OK: PES2UG19CS107 [c]
2026-07-31 05:20:44,973 [INFO] Processing PES2UG19CS109 (.c)...
2026-07-31 05:20:47,796 [INFO]   OK: PES2UG19CS109 [c]
2026-07-31 05:20:47,797 [INFO] Processing PES2UG19CS110 (.c)...
2026-07-31 05:20:50,726 [INFO]   OK: PES2UG19CS110 [c]
2026-07-31 05:20:50,726 [INFO] Processing PES2UG19CS111 (.c)...
2026-07-31 05:20:53,597 [INFO]   OK: PES2UG19CS111 [c]
2026-07-31 05:20:53,597 [INFO] Processing PES2UG19CS112 (.c)...
2026-07-31 05:20:56,647 [INFO]   OK: PES2UG19CS112 [c]
2026-07-31 05:20:56,647 [INFO] Processing PES2UG19CS113 (.c)...
2026-07-31 05:20:59,674 [INFO]   OK: PES2UG19CS113 [c]
2026-07-31 05:20:59,674 [INFO] Processing PES2UG19CS114 (.c)...
2026-07-31 05:21:02,413 [INFO]   OK: PES2UG19CS114 [c]
2026-07-31 05:21:02,414 [INFO] Processing PES2UG19CS116 (.c)...
2026-07-31 05:21:05,402 [INFO]   OK: PES2UG19CS116 [c]
2026-07-31 05:21:05,402 [INFO] Processing PES2UG19CS117 (.c)...
2026-07-31 05:21:08,189 [INFO]   OK: PES2UG19CS117 [c]
2026-07-31 05:21:08,190 [INFO] Processing PES2UG19CS118 (.c)...
2026-07-31 05:21:11,044 [INFO]   OK: PES2UG19CS118 [c]
2026-07-31 05:21:11,044 [INFO] Processing PES2UG19CS119 (.c)...
2026-07-31 05:21:13,685 [INFO]   OK: PES2UG19CS119 [c]
2026-07-31 05:21:13,685 [INFO] Processing PES2UG19CS120 (.c)...
2026-07-31 05:21:16,229 [INFO]   OK: PES2UG19CS120 [c]
2026-07-31 05:21:16,229 [INFO] Processing PES2UG19CS122 (.c)...
2026-07-31 05:21:18,792 [INFO]   OK: PES2UG19CS122 [c]
2026-07-31 05:21:18,792 [INFO] Processing PES2UG19CS124 (.c)...
2026-07-31 05:21:21,378 [INFO]   OK: PES2UG19CS124 [c]
2026-07-31 05:21:21,378 [INFO] Processing PES2UG19CS125 (.c)...
2026-07-31 05:21:23,944 [INFO]   OK: PES2UG19CS125 [c]
2026-07-31 05:21:23,944 [INFO] Processing PES2UG19CS126 (.c)...
2026-07-31 05:21:26,298 [INFO]   OK: PES2UG19CS126 [c]
2026-07-31 05:21:26,298 [INFO] Processing PES2UG19CS127 (.c)...
2026-07-31 05:21:28,735 [INFO]   OK: PES2UG19CS127 [c]
2026-07-31 05:21:28,736 [INFO] Processing PES2UG19CS130 (.c)...
2026-07-31 05:21:31,380 [INFO]   OK: PES2UG19CS130 [c]
2026-07-31 05:21:31,380 [INFO] Processing PES2UG19CS131 (.c)...
2026-07-31 05:21:33,883 [INFO]   OK: PES2UG19CS131 [c]
2026-07-31 05:21:33,884 [INFO] Processing PES2UG19CS132 (.c)...
2026-07-31 05:21:36,694 [INFO]   OK: PES2UG19CS132 [c]
2026-07-31 05:21:36,694 [INFO] Processing PES2UG19CS134 (.c)...
2026-07-31 05:21:39,800 [INFO]   OK: PES2UG19CS134 [c]
2026-07-31 05:21:39,801 [INFO] Processing PES2UG19CS394 (.c)...
2026-07-31 05:21:42,321 [INFO]   OK: PES2UG19CS394 [c]
2026-07-31 05:21:42,321 [INFO] Processing C_PES2U19CS137_Week_13__hariprasad_hr (.c)...
2026-07-31 05:21:44,823 [INFO]   OK: C_PES2U19CS137_Week_13__hariprasad_hr [c]
2026-07-31 05:21:44,823 [INFO] Processing PES2UG19CS133 (.c)...
2026-07-31 05:21:47,378 [INFO]   OK: PES2UG19CS133 [c]
2026-07-31 05:21:47,378 [INFO] Processing PES2UG19CS135 (.c)...
2026-07-31 05:21:49,891 [INFO]   OK: PES2UG19CS135 [c]
2026-07-31 05:21:49,892 [INFO] Processing PES2UG19CS136 (.c)...
2026-07-31 05:21:52,380 [INFO]   OK: PES2UG19CS136 [c]
2026-07-31 05:21:52,381 [INFO] Processing PES2UG19CS138 (.c)...
2026-07-31 05:21:54,861 [INFO]   OK: PES2UG19CS138 [c]
2026-07-31 05:21:54,861 [INFO] Processing PES2UG19CS143 (.c)...
2026-07-31 05:21:57,315 [INFO]   OK: PES2UG19CS143 [c]
2026-07-31 05:21:57,316 [INFO] Processing PES2UG19CS145 (.c)...
2026-07-31 05:22:00,131 [INFO]   OK: PES2UG19CS145 [c]
2026-07-31 05:22:00,131 [INFO] Processing PES2UG19CS146 (.c)...
2026-07-31 05:22:02,615 [INFO]   OK: PES2UG19CS146 [c]
2026-07-31 05:22:02,615 [INFO] Processing PES2UG19CS147 (.c)...
2026-07-31 05:22:05,148 [INFO]   OK: PES2UG19CS147 [c]
2026-07-31 05:22:05,148 [INFO] Processing PES2UG19CS148 (.c)...
2026-07-31 05:22:07,605 [INFO]   OK: PES2UG19CS148 [c]
2026-07-31 05:22:07,605 [INFO] Processing PES2UG19CS149 (.c)...
2026-07-31 05:22:10,147 [INFO]   OK: PES2UG19CS149 [c]
2026-07-31 05:22:10,147 [INFO] Processing PES2UG19CS150 (.c)...
2026-07-31 05:22:12,549 [INFO]   OK: PES2UG19CS150 [c]
2026-07-31 05:22:12,549 [INFO] Processing PES2UG19CS151 (.c)...
2026-07-31 05:22:15,037 [INFO]   OK: PES2UG19CS151 [c]
2026-07-31 05:22:15,037 [INFO] Processing PES2UG19CS152 (.c)...
2026-07-31 05:22:17,489 [INFO]   OK: PES2UG19CS152 [c]
2026-07-31 05:22:17,489 [INFO] Processing PES2UG19CS153 (.c)...
2026-07-31 05:22:19,973 [INFO]   OK: PES2UG19CS153 [c]
2026-07-31 05:22:19,973 [INFO] Processing PES2UG19CS154 (.c)...
2026-07-31 05:22:22,391 [INFO]   OK: PES2UG19CS154 [c]
2026-07-31 05:22:22,391 [INFO] Processing PES2UG19CS156 (.c)...
2026-07-31 05:22:25,032 [INFO]   OK: PES2UG19CS156 [c]
2026-07-31 05:22:25,033 [INFO] Processing PES2UG19CS157 (.c)...
2026-07-31 05:22:27,574 [INFO]   OK: PES2UG19CS157 [c]
2026-07-31 05:22:27,574 [INFO] Processing PES2UG19CS160 (.c)...
2026-07-31 05:22:30,250 [INFO]   OK: PES2UG19CS160 [c]
2026-07-31 05:22:30,250 [INFO] Processing PES2UG19CS161 (.c)...
2026-07-31 05:22:32,742 [INFO]   OK: PES2UG19CS161 [c]
2026-07-31 05:22:32,742 [INFO] Processing PES2UG19CS163 (.c)...
2026-07-31 05:22:35,266 [INFO]   OK: PES2UG19CS163 [c]
2026-07-31 05:22:35,266 [INFO] Processing PES2UG19CS164 (.c)...
2026-07-31 05:22:37,731 [INFO]   OK: PES2UG19CS164 [c]
2026-07-31 05:22:37,731 [INFO] Processing PES2UG19CS165 (.c)...
2026-07-31 05:22:40,190 [INFO]   OK: PES2UG19CS165 [c]
2026-07-31 05:22:40,190 [INFO] Processing PES2UG19CS166 (.c)...
2026-07-31 05:22:42,718 [INFO]   OK: PES2UG19CS166 [c]
2026-07-31 05:22:42,718 [INFO] Processing PES2UG19CS167 (.c)...
2026-07-31 05:22:45,124 [INFO]   OK: PES2UG19CS167 [c]
2026-07-31 05:22:45,124 [INFO] Processing PES2UG19CS168 (.c)...
2026-07-31 05:22:47,513 [INFO]   OK: PES2UG19CS168 [c]
2026-07-31 05:22:47,514 [INFO] Processing PES2UG19CS169 (.c)...
2026-07-31 05:22:50,016 [INFO]   OK: PES2UG19CS169 [c]
2026-07-31 05:22:50,016 [INFO] Processing PES2UG19CS170 (.c)...
2026-07-31 05:22:52,517 [INFO]   OK: PES2UG19CS170 [c]
2026-07-31 05:22:52,517 [INFO] Processing PES2UG19CS171 (.c)...
2026-07-31 05:22:55,035 [INFO]   OK: PES2UG19CS171 [c]
2026-07-31 05:22:55,035 [INFO] Processing PES2UG19CS172 (.c)...
2026-07-31 05:22:57,643 [INFO]   OK: PES2UG19CS172 [c]
2026-07-31 05:22:57,643 [INFO] Processing PES2UG19CS173 (.c)...
2026-07-31 05:23:00,259 [INFO]   OK: PES2UG19CS173 [c]
2026-07-31 05:23:00,260 [INFO] Processing PES2UG19CS174 (.c)...
2026-07-31 05:23:02,677 [INFO]   OK: PES2UG19CS174 [c]
2026-07-31 05:23:02,677 [INFO] Processing PES2UG19CS175 (.c)...
2026-07-31 05:23:05,096 [INFO]   OK: PES2UG19CS175 [c]
2026-07-31 05:23:05,097 [INFO] Processing PES2UG19CS176 (.c)...
2026-07-31 05:23:07,742 [INFO]   OK: PES2UG19CS176 [c]
2026-07-31 05:23:07,742 [INFO] Processing PES2UG19CS177 (.c)...
2026-07-31 05:23:11,556 [INFO]   OK: PES2UG19CS177 [c]
2026-07-31 05:23:11,557 [INFO] Processing PES2UG19CS178 (.c)...
2026-07-31 05:23:15,319 [INFO]   OK: PES2UG19CS178 [c]
2026-07-31 05:23:15,319 [INFO] Processing PES2UG19CS179 (.c)...
2026-07-31 05:23:18,691 [INFO]   OK: PES2UG19CS179 [c]
2026-07-31 05:23:18,691 [INFO] Processing PES2UG19CS180 (.c)...
2026-07-31 05:23:21,771 [INFO]   OK: PES2UG19CS180 [c]
2026-07-31 05:23:21,771 [INFO] Processing PES2UG19CS181 (.c)...
2026-07-31 05:23:24,755 [INFO]   OK: PES2UG19CS181 [c]
2026-07-31 05:23:24,756 [INFO] Processing PES2UG19CS183 (.c)...
2026-07-31 05:23:27,411 [INFO]   OK: PES2UG19CS183 [c]
2026-07-31 05:23:27,412 [INFO] Processing PES2UG19CS184 (.c)...
2026-07-31 05:23:30,204 [INFO]   OK: PES2UG19CS184 [c]
2026-07-31 05:23:30,204 [INFO] Processing PES2UG19CS185 (.c)...
2026-07-31 05:23:32,821 [INFO]   OK: PES2UG19CS185 [c]
2026-07-31 05:23:32,821 [INFO] Processing PES2UG19CS186 (.c)...
2026-07-31 05:23:35,860 [INFO]   OK: PES2UG19CS186 [c]
2026-07-31 05:23:35,860 [INFO] Processing PES2UG19CS187 (.c)...
2026-07-31 05:23:38,616 [INFO]   OK: PES2UG19CS187 [c]
2026-07-31 05:23:38,616 [INFO] Processing PES2UG19CS188 (.c)...
2026-07-31 05:23:41,292 [INFO]   OK: PES2UG19CS188 [c]
2026-07-31 05:23:41,293 [INFO] Processing PES2UG19CS189 (.c)...
2026-07-31 05:23:43,922 [INFO]   OK: PES2UG19CS189 [c]
2026-07-31 05:23:43,922 [INFO] Processing PES2UG19CS190 (.c)...
2026-07-31 05:23:46,658 [INFO]   OK: PES2UG19CS190 [c]
2026-07-31 05:23:46,658 [INFO] Processing PES2UG19CS191 (.c)...
2026-07-31 05:23:49,705 [INFO]   OK: PES2UG19CS191 [c]
2026-07-31 05:23:49,705 [INFO] Processing PES2UG19CS192 (.c)...
2026-07-31 05:23:52,415 [INFO]   OK: PES2UG19CS192 [c]
2026-07-31 05:23:52,415 [INFO] Processing PES2UG19CS193 (.c)...
2026-07-31 05:23:55,324 [INFO]   OK: PES2UG19CS193 [c]
2026-07-31 05:23:55,325 [INFO] Processing PES2UG19CS194 (.c)...
2026-07-31 05:23:58,193 [INFO]   OK: PES2UG19CS194 [c]
2026-07-31 05:23:58,194 [INFO] Processing PES2UG19CS195 (.c)...
2026-07-31 05:24:00,835 [INFO]   OK: PES2UG19CS195 [c]
2026-07-31 05:24:00,835 [INFO] Processing PES2UG19CS196 (.c)...
2026-07-31 05:24:03,591 [INFO]   OK: PES2UG19CS196 [c]
2026-07-31 05:24:03,591 [INFO] Processing PES2UG19CS197 (.c)...
2026-07-31 05:24:06,523 [INFO]   OK: PES2UG19CS197 [c]
2026-07-31 05:24:06,523 [INFO] Processing PES2UG19CS198 (.c)...
2026-07-31 05:24:09,502 [INFO]   OK: PES2UG19CS198 [c]
2026-07-31 05:24:09,502 [INFO] Processing PES2UG19CS278 (.c)...
2026-07-31 05:24:12,144 [INFO]   OK: PES2UG19CS278 [c]
2026-07-31 05:24:12,144 [INFO] Processing PES2UG19CS349 (.c)...
2026-07-31 05:24:14,907 [INFO]   OK: PES2UG19CS349 [c]
2026-07-31 05:24:14,908 [INFO] Processing PES2UG19CS350 (.c)...
2026-07-31 05:24:17,837 [INFO]   OK: PES2UG19CS350 [c]
2026-07-31 05:24:17,838 [WARNING]   IGNORED (not a recognized source file): day13_EC_DS.zip
2026-07-31 05:24:17,838 [INFO] Processing PES2UG19CS415 (.c)...
2026-07-31 05:24:20,741 [INFO]   OK: PES2UG19CS415 [c]
2026-07-31 05:24:20,742 [INFO] Processing PES2UG19CS200 (.c)...
2026-07-31 05:24:23,328 [INFO]   OK: PES2UG19CS200 [c]
2026-07-31 05:24:23,328 [INFO] Processing PES2UG19CS201 (.c)...
2026-07-31 05:24:26,131 [INFO]   OK: PES2UG19CS201 [c]
2026-07-31 05:24:26,131 [INFO] Processing PES2UG19CS202 (.c)...
2026-07-31 05:24:28,937 [INFO]   OK: PES2UG19CS202 [c]
2026-07-31 05:24:28,937 [INFO] Processing PES2UG19CS203 (.c)...
2026-07-31 05:24:31,986 [INFO]   OK: PES2UG19CS203 [c]
2026-07-31 05:24:31,986 [INFO] Processing PES2UG19CS206 (.c)...
2026-07-31 05:24:34,614 [INFO]   OK: PES2UG19CS206 [c]
2026-07-31 05:24:34,614 [INFO] Processing PES2UG19CS207 (.c)...
2026-07-31 05:24:37,091 [INFO]   OK: PES2UG19CS207 [c]
2026-07-31 05:24:37,091 [INFO] Processing PES2UG19CS208 (.c)...
2026-07-31 05:26:43,240 [INFO]   OK: PES2UG19CS208 [c]
2026-07-31 05:24:39,480 [INFO] Processing PES2UG19CS209 (.c)...
2026-07-31 05:24:41,945 [INFO]   OK: PES2UG19CS209 [c]
2026-07-31 05:24:41,946 [INFO] Processing PES2UG19CS210 (.c)...
2026-07-31 05:24:44,335 [INFO]   OK: PES2UG19CS210 [c]
2026-07-31 05:24:44,335 [INFO] Processing PES2UG19CS211 (.c)...
2026-07-31 05:24:46,845 [INFO]   OK: PES2UG19CS211 [c]
2026-07-31 05:24:46,845 [INFO] Processing PES2UG19CS212 (.c)...
2026-07-31 05:26:53,178 [INFO]   OK: PES2UG19CS212 [c]
2026-07-31 05:26:53,178 [INFO] Processing PES2UG19CS213 (.c)...
2026-07-31 05:24:52,186 [INFO]   OK: PES2UG19CS213 [c]
2026-07-31 05:24:52,186 [INFO] Processing PES2UG19CS214 (.c)...
2026-07-31 05:24:55,004 [INFO]   OK: PES2UG19CS214 [c]
2026-07-31 05:24:55,004 [INFO] Processing PES2UG19CS215 (.c)...
2026-07-31 05:24:58,192 [INFO]   OK: PES2UG19CS215 [c]
2026-07-31 05:24:58,192 [INFO] Processing PES2UG19CS216 (.c)...
2026-07-31 05:25:01,354 [INFO]   OK: PES2UG19CS216 [c]
2026-07-31 05:25:01,354 [INFO] Processing PES2UG19CS217 (.c)...
2026-07-31 05:25:03,990 [INFO]   OK: PES2UG19CS217 [c]
2026-07-31 05:25:03,991 [INFO] Processing PES2UG19CS218 (.c)...
2026-07-31 05:25:06,475 [INFO]   OK: PES2UG19CS218 [c]
2026-07-31 05:25:06,475 [INFO] Processing PES2UG19CS220 (.c)...
2026-07-31 05:25:08,996 [INFO]   OK: PES2UG19CS220 [c]
2026-07-31 05:25:08,996 [INFO] Processing PES2UG19CS221 (.c)...
2026-07-31 05:25:11,489 [INFO]   OK: PES2UG19CS221 [c]
2026-07-31 05:25:11,490 [INFO] Processing PES2UG19CS222 (.c)...
2026-07-31 05:25:13,999 [INFO]   OK: PES2UG19CS222 [c]
2026-07-31 05:25:13,999 [INFO] Processing PES2UG19CS223 (.c)...
2026-07-31 05:25:16,534 [INFO]   OK: PES2UG19CS223 [c]
2026-07-31 05:25:16,534 [INFO] Processing PES2UG19CS224 (.c)...
2026-07-31 05:25:18,974 [INFO]   OK: PES2UG19CS224 [c]
2026-07-31 05:25:18,974 [INFO] Processing PES2UG19CS225 (.c)...
2026-07-31 05:25:21,488 [INFO]   OK: PES2UG19CS225 [c]
2026-07-31 05:25:21,488 [WARNING]   IGNORED (not a recognized source file): D_PES2UG19CS227_Week13 - meela deepti.txt
2026-07-31 05:25:21,488 [INFO] Processing PES2UG19CS228 (.c)...
2026-07-31 05:25:23,997 [INFO]   OK: PES2UG19CS228 [c]
2026-07-31 05:25:23,997 [INFO] Processing PES2UG19CS230 (.c)...
2026-07-31 05:25:26,839 [INFO]   OK: PES2UG19CS230 [c]
2026-07-31 05:25:26,839 [INFO] Processing PES2UG19CS233 (.c)...
2026-07-31 05:25:29,303 [INFO]   OK: PES2UG19CS233 [c]
2026-07-31 05:25:29,303 [INFO] Processing PES2UG19CS234 (.c)...
2026-07-31 05:25:31,803 [INFO]   OK: PES2UG19CS234 [c]
2026-07-31 05:25:31,804 [INFO] Processing PES2UG19CS235 (.c)...
2026-07-31 05:25:34,252 [INFO]   OK: PES2UG19CS235 [c]
2026-07-31 05:25:34,252 [INFO] Processing PES2UG19CS237 (.c)...
2026-07-31 05:25:36,688 [INFO]   OK: PES2UG19CS237 [c]
2026-07-31 05:25:36,688 [INFO] Processing PES2UG19CS239 (.c)...
2026-07-31 05:25:39,111 [INFO]   OK: PES2UG19CS239 [c]
2026-07-31 05:25:39,111 [INFO] Processing PES2UG19CS243 (.c)...
2026-07-31 05:25:41,835 [INFO]   OK: PES2UG19CS243 [c]
2026-07-31 05:25:41,835 [INFO] Processing PES2UG19CS244 (.c)...
2026-07-31 05:25:44,362 [INFO]   OK: PES2UG19CS244 [c]
2026-07-31 05:25:44,362 [INFO] Processing PES2UG19CS245 (.c)...
2026-07-31 05:25:47,681 [INFO]   OK: PES2UG19CS245 [c]
2026-07-31 05:25:47,681 [INFO] Processing PES2UG19CS246 (.c)...
2026-07-31 05:25:50,869 [INFO]   OK: PES2UG19CS246 [c]
2026-07-31 05:25:50,869 [INFO] Processing PES2UG19CS247 (.c)...
2026-07-31 05:25:54,219 [INFO]   OK: PES2UG19CS247 [c]
2026-07-31 05:25:54,219 [INFO] Processing PES2UG19CS248 (.c)...
2026-07-31 05:25:57,576 [INFO]   OK: PES2UG19CS248 [c]
2026-07-31 05:25:57,577 [INFO] Processing PES2UG19CS251 (.c)...
2026-07-31 05:26:00,231 [INFO]   OK: PES2UG19CS251 [c]
2026-07-31 05:26:00,231 [INFO] Processing PES2UG19CS253 (.c)...
2026-07-31 05:26:03,775 [INFO]   OK: PES2UG19CS253 [c]
2026-07-31 05:26:03,776 [INFO] Processing PES2UG19CS254 (.c)...
2026-07-31 05:26:06,553 [INFO]   OK: PES2UG19CS254 [c]
2026-07-31 05:26:06,554 [INFO] Processing PES2UG19CS255 (.c)...
2026-07-31 05:26:09,257 [INFO]   OK: PES2UG19CS255 [c]
2026-07-31 05:26:09,257 [INFO] Processing PES2UG19CS256 (.c)...
2026-07-31 05:26:12,371 [INFO]   OK: PES2UG19CS256 [c]
2026-07-31 05:26:12,372 [INFO] Processing PES2UG19CS257 (.c)...
2026-07-31 05:26:15,290 [INFO]   OK: PES2UG19CS257 [c]
2026-07-31 05:26:15,290 [INFO] Processing PES2UG19CS258 (.c)...
2026-07-31 05:26:18,175 [INFO]   OK: PES2UG19CS258 [c]
2026-07-31 05:26:18,176 [WARNING]   IGNORED (not a recognized source file): D_PES2UG19CS259_Week13.C - Nikhitha Ks.txt
2026-07-31 05:26:18,176 [INFO] Processing PES2UG19CS261 (.c)...
2026-07-31 05:26:20,995 [INFO]   OK: PES2UG19CS261 [c]
2026-07-31 05:26:20,995 [INFO] Processing PES2UG19CS262 (.c)...
2026-07-31 05:26:23,813 [INFO]   OK: PES2UG19CS262 [c]
2026-07-31 05:26:23,814 [INFO] Processing PES2UG19CS263 (.c)...
2026-07-31 05:26:26,831 [INFO]   OK: PES2UG19CS263 [c]
2026-07-31 05:26:26,831 [INFO] Processing PES2UG19CS264 (.c)...
2026-07-31 05:28:33,335 [INFO]   OK: PES2UG19CS264 [c]
2026-07-31 05:28:33,335 [INFO] Processing PES2UG19CS471 (.c)...
2026-07-31 05:26:32,302 [INFO]   OK: PES2UG19CS471 [c]
2026-07-31 05:26:32,302 [INFO] Processing PES2UG19CS265 (.c)...
2026-07-31 05:26:35,047 [INFO]   OK: PES2UG19CS265 [c]
2026-07-31 05:26:35,047 [INFO] Processing PES2UG19CS266 (.c)...
2026-07-31 05:26:40,132 [INFO]   OK: PES2UG19CS266 [c]
2026-07-31 05:26:40,132 [INFO] Processing PES2UG19CS267 (.c)...
2026-07-31 05:26:44,394 [INFO]   OK: PES2UG19CS267 [c]
2026-07-31 05:26:44,394 [INFO] Processing PES2UG19CS268 (.c)...
2026-07-31 05:26:47,699 [INFO]   OK: PES2UG19CS268 [c]
2026-07-31 05:26:47,699 [INFO] Processing PES2UG19CS270 (.c)...
2026-07-31 05:26:50,868 [INFO]   OK: PES2UG19CS270 [c]
2026-07-31 05:26:50,868 [INFO] Processing PES2UG19CS271 (.c)...
2026-07-31 05:26:53,890 [INFO]   OK: PES2UG19CS271 [c]
2026-07-31 05:26:53,890 [INFO] Processing PES2UG19CS272 (.c)...
2026-07-31 05:26:57,616 [INFO]   OK: PES2UG19CS272 [c]
2026-07-31 05:26:57,616 [INFO] Processing PES2UG19CS273 (.c)...
2026-07-31 05:27:01,037 [INFO]   OK: PES2UG19CS273 [c]
2026-07-31 05:27:01,037 [INFO] Processing PES2UG19CS274 (.c)...
2026-07-31 05:27:04,280 [INFO]   OK: PES2UG19CS274 [c]
2026-07-31 05:27:04,281 [INFO] Processing PES2UG19CS276 (.c)...
2026-07-31 05:27:07,731 [INFO]   OK: PES2UG19CS276 [c]
2026-07-31 05:27:07,731 [INFO] Processing PES2UG19CS277 (.c)...
2026-07-31 05:27:11,156 [INFO]   OK: PES2UG19CS277 [c]
2026-07-31 05:27:11,157 [INFO] Processing PES2UG19CS279 (.c)...
2026-07-31 05:27:14,475 [INFO]   OK: PES2UG19CS279 [c]
2026-07-31 05:27:14,475 [INFO] Processing PES2UG19CS280 (.c)...
2026-07-31 05:27:18,003 [INFO]   OK: PES2UG19CS280 [c]
2026-07-31 05:27:18,004 [INFO] Processing PES2UG19CS281 (.c)...
2026-07-31 05:27:22,060 [INFO]   OK: PES2UG19CS281 [c]
2026-07-31 05:27:22,060 [INFO] Processing PES2UG19CS282 (.c)...
2026-07-31 05:27:26,117 [INFO]   OK: PES2UG19CS282 [c]
2026-07-31 05:27:26,117 [INFO] Processing PES2UG19CS283 (.c)...
2026-07-31 05:27:30,082 [INFO]   OK: PES2UG19CS283 [c]
2026-07-31 05:27:30,082 [INFO] Processing PES2UG19CS284 (.c)...
2026-07-31 05:27:33,310 [INFO]   OK: PES2UG19CS284 [c]
2026-07-31 05:27:33,310 [INFO] Processing PES2UG19CS285 (.c)...
2026-07-31 05:27:36,284 [INFO]   OK: PES2UG19CS285 [c]
2026-07-31 05:27:36,285 [INFO] Processing PES2UG19CS286 (.c)...
2026-07-31 05:27:39,380 [INFO]   OK: PES2UG19CS286 [c]
2026-07-31 05:27:39,380 [INFO] Processing PES2UG19CS287 (.c)...
2026-07-31 05:27:42,599 [INFO]   OK: PES2UG19CS287 [c]
2026-07-31 05:27:42,599 [INFO] Processing PES2UG19CS292 (.c)...
2026-07-31 05:27:45,526 [INFO]   OK: PES2UG19CS292 [c]
2026-07-31 05:27:45,526 [INFO] Processing PES2UG19CS293 (.c)...
2026-07-31 05:27:48,686 [INFO]   OK: PES2UG19CS293 [c]
2026-07-31 05:27:48,686 [INFO] Processing PES2UG19CS294 (.c)...
2026-07-31 05:27:52,423 [INFO]   OK: PES2UG19CS294 [c]
2026-07-31 05:27:52,423 [INFO] Processing PES2UG19CS295 (.c)...
2026-07-31 05:27:55,765 [INFO]   OK: PES2UG19CS295 [c]
2026-07-31 05:27:55,766 [INFO] Processing PES2UG19CS296 (.c)...
2026-07-31 05:27:58,968 [INFO]   OK: PES2UG19CS296 [c]
2026-07-31 05:27:58,968 [INFO] Processing PES2UG19CS297 (.c)...
2026-07-31 05:28:02,574 [INFO]   OK: PES2UG19CS297 [c]
2026-07-31 05:28:02,574 [INFO] Processing PES2UG19CS298 (.c)...
2026-07-31 05:28:06,162 [INFO]   OK: PES2UG19CS298 [c]
2026-07-31 05:28:06,162 [INFO] Processing PES2UG19CS299 (.c)...
2026-07-31 05:28:09,230 [INFO]   OK: PES2UG19CS299 [c]
2026-07-31 05:28:09,230 [INFO] Processing PES2UG19CS300 (.c)...
2026-07-31 05:28:12,250 [INFO]   OK: PES2UG19CS300 [c]
2026-07-31 05:28:12,250 [INFO] Processing PES2UG19CS301 (.c)...
2026-07-31 05:30:18,511 [INFO]   OK: PES2UG19CS301 [c]
2026-07-31 05:30:18,511 [INFO] Processing PES2UG19CS303 (.c)...
2026-07-31 05:28:17,463 [INFO]   OK: PES2UG19CS303 [c]
2026-07-31 05:28:17,463 [INFO] Processing PES2UG19CS305 (.c)...
2026-07-31 05:28:20,293 [INFO]   OK: PES2UG19CS305 [c]
2026-07-31 05:28:20,293 [INFO] Processing PES2UG19CS307 (.c)...
2026-07-31 05:28:22,907 [INFO]   OK: PES2UG19CS307 [c]
2026-07-31 05:28:22,907 [INFO] Processing PES2UG19CS309 (.c)...
2026-07-31 05:28:25,654 [INFO]   OK: PES2UG19CS309 [c]
2026-07-31 05:28:25,654 [INFO] Processing PES2UG19CS310 (.c)...
2026-07-31 05:28:28,361 [INFO]   OK: PES2UG19CS310 [c]
2026-07-31 05:28:28,361 [INFO] Processing PES2UG19CS311 (.c)...
2026-07-31 05:28:31,213 [INFO]   OK: PES2UG19CS311 [c]
2026-07-31 05:28:31,213 [INFO] Processing PES2UG19CS312 (.c)...
2026-07-31 05:28:34,351 [INFO]   OK: PES2UG19CS312 [c]
2026-07-31 05:28:34,351 [INFO] Processing PES2UG19CS313 (.c)...
2026-07-31 05:28:37,919 [INFO]   OK: PES2UG19CS313 [c]
2026-07-31 05:28:37,919 [INFO] Processing PES2UG19CS314 (.c)...
2026-07-31 05:28:42,667 [INFO]   OK: PES2UG19CS314 [c]
2026-07-31 05:28:42,668 [INFO] Processing PES2UG19CS315 (.c)...
2026-07-31 05:28:47,554 [INFO]   OK: PES2UG19CS315 [c]
2026-07-31 05:28:47,555 [INFO] Processing PES2UG19CS316 (.c)...
2026-07-31 05:28:50,710 [INFO]   OK: PES2UG19CS316 [c]
2026-07-31 05:28:50,710 [INFO] Processing PES2UG19CS317 (.c)...
2026-07-31 05:28:53,302 [INFO]   OK: PES2UG19CS317 [c]
2026-07-31 05:28:53,302 [INFO] Processing PES2UG19CS318 (.c)...
2026-07-31 05:28:56,183 [INFO]   OK: PES2UG19CS318 [c]
2026-07-31 05:28:56,183 [INFO] Processing PES2UG19CS319 (.c)...
2026-07-31 05:28:59,035 [INFO]   OK: PES2UG19CS319 [c]
2026-07-31 05:28:59,036 [INFO] Processing PES2UG19CS320 (.c)...
2026-07-31 05:29:01,628 [INFO]   OK: PES2UG19CS320 [c]
2026-07-31 05:29:01,628 [INFO] Processing PES2UG19CS322 (.c)...
2026-07-31 05:29:04,162 [INFO]   OK: PES2UG19CS322 [c]
2026-07-31 05:29:04,163 [INFO] Processing PES2UG19CS323 (.c)...
2026-07-31 05:29:06,929 [INFO]   OK: PES2UG19CS323 [c]
2026-07-31 05:29:06,929 [INFO] Processing PES2UG19CS324 (.c)...
2026-07-31 05:29:09,479 [INFO]   OK: PES2UG19CS324 [c]
2026-07-31 05:29:09,479 [INFO] Processing PES2UG19CS325 (.c)...
2026-07-31 05:29:12,153 [INFO]   OK: PES2UG19CS325 [c]
2026-07-31 05:29:12,153 [INFO] Processing PES2UG19CS326 (.c)...
2026-07-31 05:31:18,586 [INFO]   OK: PES2UG19CS326 [c]
2026-07-31 05:31:18,586 [INFO] Processing PES2UG19CS327 (.c)...
2026-07-31 05:29:17,535 [INFO]   OK: PES2UG19CS327 [c]
2026-07-31 05:29:17,536 [INFO] Processing PES2UG19CS329 (.c)...
2026-07-31 05:29:20,138 [INFO]   OK: PES2UG19CS329 [c]
2026-07-31 05:29:20,139 [INFO] Processing PES2UG19CS330 (.c)...
2026-07-31 05:29:22,701 [INFO]   OK: PES2UG19CS330 [c]
2026-07-31 05:29:22,701 [INFO] Processing PES2UG19CS332 (.c)...
2026-07-31 05:29:25,327 [INFO]   OK: PES2UG19CS332 [c]
2026-07-31 05:29:25,327 [INFO] Processing PES2UG19CS333 (.c)...
2026-07-31 05:29:27,941 [INFO]   OK: PES2UG19CS333 [c]
2026-07-31 05:29:27,941 [INFO] Processing PES2UG19CS334 (.c)...
2026-07-31 05:29:30,817 [INFO]   OK: PES2UG19CS334 [c]
2026-07-31 05:29:30,817 [INFO] Processing PES2UG19CS335 (.c)...
2026-07-31 05:29:33,204 [INFO]   OK: PES2UG19CS335 [c]
2026-07-31 05:29:33,205 [INFO] Processing PES2UG19CS337 (.c)...
2026-07-31 05:29:35,850 [INFO]   OK: PES2UG19CS337 [c]
2026-07-31 05:29:35,850 [INFO] Processing PES2UG19CS339 (.c)...
2026-07-31 05:29:38,384 [INFO]   OK: PES2UG19CS339 [c]
2026-07-31 05:29:38,384 [INFO] Processing PES2UG19CS341 (.c)...
2026-07-31 05:29:40,969 [INFO]   OK: PES2UG19CS341 [c]
2026-07-31 05:29:40,969 [INFO] Processing PES2UG19CS342 (.c)...
2026-07-31 05:29:44,051 [INFO]   OK: PES2UG19CS342 [c]
2026-07-31 05:29:44,052 [INFO] Processing PES2UG19CS343 (.c)...
2026-07-31 05:29:47,070 [INFO]   OK: PES2UG19CS343 [c]
2026-07-31 05:29:47,070 [INFO] Processing PES2UG19CS344 (.c)...
2026-07-31 05:29:49,734 [INFO]   OK: PES2UG19CS344 [c]
2026-07-31 05:29:49,734 [INFO] Processing PES2UG19CS345 (.c)...
2026-07-31 05:29:52,587 [INFO]   OK: PES2UG19CS345 [c]
2026-07-31 05:29:52,588 [INFO] Processing PES2UG19CS346 (.c)...
2026-07-31 05:29:55,255 [INFO]   OK: PES2UG19CS346 [c]
2026-07-31 05:29:55,255 [INFO] Processing PES2UG19CS347 (.c)...
2026-07-31 05:29:57,906 [INFO]   OK: PES2UG19CS347 [c]
2026-07-31 05:29:57,906 [INFO] Processing PES2UG19CS348 (.c)...
2026-07-31 05:30:00,391 [INFO]   OK: PES2UG19CS348 [c]
2026-07-31 05:30:00,391 [INFO] Processing PES2UG19CS352 (.c)...
2026-07-31 05:30:03,049 [INFO]   OK: PES2UG19CS352 [c]
2026-07-31 05:30:03,049 [INFO] Processing PES2UG19CS353 (.c)...
2026-07-31 05:30:05,857 [INFO]   OK: PES2UG19CS353 [c]
2026-07-31 05:30:05,858 [INFO] Processing PES2UG19CS354 (.c)...
2026-07-31 05:30:08,392 [INFO]   OK: PES2UG19CS354 [c]
2026-07-31 05:30:08,392 [INFO] Processing PES2UG19CS356 (.c)...
2026-07-31 05:30:10,901 [INFO]   OK: PES2UG19CS356 [c]
2026-07-31 05:30:10,901 [INFO] Processing PES2UG19CS357 (.c)...
2026-07-31 05:30:13,496 [INFO]   OK: PES2UG19CS357 [c]
2026-07-31 05:30:13,496 [INFO] Processing PES2UG19CS358 (.c)...
2026-07-31 05:30:16,491 [INFO]   OK: PES2UG19CS358 [c]
2026-07-31 05:30:16,491 [INFO] Processing PES2UG19CS359 (.c)...
2026-07-31 05:30:19,064 [INFO]   OK: PES2UG19CS359 [c]
2026-07-31 05:30:19,065 [INFO] Processing PES2UG19CS360 (.c)...
2026-07-31 05:30:21,715 [INFO]   OK: PES2UG19CS360 [c]
2026-07-31 05:30:21,715 [INFO] Processing PES2UG19CS361 (.c)...
2026-07-31 05:30:24,293 [INFO]   OK: PES2UG19CS361 [c]
2026-07-31 05:30:24,293 [INFO] Processing PES2UG19CS363 (.c)...
2026-07-31 05:30:26,840 [INFO]   OK: PES2UG19CS363 [c]
2026-07-31 05:30:26,840 [INFO] Processing PES2UG19CS364 (.c)...
2026-07-31 05:30:29,559 [INFO]   OK: PES2UG19CS364 [c]
2026-07-31 05:30:29,559 [INFO] Processing PES2UG19CS364 (.c)...
2026-07-31 05:30:32,189 [INFO]   OK: PES2UG19CS364 [c]
2026-07-31 05:30:32,190 [INFO] Processing PES2UG19CS365 (.C)...
2026-07-31 05:30:34,137 [INFO]   OK: PES2UG19CS365 [c]
2026-07-31 05:30:34,137 [INFO] Processing PES2UG19CS366 (.c)...
2026-07-31 05:30:36,675 [INFO]   OK: PES2UG19CS366 [c]
2026-07-31 05:30:36,675 [INFO] Processing PES2UG19CS368 (.c)...
2026-07-31 05:30:39,230 [INFO]   OK: PES2UG19CS368 [c]
2026-07-31 05:30:39,230 [INFO] Processing PES2UG19CS370 (.c)...
2026-07-31 05:30:41,863 [INFO]   OK: PES2UG19CS370 [c]
2026-07-31 05:30:41,863 [INFO] Processing PES2UG19CS371 (.c)...
2026-07-31 05:30:45,205 [INFO]   OK: PES2UG19CS371 [c]
2026-07-31 05:30:45,206 [INFO] Processing PES2UG19CS372 (.c)...
2026-07-31 05:32:53,677 [INFO]   OK: PES2UG19CS372 [c]
2026-07-31 05:32:53,677 [INFO] Processing PES2UG19CS373 (.c)...
2026-07-31 05:30:55,890 [INFO]   OK: PES2UG19CS373 [c]
2026-07-31 05:30:55,890 [INFO] Processing PES2UG19CS374 (.c)...
2026-07-31 05:31:02,659 [INFO]   OK: PES2UG19CS374 [c]
2026-07-31 05:31:02,660 [INFO] Processing PES2UG19CS375 (.c)...
2026-07-31 05:31:07,008 [INFO]   OK: PES2UG19CS375 [c]
2026-07-31 05:31:07,008 [INFO] Processing PES2UG19CS375 (.c)...
2026-07-31 05:31:11,284 [INFO]   OK: PES2UG19CS375 [c]
2026-07-31 05:31:11,285 [INFO] Processing PES2UG19CS378 (.c)...
2026-07-31 05:31:14,493 [INFO]   OK: PES2UG19CS378 [c]
2026-07-31 05:31:14,493 [INFO] Processing PES2UG19CS379 (.c)...
2026-07-31 05:31:17,786 [INFO]   OK: PES2UG19CS379 [c]
2026-07-31 05:31:17,787 [INFO] Processing PES2UG19CS380 (.c)...
2026-07-31 05:31:21,996 [INFO]   OK: PES2UG19CS380 [c]
2026-07-31 05:31:21,996 [INFO] Processing PES2UG19CS381 (.c)...
2026-07-31 05:31:26,093 [INFO]   OK: PES2UG19CS381 [c]
2026-07-31 05:31:26,094 [INFO] Processing PES2UG19CS382 (.c)...
2026-07-31 05:31:28,964 [INFO]   OK: PES2UG19CS382 [c]
2026-07-31 05:31:28,964 [INFO] Processing PES2UG19CS383 (.c)...
2026-07-31 05:31:31,984 [INFO]   OK: PES2UG19CS383 [c]
2026-07-31 05:31:31,984 [INFO] Processing PES2UG19CS384 (.c)...
2026-07-31 05:31:35,306 [INFO]   OK: PES2UG19CS384 [c]
2026-07-31 05:31:35,307 [INFO] Processing PES2UG19CS385 (.c)...
2026-07-31 05:31:38,010 [INFO]   OK: PES2UG19CS385 [c]
2026-07-31 05:31:38,011 [INFO] Processing PES2UG19CS387 (.c)...
2026-07-31 05:31:40,974 [INFO]   OK: PES2UG19CS387 [c]
2026-07-31 05:31:40,974 [INFO] Processing PES2UG19CS389 (.c)...
2026-07-31 05:31:43,727 [INFO]   OK: PES2UG19CS389 [c]
2026-07-31 05:31:43,727 [INFO] Processing PES2UG19CS390 (.c)...
2026-07-31 05:31:46,406 [INFO]   OK: PES2UG19CS390 [c]
2026-07-31 05:31:46,406 [INFO] Processing PES2UG19CS391 (.c)...
2026-07-31 05:31:49,420 [INFO]   OK: PES2UG19CS391 [c]
2026-07-31 05:31:49,420 [INFO] Processing PES2UG19CS392 (.c)...
2026-07-31 05:31:52,096 [INFO]   OK: PES2UG19CS392 [c]
2026-07-31 05:31:52,096 [INFO] Processing PES2UG19CS393 (.c)...
2026-07-31 05:31:54,637 [INFO]   OK: PES2UG19CS393 [c]
2026-07-31 05:31:54,637 [INFO] Processing PES2UG19CS396 (.c)...
2026-07-31 05:31:57,477 [INFO]   OK: PES2UG19CS396 [c]
2026-07-31 05:31:57,477 [INFO] Processing PES2UG19CS397 (.c)...
2026-07-31 05:32:00,685 [INFO]   OK: PES2UG19CS397 [c]
2026-07-31 05:32:00,685 [INFO] Processing PES2UG19CS398 (.c)...
2026-07-31 05:32:03,383 [INFO]   OK: PES2UG19CS398 [c]
2026-07-31 05:32:03,383 [INFO] Processing PES2UG19CS399 (.c)...
2026-07-31 05:32:05,964 [INFO]   OK: PES2UG19CS399 [c]
2026-07-31 05:32:05,964 [INFO] Processing PES2UG19CS400 (.c)...
2026-07-31 05:32:08,907 [INFO]   OK: PES2UG19CS400 [c]
2026-07-31 05:32:08,907 [INFO] Processing PES2UG19CS402 (.c)...
2026-07-31 05:32:11,630 [INFO]   OK: PES2UG19CS402 [c]
2026-07-31 05:32:11,630 [INFO] Processing PES2UG19CS470 (.c)...
2026-07-31 05:32:14,344 [INFO]   OK: PES2UG19CS470 [c]
2026-07-31 05:32:14,344 [INFO] Processing G_PES1201900436_Week13__Suchithra_U (.c)...
2026-07-31 05:32:16,912 [INFO]   OK: G_PES1201900436_Week13__Suchithra_U [c]
2026-07-31 05:32:16,912 [INFO] Processing G_PES2201800143_Week13__Kurnool_Anirudh (.c)...
2026-07-31 05:32:19,561 [INFO]   OK: G_PES2201800143_Week13__Kurnool_Anirudh [c]
2026-07-31 05:32:19,561 [INFO] Processing PES2UG19CS403 (.c)...
2026-07-31 05:32:22,504 [INFO]   OK: PES2UG19CS403 [c]
2026-07-31 05:32:22,504 [INFO] Processing PES2UG19CS404 (.c)...
2026-07-31 05:34:28,967 [INFO]   OK: PES2UG19CS404 [c]
2026-07-31 05:34:28,967 [INFO] Processing PES2UG19CS405 (.c)...
2026-07-31 05:32:27,993 [INFO]   OK: PES2UG19CS405 [c]
2026-07-31 05:32:27,993 [INFO] Processing PES2UG19CS406 (.c)...
2026-07-31 05:32:30,788 [INFO]   OK: PES2UG19CS406 [c]
2026-07-31 05:32:30,789 [INFO] Processing PES2UG19CS407 (.c)...
2026-07-31 05:32:33,524 [INFO]   OK: PES2UG19CS407 [c]
2026-07-31 05:32:33,524 [INFO] Processing PES2UG19CS408 (.c)...
2026-07-31 05:32:36,183 [INFO]   OK: PES2UG19CS408 [c]
2026-07-31 05:32:36,183 [INFO] Processing PES2UG19CS410 (.c)...
2026-07-31 05:32:38,916 [INFO]   OK: PES2UG19CS410 [c]
2026-07-31 05:32:38,917 [INFO] Processing PES2UG19CS411 (.c)...
2026-07-31 05:32:41,614 [INFO]   OK: PES2UG19CS411 [c]
2026-07-31 05:32:41,614 [INFO] Processing PES2UG19CS412 (.c)...
2026-07-31 05:32:44,149 [INFO]   OK: PES2UG19CS412 [c]
2026-07-31 05:32:44,149 [INFO] Processing PES2UG19CS413 (.c)...
2026-07-31 05:32:46,728 [INFO]   OK: PES2UG19CS413 [c]
2026-07-31 05:32:46,728 [INFO] Processing PES2UG19CS416 (.c)...
2026-07-31 05:32:49,443 [INFO]   OK: PES2UG19CS416 [c]
2026-07-31 05:32:49,443 [INFO] Processing PES2UG19CS417 (.c)...
2026-07-31 05:32:52,341 [INFO]   OK: PES2UG19CS417 [c]
2026-07-31 05:32:52,341 [INFO] Processing PES2UG19CS418 (.c)...
2026-07-31 05:32:55,045 [INFO]   OK: PES2UG19CS418 [c]
2026-07-31 05:32:55,045 [INFO] Processing PES2UG19CS418 (.c)...
2026-07-31 05:32:58,033 [INFO]   OK: PES2UG19CS418 [c]
2026-07-31 05:32:58,033 [INFO] Processing PES2UG19CS419 (.c)...
2026-07-31 05:33:01,073 [INFO]   OK: PES2UG19CS419 [c]
2026-07-31 05:33:01,073 [INFO] Processing PES2UG19CS420 (.c)...
2026-07-31 05:33:04,024 [INFO]   OK: PES2UG19CS420 [c]
2026-07-31 05:33:04,024 [INFO] Processing PES2UG19CS421 (.c)...
2026-07-31 05:33:06,841 [INFO]   OK: PES2UG19CS421 [c]
2026-07-31 05:33:06,841 [INFO] Processing PES2UG19CS422 (.c)...
2026-07-31 05:33:09,553 [INFO]   OK: PES2UG19CS422 [c]
2026-07-31 05:33:09,553 [INFO] Processing PES2UG19CS423 (.c)...
2026-07-31 05:33:12,236 [INFO]   OK: PES2UG19CS423 [c]
2026-07-31 05:33:12,236 [INFO] Processing PES2UG19CS424 (.C)...
2026-07-31 05:33:14,313 [INFO]   OK: PES2UG19CS424 [c]
2026-07-31 05:33:14,313 [INFO] Processing PES2UG19CS425 (.c)...
2026-07-31 05:33:17,140 [INFO]   OK: PES2UG19CS425 [c]
2026-07-31 05:33:17,140 [INFO] Processing PES2UG19CS427 (.c)...
2026-07-31 05:33:20,058 [INFO]   OK: PES2UG19CS427 [c]
2026-07-31 05:33:20,058 [INFO] Processing PES2UG19CS428 (.c)...
2026-07-31 05:33:22,878 [INFO]   OK: PES2UG19CS428 [c]
2026-07-31 05:33:22,878 [INFO] Processing PES2UG19CS429 (.c)...
2026-07-31 05:35:29,077 [INFO]   OK: PES2UG19CS429 [c]
2026-07-31 05:35:29,077 [INFO] Processing PES2UG19CS430 (.c)...
2026-07-31 05:33:28,113 [INFO]   OK: PES2UG19CS430 [c]
2026-07-31 05:33:28,113 [INFO] Processing PES2UG19CS432 (.c)...
2026-07-31 05:33:30,588 [INFO]   OK: PES2UG19CS432 [c]
2026-07-31 05:33:30,588 [INFO] Processing PES2UG19CS433 (.c)...
2026-07-31 05:33:33,132 [INFO]   OK: PES2UG19CS433 [c]
2026-07-31 05:33:33,132 [INFO] Processing PES2UG19CS434 (.c)...
2026-07-31 05:33:35,624 [INFO]   OK: PES2UG19CS434 [c]
2026-07-31 05:33:35,625 [INFO] Processing PES2UG19CS438 (.c)...
2026-07-31 05:33:38,636 [INFO]   OK: PES2UG19CS438 [c]
2026-07-31 05:33:38,636 [INFO] Processing PES2UG19CS439 (.c)...
2026-07-31 05:33:41,332 [INFO]   OK: PES2UG19CS439 [c]
2026-07-31 05:33:41,332 [WARNING]   IGNORED (not a recognized source file): G_PES2UG19CS440_Week13 - Akshith Sai.zip
2026-07-31 05:33:41,332 [INFO] Processing PES2UG19CS441 (.c)...
2026-07-31 05:33:43,876 [INFO]   OK: PES2UG19CS441 [c]
2026-07-31 05:33:43,876 [INFO] Processing PES2UG19CS442 (.c)...
2026-07-31 05:33:46,427 [INFO]   OK: PES2UG19CS442 [c]
2026-07-31 05:33:46,427 [INFO] Processing PES2UG19CS444 (.c)...
2026-07-31 05:33:49,002 [INFO]   OK: PES2UG19CS444 [c]
2026-07-31 05:33:49,002 [INFO] Processing PES2UG19CS445 (.c)...
2026-07-31 05:33:51,758 [INFO]   OK: PES2UG19CS445 [c]
2026-07-31 05:33:51,758 [INFO] Processing PES2UG19CS448 (.c)...
2026-07-31 05:33:54,488 [INFO]   OK: PES2UG19CS448 [c]
2026-07-31 05:33:54,488 [INFO] Processing PES2UG19CS449 (.c)...
2026-07-31 05:33:57,368 [INFO]   OK: PES2UG19CS449 [c]
2026-07-31 05:33:57,368 [INFO] Processing PES2UG19CS450 (.c)...
2026-07-31 05:34:00,011 [INFO]   OK: PES2UG19CS450 [c]
2026-07-31 05:34:00,011 [INFO] Processing PES2UG19CS451 (.c)...
2026-07-31 05:34:03,102 [INFO]   OK: PES2UG19CS451 [c]
2026-07-31 05:34:03,102 [INFO] Processing PES2UG19CS453 (.c)...
2026-07-31 05:34:05,704 [INFO]   OK: PES2UG19CS453 [c]
2026-07-31 05:34:05,705 [INFO] Processing PES2UG19CS454 (.c)...
2026-07-31 05:34:10,044 [INFO]   OK: PES2UG19CS454 [c]
2026-07-31 05:34:10,044 [INFO] Processing PES2UG19CS454 (.c)...
2026-07-31 05:34:12,850 [INFO]   OK: PES2UG19CS454 [c]
2026-07-31 05:34:12,850 [INFO] Processing PES2UG19CS455 (.c)...
2026-07-31 05:34:15,247 [INFO]   OK: PES2UG19CS455 [c]
2026-07-31 05:34:15,248 [INFO] Processing PES2UG19CS456 (.C)...
2026-07-31 05:34:17,071 [INFO]   OK: PES2UG19CS456 [c]
2026-07-31 05:34:17,071 [INFO] Processing PES2UG19CS457 (.c)...
2026-07-31 05:34:19,976 [INFO]   OK: PES2UG19CS457 [c]
2026-07-31 05:34:19,976 [INFO] Processing PES2UG19CS459 (.c)...
2026-07-31 05:34:23,228 [INFO]   OK: PES2UG19CS459 [c]
2026-07-31 05:34:23,228 [INFO] Processing PES2UG19CS460 (.c)...
2026-07-31 05:34:26,280 [INFO]   OK: PES2UG19CS460 [c]
2026-07-31 05:34:26,280 [INFO] Processing PES2UG19CS461 (.c)...
2026-07-31 05:34:28,724 [INFO]   OK: PES2UG19CS461 [c]
2026-07-31 05:34:28,724 [INFO] Processing PES2UG19CS462 (.c)...
2026-07-31 05:34:31,164 [INFO]   OK: PES2UG19CS462 [c]
2026-07-31 05:34:31,165 [INFO] Processing PES2UG19CS463 (.c)...
2026-07-31 05:34:33,531 [INFO]   OK: PES2UG19CS463 [c]
2026-07-31 05:34:33,531 [INFO] Processing PES2UG19CS464 (.c)...
2026-07-31 05:34:35,992 [INFO]   OK: PES2UG19CS464 [c]
2026-07-31 05:34:35,992 [INFO] Processing PES2UG19CS465 (.c)...
2026-07-31 05:34:38,598 [INFO]   OK: PES2UG19CS465 [c]
2026-07-31 05:34:38,598 [INFO] Processing PES2UG19CS901 (.c)...
2026-07-31 05:34:40,944 [INFO]   OK: PES2UG19CS901 [c]
2026-07-31 05:34:40,945 [INFO] Processing PES2UG19CS902 (.c)...
2026-07-31 05:34:43,334 [INFO]   OK: PES2UG19CS902 [c]
2026-07-31 05:34:43,334 [INFO] Processing PES2UG19CS903 (.c)...
2026-07-31 05:34:45,704 [INFO]   OK: PES2UG19CS903 [c]
2026-07-31 05:34:45,704 [INFO] Processing PES2UG19CS904 (.c)...
2026-07-31 05:34:48,197 [INFO]   OK: PES2UG19CS904 [c]
2026-07-31 05:34:48,198 [INFO] Processing PES2UG19CS905 (.c)...
2026-07-31 05:34:50,560 [INFO]   OK: PES2UG19CS905 [c]
2026-07-31 05:34:50,560 [INFO] Processing PES2UG19CS906 (.c)...
2026-07-31 05:34:52,946 [INFO]   OK: PES2UG19CS906 [c]
2026-07-31 05:34:52,947 [INFO] Processing PES2UG19CS908 (.c)...
2026-07-31 05:36:59,132 [INFO]   OK: PES2UG19CS908 [c]
2026-07-31 05:36:59,132 [INFO] Processing PES2UG19CS910 (.c)...
2026-07-31 05:34:57,802 [INFO]   OK: PES2UG19CS910 [c]
2026-07-31 05:34:57,802 [INFO] Processing G_PES2UGCS437_Week13__Usha_Horapeti (.c)...
2026-07-31 05:35:00,217 [INFO]   OK: G_PES2UGCS437_Week13__Usha_Horapeti [c]
2026-07-31 05:35:00,217 [INFO] Processing PES2UG19CS095 (.c)...
2026-07-31 05:35:02,608 [INFO]   OK: PES2UG19CS095 [c]
2026-07-31 05:35:02,608 [INFO] Processing trie (.h)...
2026-07-31 05:35:04,885 [INFO]   OK: trie [c]
2026-07-31 05:35:04,885 [INFO] Processing trieimp__Basanagouda_Hadimani (.c)...
2026-07-31 05:35:07,293 [INFO]   OK: trieimp__Basanagouda_Hadimani [c]
2026-07-31 05:35:07,293 [INFO] Processing Week13__Rishitha_Chowdary (.c)...
2026-07-31 05:35:09,778 [INFO]   OK: Week13__Rishitha_Chowdary [c]
2026-07-31 05:35:09,778 [INFO] Processing PES2UG19CS321 (.c)...
2026-07-31 05:35:12,119 [INFO]   OK: PES2UG19CS321 [c]
2026-07-31 05:35:12,122 [INFO] Done. 393 succeeded, 0 failed, 4 non-source files ignored.
2026-07-31 05:35:13,681 [INFO] Found 372 files in /mnt/c/Users/admin/Downloads/lab_ec/lab_ec/week2/A
2026-07-31 05:35:13,681 [INFO] Processing A_PES2201900243_Week2__Akash_V (.c)...
2026-07-31 05:35:17,223 [INFO]   OK: A_PES2201900243_Week2__Akash_V [c]
2026-07-31 05:35:17,223 [INFO] Processing A_PES2UG19C034_WEEK2__Amiya_Mishra (.c)...
2026-07-31 05:35:19,621 [INFO]   OK: A_PES2UG19C034_WEEK2__Amiya_Mishra [c]
2026-07-31 05:35:19,621 [INFO] Processing PES2UG19CS001 (.c)...
2026-07-31 05:35:22,064 [INFO]   OK: PES2UG19CS001 [c]
2026-07-31 05:35:22,064 [INFO] Processing PES2UG19CS002 (.c)...
2026-07-31 05:35:24,414 [INFO]   OK: PES2UG19CS002 [c]
2026-07-31 05:35:24,414 [INFO] Processing PES2UG19CS003 (.c)...
2026-07-31 05:35:26,800 [INFO]   OK: PES2UG19CS003 [c]
2026-07-31 05:35:26,800 [INFO] Processing PES2UG19CS004 (.c)...
2026-07-31 05:35:29,130 [INFO]   OK: PES2UG19CS004 [c]
2026-07-31 05:35:29,130 [INFO] Processing PES2UG19CS007 (.c)...
2026-07-31 05:35:31,482 [INFO]   OK: PES2UG19CS007 [c]
2026-07-31 05:35:31,483 [INFO] Processing PES2UG19CS009 (.c)...
2026-07-31 05:35:33,835 [INFO]   OK: PES2UG19CS009 [c]
2026-07-31 05:35:33,835 [INFO] Processing PES2UG19CS009 (.c)...
2026-07-31 05:35:36,259 [INFO]   OK: PES2UG19CS009 [c]
2026-07-31 05:35:36,259 [INFO] Processing PES2UG19CS011 (.c)...
2026-07-31 05:35:38,587 [INFO]   OK: PES2UG19CS011 [c]
2026-07-31 05:35:38,587 [INFO] Processing PES2UG19CS012 (.c)...
2026-07-31 05:35:40,932 [INFO]   OK: PES2UG19CS012 [c]
2026-07-31 05:35:40,932 [INFO] Processing PES2UG19CS013 (.c)...
2026-07-31 05:35:43,246 [INFO]   OK: PES2UG19CS013 [c]
2026-07-31 05:35:43,247 [INFO] Processing PES2UG19CS014 (.c)...
2026-07-31 05:35:45,621 [INFO]   OK: PES2UG19CS014 [c]
2026-07-31 05:35:45,621 [INFO] Processing PES2UG19CS015 (.c)...
2026-07-31 05:35:48,087 [INFO]   OK: PES2UG19CS015 [c]
2026-07-31 05:35:48,087 [INFO] Processing PES2UG19CS016 (.c)...
2026-07-31 05:35:51,077 [INFO]   OK: PES2UG19CS016 [c]
2026-07-31 05:35:51,077 [INFO] Processing PES2UG19CS017 (.c)...
2026-07-31 05:35:53,556 [INFO]   OK: PES2UG19CS017 [c]
2026-07-31 05:35:53,557 [INFO] Processing PES2UG19CS018 (.c)...
2026-07-31 05:35:55,948 [INFO]   OK: PES2UG19CS018 [c]
2026-07-31 05:35:55,948 [INFO] Processing PES2UG19CS019 (.c)...
2026-07-31 05:35:58,390 [INFO]   OK: PES2UG19CS019 [c]
2026-07-31 05:35:58,390 [INFO] Processing PES2UG19CS021 (.c)...
2026-07-31 05:36:00,770 [INFO]   OK: PES2UG19CS021 [c]
2026-07-31 05:36:00,770 [INFO] Processing PES2UG19CS023 (.c)...
2026-07-31 05:36:03,155 [INFO]   OK: PES2UG19CS023 [c]
2026-07-31 05:36:03,155 [INFO] Processing PES2UG19CS026 (.c)...
2026-07-31 05:36:06,103 [INFO]   OK: PES2UG19CS026 [c]
2026-07-31 05:36:06,103 [INFO] Processing PES2UG19CS027 (.c)...
2026-07-31 05:36:08,568 [INFO]   OK: PES2UG19CS027 [c]
2026-07-31 05:36:08,568 [INFO] Processing PES2UG19CS027 (.c)...
2026-07-31 05:36:10,951 [INFO]   OK: PES2UG19CS027 [c]
2026-07-31 05:36:10,951 [INFO] Processing PES2UG19CS028 (.c)...
2026-07-31 05:36:13,252 [INFO]   OK: PES2UG19CS028 [c]
2026-07-31 05:36:13,252 [INFO] Processing PES2UG19CS029 (.c)...
2026-07-31 05:38:19,328 [INFO]   OK: PES2UG19CS029 [c]
2026-07-31 05:38:19,328 [INFO] Processing PES2UG19CS030 (.c)...
2026-07-31 05:36:17,961 [INFO]   OK: PES2UG19CS030 [c]
2026-07-31 05:36:17,961 [INFO] Processing PES2UG19CS031 (.c)...
2026-07-31 05:36:20,376 [INFO]   OK: PES2UG19CS031 [c]
2026-07-31 05:36:20,377 [WARNING]   IGNORED (not a recognized source file): A_PES2UG19CS033_Week2a.cpdf - Amit Pujari.pdf
2026-07-31 05:36:20,377 [INFO] Processing PES2UG19CS035 (.c)...
2026-07-31 05:36:22,798 [INFO]   OK: PES2UG19CS035 [c]
2026-07-31 05:36:22,798 [INFO] Processing PES2UG19CS036 (.c)...
2026-07-31 05:36:25,133 [INFO]   OK: PES2UG19CS036 [c]
2026-07-31 05:36:25,133 [INFO] Processing PES2UG19CS037 (.c)...
2026-07-31 05:36:27,504 [INFO]   OK: PES2UG19CS037 [c]
2026-07-31 05:36:27,504 [INFO] Processing PES2UG19CS038 (.c)...
2026-07-31 05:36:29,890 [INFO]   OK: PES2UG19CS038 [c]
2026-07-31 05:36:29,890 [INFO] Processing PES2UG19CS039 (.c)...
2026-07-31 05:36:32,260 [INFO]   OK: PES2UG19CS039 [c]
2026-07-31 05:36:32,260 [INFO] Processing PES2UG19CS040 (.c)...
2026-07-31 05:36:34,570 [INFO]   OK: PES2UG19CS040 [c]
2026-07-31 05:36:34,570 [INFO] Processing PES2UG19CS042 (.c)...
2026-07-31 05:36:36,905 [INFO]   OK: PES2UG19CS042 [c]
2026-07-31 05:36:36,905 [INFO] Processing PES2UG19CS045 (.c)...
2026-07-31 05:36:39,225 [INFO]   OK: PES2UG19CS045 [c]
2026-07-31 05:36:39,226 [INFO] Processing PES2UG19CS047 (.c)...
2026-07-31 05:36:41,561 [INFO]   OK: PES2UG19CS047 [c]
2026-07-31 05:36:41,562 [INFO] Processing PES2UG19CS048 (.c)...
2026-07-31 05:36:43,932 [INFO]   OK: PES2UG19CS048 [c]
2026-07-31 05:36:43,932 [INFO] Processing PES2UG19CS049 (.c)...
2026-07-31 05:36:47,732 [INFO]   OK: PES2UG19CS049 [c]
2026-07-31 05:36:47,732 [INFO] Processing PES2UG19CS050 (.c)...
2026-07-31 05:36:50,030 [INFO]   OK: PES2UG19CS050 [c]
2026-07-31 05:36:50,030 [INFO] Processing PES2UG19CS051 (.c)...
2026-07-31 05:36:52,478 [INFO]   OK: PES2UG19CS051 [c]
2026-07-31 05:36:52,478 [INFO] Processing PES2UG19CS052 (.c)...
2026-07-31 05:36:54,870 [INFO]   OK: PES2UG19CS052 [c]
2026-07-31 05:36:54,870 [INFO] Processing PES2UG19CS053 (.c)...
2026-07-31 05:36:57,636 [INFO]   OK: PES2UG19CS053 [c]
2026-07-31 05:36:57,636 [INFO] Processing PES2UG19CS054 (.c)...
2026-07-31 05:37:00,832 [INFO]   OK: PES2UG19CS054 [c]
2026-07-31 05:37:00,832 [INFO] Processing PES2UG19CS055 (.c)...
2026-07-31 05:37:03,283 [INFO]   OK: PES2UG19CS055 [c]
2026-07-31 05:37:03,283 [INFO] Processing PES2UG19CS055 (.c)...
2026-07-31 05:39:09,392 [INFO]   OK: PES2UG19CS055 [c]
2026-07-31 05:39:09,392 [INFO] Processing PES2UG19CS058 (.c)...
2026-07-31 05:37:07,981 [INFO]   OK: PES2UG19CS058 [c]
2026-07-31 05:37:07,981 [INFO] Processing PES2UG19CS059 (.c)...
2026-07-31 05:37:10,319 [INFO]   OK: PES2UG19CS059 [c]
2026-07-31 05:37:10,319 [INFO] Processing PES2UG19CS060 (.c)...
2026-07-31 05:37:12,638 [INFO]   OK: PES2UG19CS060 [c]
2026-07-31 05:37:12,638 [INFO] Processing PES2UG19CS062 (.c)...
2026-07-31 05:37:15,083 [INFO]   OK: PES2UG19CS062 [c]
2026-07-31 05:37:15,083 [INFO] Processing PES2UG19CS063 (.c)...
2026-07-31 05:37:17,830 [INFO]   OK: PES2UG19CS063 [c]
2026-07-31 05:37:17,830 [INFO] Processing PES2UG19CS064 (.c)...
2026-07-31 05:37:20,183 [INFO]   OK: PES2UG19CS064 [c]
2026-07-31 05:37:20,183 [INFO] Processing PES2UG19CS065 (.c)...
2026-07-31 05:37:22,832 [INFO]   OK: PES2UG19CS065 [c]
2026-07-31 05:37:22,832 [INFO] Processing PES2UG19CS248 (.C)...
2026-07-31 05:37:25,603 [INFO]   OK: PES2UG19CS248 [c]
2026-07-31 05:37:25,603 [INFO] Processing PES2UG19CS284 (.c)...
2026-07-31 05:37:28,452 [INFO]   OK: PES2UG19CS284 [c]
2026-07-31 05:37:28,452 [INFO] Processing PES2UG19CS328 (.c)...
2026-07-31 05:37:31,150 [INFO]   OK: PES2UG19CS328 [c]
2026-07-31 05:37:31,150 [INFO] Processing PES2UG19CS901 (.c)...
2026-07-31 05:37:33,677 [INFO]   OK: PES2UG19CS901 [c]
2026-07-31 05:37:33,677 [INFO] Processing A_PESU2UG19CS056_WEEK2__Anvesh_SK (.c)...
2026-07-31 05:37:36,189 [INFO]   OK: A_PESU2UG19CS056_WEEK2__Anvesh_SK [c]
2026-07-31 05:37:36,189 [INFO] Processing B_PES2201900475_Week2a__Devprakash_Bisoi (.c)...
2026-07-31 05:37:38,647 [INFO]   OK: B_PES2201900475_Week2a__Devprakash_Bisoi [c]
2026-07-31 05:37:38,647 [INFO] Processing B_PES2201900508_Week2__Deepthi_B (.c)...
2026-07-31 05:37:41,009 [INFO]   OK: B_PES2201900508_Week2__Deepthi_B [c]
2026-07-31 05:37:41,009 [INFO] Processing B_PES2201900771_WEEK2__G_J_Krishnan (.c)...
2026-07-31 05:37:43,453 [INFO]   OK: B_PES2201900771_WEEK2__G_J_Krishnan [c]
2026-07-31 05:37:43,453 [INFO] Processing B_PES2UG19C116_Week2__Disha_Dechamma (.c)...
2026-07-31 05:37:45,966 [INFO]   OK: B_PES2UG19C116_Week2__Disha_Dechamma [c]
2026-07-31 05:37:45,967 [INFO] Processing PES2UG19CS068 (.c)...
2026-07-31 05:37:48,373 [INFO]   OK: PES2UG19CS068 [c]
2026-07-31 05:37:48,374 [INFO] Processing PES2UG19CS069 (.c)...
2026-07-31 05:37:50,866 [INFO]   OK: PES2UG19CS069 [c]
2026-07-31 05:37:50,866 [INFO] Processing PES2UG19CS070 (.c)...
2026-07-31 05:37:53,378 [INFO]   OK: PES2UG19CS070 [c]
2026-07-31 05:37:53,378 [INFO] Processing PES2UG19CS072 (.c)...
2026-07-31 05:37:55,976 [INFO]   OK: PES2UG19CS072 [c]
2026-07-31 05:37:55,977 [INFO] Processing PES2UG19CS074 (.c)...
2026-07-31 05:37:58,451 [INFO]   OK: PES2UG19CS074 [c]
2026-07-31 05:37:58,452 [INFO] Processing PES2UG19CS075 (.c)...
2026-07-31 05:38:01,048 [INFO]   OK: PES2UG19CS075 [c]
2026-07-31 05:38:01,048 [INFO] Processing PES2UG19CS076 (.c)...
2026-07-31 05:38:03,695 [INFO]   OK: PES2UG19CS076 [c]
2026-07-31 05:38:03,695 [INFO] Processing PES2UG19CS077 (.c)...
2026-07-31 05:38:06,313 [INFO]   OK: PES2UG19CS077 [c]
2026-07-31 05:38:06,313 [INFO] Processing PES2UG19CS078 (.c)...
2026-07-31 05:38:08,810 [INFO]   OK: PES2UG19CS078 [c]
2026-07-31 05:38:08,810 [INFO] Processing PES2UG19CS079 (.c)...
2026-07-31 05:38:11,268 [INFO]   OK: PES2UG19CS079 [c]
2026-07-31 05:38:11,268 [INFO] Processing PES2UG19CS082 (.c)...
2026-07-31 05:38:13,849 [INFO]   OK: PES2UG19CS082 [c]
2026-07-31 05:38:13,849 [INFO] Processing PES2UG19CS083 (.c)...
2026-07-31 05:38:16,407 [INFO]   OK: PES2UG19CS083 [c]
2026-07-31 05:38:16,407 [INFO] Processing PES2UG19CS084 (.c)...
2026-07-31 05:38:18,970 [INFO]   OK: PES2UG19CS084 [c]
2026-07-31 05:38:18,970 [INFO] Processing PES2UG19CS086 (.c)...
2026-07-31 05:38:21,802 [INFO]   OK: PES2UG19CS086 [c]
2026-07-31 05:38:21,802 [INFO] Processing PES2UG19CS087 (.c)...
2026-07-31 05:38:24,200 [INFO]   OK: PES2UG19CS087 [c]
2026-07-31 05:38:24,200 [INFO] Processing PES2UG19CS088 (.c)...
2026-07-31 05:38:26,863 [INFO]   OK: PES2UG19CS088 [c]
2026-07-31 05:38:26,863 [INFO] Processing PES2UG19CS089 (.c)...
2026-07-31 05:38:29,473 [INFO]   OK: PES2UG19CS089 [c]
2026-07-31 05:38:29,473 [INFO] Processing PES2UG19CS095 (.c)...
2026-07-31 05:38:31,840 [INFO]   OK: PES2UG19CS095 [c]
2026-07-31 05:38:31,841 [INFO] Processing PES2UG19CS096 (.c)...
2026-07-31 05:38:34,441 [INFO]   OK: PES2UG19CS096 [c]
2026-07-31 05:38:34,441 [INFO] Processing PES2UG19CS097 (.c)...
2026-07-31 05:38:38,796 [INFO]   OK: PES2UG19CS097 [c]
2026-07-31 05:38:38,796 [INFO] Processing PES2UG19CS099 (.c)...
2026-07-31 05:38:41,220 [INFO]   OK: PES2UG19CS099 [c]
2026-07-31 05:38:41,220 [INFO] Processing PES2UG19CS100 (.c)...
2026-07-31 05:38:43,823 [INFO]   OK: PES2UG19CS100 [c]
2026-07-31 05:38:43,823 [INFO] Processing PES2UG19CS101 (.c)...
2026-07-31 05:38:46,507 [INFO]   OK: PES2UG19CS101 [c]
2026-07-31 05:38:46,508 [INFO] Processing PES2UG19CS103 (.c)...
2026-07-31 05:38:49,096 [INFO]   OK: PES2UG19CS103 [c]
2026-07-31 05:38:49,096 [INFO] Processing PES2UG19CS104 (.c)...
2026-07-31 05:38:51,628 [INFO]   OK: PES2UG19CS104 [c]
2026-07-31 05:38:51,629 [INFO] Processing PES2UG19CS105 (.c)...
2026-07-31 05:38:54,146 [INFO]   OK: PES2UG19CS105 [c]
2026-07-31 05:38:54,146 [INFO] Processing PES2UG19CS106 (.c)...
2026-07-31 05:38:56,809 [INFO]   OK: PES2UG19CS106 [c]
2026-07-31 05:38:56,809 [INFO] Processing PES2UG19CS109 (.c)...
2026-07-31 05:38:59,343 [INFO]   OK: PES2UG19CS109 [c]
2026-07-31 05:38:59,343 [INFO] Processing PES2UG19CS110 (.c)...
2026-07-31 05:39:01,862 [INFO]   OK: PES2UG19CS110 [c]
2026-07-31 05:39:01,862 [INFO] Processing PES2UG19CS112 (.c)...
2026-07-31 05:39:04,549 [INFO]   OK: PES2UG19CS112 [c]
2026-07-31 05:39:04,549 [INFO] Processing PES2UG19CS113 (.c)...
2026-07-31 05:39:07,225 [INFO]   OK: PES2UG19CS113 [c]
2026-07-31 05:39:07,225 [INFO] Processing PES2UG19CS115 (.c)...
2026-07-31 05:39:09,538 [INFO]   OK: PES2UG19CS115 [c]
2026-07-31 05:39:09,538 [INFO] Processing PES2UG19CS118 (.c)...
2026-07-31 05:39:11,902 [INFO]   OK: PES2UG19CS118 [c]
2026-07-31 05:39:11,902 [INFO] Processing PES2UG19CS120 (.c)...
2026-07-31 05:39:14,335 [INFO]   OK: PES2UG19CS120 [c]
2026-07-31 05:39:14,335 [INFO] Processing PES2UG19CS122 (.c)...
2026-07-31 05:39:16,652 [INFO]   OK: PES2UG19CS122 [c]
2026-07-31 05:39:16,652 [WARNING]   IGNORED (not a recognized source file): B_PES2UG19CS124_Week2.c - G U Deepak.zip
2026-07-31 05:39:16,652 [INFO] Processing PES2UG19CS125 (.c)...
2026-07-31 05:39:18,968 [INFO]   OK: PES2UG19CS125 [c]
2026-07-31 05:39:18,968 [INFO] Processing PES2UG19CS129 (.c)...
2026-07-31 05:39:21,680 [INFO]   OK: PES2UG19CS129 [c]
2026-07-31 05:39:21,680 [INFO] Processing PES2UG19CS130 (.c)...
2026-07-31 05:39:24,210 [INFO]   OK: PES2UG19CS130 [c]
2026-07-31 05:39:24,211 [INFO] Processing PES2UG19CS132 (.c)...
2026-07-31 05:39:26,791 [INFO]   OK: PES2UG19CS132 [c]
2026-07-31 05:39:26,791 [INFO] Processing PES2UG19CS134 (.c)...
2026-07-31 05:39:29,610 [INFO]   OK: PES2UG19CS134 [c]
2026-07-31 05:39:29,610 [INFO] Processing PES2UG19CS452 (.c)...
2026-07-31 05:39:32,434 [INFO]   OK: PES2UG19CS452 [c]
2026-07-31 05:39:32,434 [INFO] Processing PES2UG19CS137 (.c)...
2026-07-31 05:39:35,126 [INFO]   OK: PES2UG19CS137 [c]
2026-07-31 05:39:35,126 [INFO] Processing PES2UG19CS141 (.c)...
2026-07-31 05:39:37,762 [INFO]   OK: PES2UG19CS141 [c]
2026-07-31 05:39:37,762 [INFO] Processing PES2UG19CS145 (.c)...
2026-07-31 05:39:40,480 [INFO]   OK: PES2UG19CS145 [c]
2026-07-31 05:39:40,480 [INFO] Processing PES2UG19CS147 (.c)...
2026-07-31 05:39:43,332 [INFO]   OK: PES2UG19CS147 [c]
2026-07-31 05:39:43,333 [INFO] Processing PES2UG19CS148 (.c)...
2026-07-31 05:39:46,007 [INFO]   OK: PES2UG19CS148 [c]
2026-07-31 05:39:46,007 [INFO] Processing PES2UG19CS149 (.c)...
2026-07-31 05:39:48,647 [INFO]   OK: PES2UG19CS149 [c]
2026-07-31 05:39:48,648 [INFO] Processing PES2UG19CS151 (.c)...
2026-07-31 05:39:51,579 [INFO]   OK: PES2UG19CS151 [c]
2026-07-31 05:39:51,579 [WARNING]   IGNORED (not a recognized source file): C_PES2UG19CS152_WEEK2 - Sai Jayanth
2026-07-31 05:39:51,580 [INFO] Processing PES2UG19CS153 (.c)...
2026-07-31 05:39:54,296 [INFO]   OK: PES2UG19CS153 [c]
2026-07-31 05:39:54,296 [INFO] Processing PES2UG19CS155 (.c)...
2026-07-31 05:39:57,114 [INFO]   OK: PES2UG19CS155 [c]
2026-07-31 05:39:57,114 [INFO] Processing PES2UG19CS156 (.c)...
2026-07-31 05:39:59,927 [INFO]   OK: PES2UG19CS156 [c]
2026-07-31 05:39:59,927 [INFO] Processing PES2UG19CS157 (.c)...
2026-07-31 05:40:02,755 [INFO]   OK: PES2UG19CS157 [c]
2026-07-31 05:40:02,755 [INFO] Processing PES2UG19CS162 (.c)...
2026-07-31 05:40:05,514 [INFO]   OK: PES2UG19CS162 [c]
2026-07-31 05:40:05,515 [INFO] Processing PES2UG19CS163 (.c)...
2026-07-31 05:40:08,143 [INFO]   OK: PES2UG19CS163 [c]
2026-07-31 05:40:08,144 [INFO] Processing PES2UG19CS164 (.c)...
2026-07-31 05:42:14,734 [INFO]   OK: PES2UG19CS164 [c]
2026-07-31 05:42:14,734 [INFO] Processing PES2UG19CS165 (.c)...
2026-07-31 05:40:13,692 [INFO]   OK: PES2UG19CS165 [c]
2026-07-31 05:40:13,692 [INFO] Processing PES2UG19CS167 (.c)...
2026-07-31 05:40:16,457 [INFO]   OK: PES2UG19CS167 [c]
2026-07-31 05:40:16,457 [INFO] Processing PES2UG19CS169 (.c)...
2026-07-31 05:40:19,191 [INFO]   OK: PES2UG19CS169 [c]
2026-07-31 05:40:19,191 [INFO] Processing PES2UG19CS171 (.c)...
2026-07-31 05:40:21,952 [INFO]   OK: PES2UG19CS171 [c]
2026-07-31 05:40:21,952 [INFO] Processing PES2UG19CS172 (.c)...
2026-07-31 05:40:25,269 [INFO]   OK: PES2UG19CS172 [c]
2026-07-31 05:40:25,269 [INFO] Processing PES2UG19CS174 (.c)...
2026-07-31 05:40:28,150 [INFO]   OK: PES2UG19CS174 [c]
2026-07-31 05:40:28,150 [INFO] Processing PES2UG19CS175 (.c)...
2026-07-31 05:40:31,458 [INFO]   OK: PES2UG19CS175 [c]
2026-07-31 05:40:31,458 [INFO] Processing PES2UG19CS176 (.c)...
2026-07-31 05:40:34,086 [INFO]   OK: PES2UG19CS176 [c]
2026-07-31 05:40:34,086 [INFO] Processing PES2UG19CS177 (.c)...
2026-07-31 05:40:36,939 [INFO]   OK: PES2UG19CS177 [c]
2026-07-31 05:40:36,939 [INFO] Processing PES2UG19CS178 (.c)...
2026-07-31 05:40:39,619 [INFO]   OK: PES2UG19CS178 [c]
2026-07-31 05:40:39,619 [INFO] Processing PES2UG19CS184 (.c)...
2026-07-31 05:40:42,641 [INFO]   OK: PES2UG19CS184 [c]
2026-07-31 05:40:42,642 [INFO] Processing PES2UG19CS185 (.c)...
2026-07-31 05:40:45,358 [INFO]   OK: PES2UG19CS185 [c]
2026-07-31 05:40:45,358 [INFO] Processing PES2UG19CS186 (.C)...
2026-07-31 05:40:47,402 [INFO]   OK: PES2UG19CS186 [c]
2026-07-31 05:40:47,402 [INFO] Processing PES2UG19CS188 (.c)...
2026-07-31 05:40:50,322 [INFO]   OK: PES2UG19CS188 [c]
2026-07-31 05:40:50,322 [INFO] Processing PES2UG19CS189 (.c)...
2026-07-31 05:40:53,301 [INFO]   OK: PES2UG19CS189 [c]
2026-07-31 05:40:53,302 [INFO] Processing PES2UG19CS191 (.c)...
2026-07-31 05:40:56,274 [INFO]   OK: PES2UG19CS191 [c]
2026-07-31 05:40:56,274 [INFO] Processing PES2UG19CS192 (.c)...
2026-07-31 05:40:59,103 [INFO]   OK: PES2UG19CS192 [c]
2026-07-31 05:40:59,103 [INFO] Processing PES2UG19CS193 (.c)...
2026-07-31 05:41:01,803 [INFO]   OK: PES2UG19CS193 [c]
2026-07-31 05:41:01,803 [INFO] Processing PES2UG19CS194 (.c)...
2026-07-31 05:41:04,470 [INFO]   OK: PES2UG19CS194 [c]
2026-07-31 05:41:04,470 [INFO] Processing PES2UG19CS195 (.c)...
2026-07-31 05:41:07,131 [INFO]   OK: PES2UG19CS195 [c]
2026-07-31 05:41:07,132 [INFO] Processing PES2UG19CS197 (.c)...
2026-07-31 05:41:09,998 [INFO]   OK: PES2UG19CS197 [c]
2026-07-31 05:41:09,999 [INFO] Processing PES2UG19CS278 (.c)...
2026-07-31 05:41:12,902 [INFO]   OK: PES2UG19CS278 [c]
2026-07-31 05:41:12,902 [INFO] Processing PES2UG19CS350 (.c)...
2026-07-31 05:41:15,595 [INFO]   OK: PES2UG19CS350 [c]
2026-07-31 05:41:15,595 [WARNING]   IGNORED (not a recognized source file): dsa - Jeevan Anil.zip
2026-07-31 05:41:15,595 [INFO] Processing PES2UG19CS415 (.c)...
2026-07-31 05:41:18,452 [INFO]   OK: PES2UG19CS415 [c]
2026-07-31 05:41:18,453 [INFO] Processing PES2UG19CS024 (.c)...
2026-07-31 05:41:21,365 [INFO]   OK: PES2UG19CS024 [c]
2026-07-31 05:41:21,365 [INFO] Processing PES2UG19CS199 (.c)...
2026-07-31 05:41:24,228 [INFO]   OK: PES2UG19CS199 [c]
2026-07-31 05:41:24,228 [INFO] Processing PES2UG19CS200 (.c)...
2026-07-31 05:41:26,946 [INFO]   OK: PES2UG19CS200 [c]
2026-07-31 05:41:26,946 [INFO] Processing PES2UG19CS201 (.c)...
2026-07-31 05:41:29,670 [INFO]   OK: PES2UG19CS201 [c]
2026-07-31 05:41:29,670 [WARNING]   IGNORED (not a recognized source file): D_PES2UG19CS202_WEAK2.C - Likhitha D.txt
2026-07-31 05:41:29,670 [INFO] Processing PES2UG19CS203 (.c)...
2026-07-31 05:41:32,666 [INFO]   OK: PES2UG19CS203 [c]
2026-07-31 05:41:32,667 [INFO] Processing PES2UG19CS206 (.c)...
2026-07-31 05:41:35,190 [INFO]   OK: PES2UG19CS206 [c]
2026-07-31 05:41:35,190 [INFO] Processing PES2UG19CS207 (.c)...
2026-07-31 05:41:38,045 [INFO]   OK: PES2UG19CS207 [c]
2026-07-31 05:41:38,046 [INFO] Processing PES2UG19CS208 (.c)...
2026-07-31 05:43:44,917 [INFO]   OK: PES2UG19CS208 [c]
2026-07-31 05:43:44,918 [INFO] Processing PES2UG19CS209 (.c)...
2026-07-31 05:41:44,395 [INFO]   OK: PES2UG19CS209 [c]
2026-07-31 05:41:44,395 [INFO] Processing PES2UG19CS210 (.c)...
2026-07-31 05:41:47,129 [INFO]   OK: PES2UG19CS210 [c]
2026-07-31 05:41:47,129 [INFO] Processing PES2UG19CS211 (.c)...
2026-07-31 05:41:49,980 [INFO]   OK: PES2UG19CS211 [c]
2026-07-31 05:41:49,980 [INFO] Processing PES2UG19CS212 (.c)...
2026-07-31 05:41:52,925 [INFO]   OK: PES2UG19CS212 [c]
2026-07-31 05:41:52,925 [INFO] Processing PES2UG19CS213 (.c)...
2026-07-31 05:41:55,575 [INFO]   OK: PES2UG19CS213 [c]
2026-07-31 05:41:55,575 [INFO] Processing PES2UG19CS214 (.c)...
2026-07-31 05:41:58,283 [INFO]   OK: PES2UG19CS214 [c]
2026-07-31 05:41:58,283 [INFO] Processing PES2UG19CS215 (.c)...
2026-07-31 05:42:01,695 [INFO]   OK: PES2UG19CS215 [c]
2026-07-31 05:42:01,695 [INFO] Processing PES2UG19CS216 (.c)...
2026-07-31 05:42:04,364 [INFO]   OK: PES2UG19CS216 [c]
2026-07-31 05:42:04,364 [INFO] Processing PES2UG19CS217 (.c)...
2026-07-31 05:42:07,229 [INFO]   OK: PES2UG19CS217 [c]
2026-07-31 05:42:07,230 [INFO] Processing PES2UG19CS222 (.c)...
2026-07-31 05:42:10,348 [INFO]   OK: PES2UG19CS222 [c]
2026-07-31 05:42:10,349 [INFO] Processing PES2UG19CS222 (.c)...
2026-07-31 05:42:13,304 [INFO]   OK: PES2UG19CS222 [c]
2026-07-31 05:42:13,304 [INFO] Processing PES2UG19CS225 (.c)...
2026-07-31 05:42:16,029 [INFO]   OK: PES2UG19CS225 [c]
2026-07-31 05:42:16,029 [INFO] Processing PES2UG19CS227 (.c)...
2026-07-31 05:42:18,920 [INFO]   OK: PES2UG19CS227 [c]
2026-07-31 05:42:18,920 [INFO] Processing PES2UG19CS228 (.c)...
2026-07-31 05:42:21,719 [INFO]   OK: PES2UG19CS228 [c]
2026-07-31 05:42:21,719 [INFO] Processing PES2UG19CS230 (.c)...
2026-07-31 05:42:24,219 [INFO]   OK: PES2UG19CS230 [c]
2026-07-31 05:42:24,219 [INFO] Processing PES2UG19CS234 (.c)...
2026-07-31 05:42:26,761 [INFO]   OK: PES2UG19CS234 [c]
2026-07-31 05:42:26,761 [INFO] Processing PES2UG19CS235 (.c)...
2026-07-31 05:42:29,325 [INFO]   OK: PES2UG19CS235 [c]
2026-07-31 05:42:29,325 [INFO] Processing PES2UG19CS239 (.c)...
2026-07-31 05:42:32,215 [INFO]   OK: PES2UG19CS239 [c]
2026-07-31 05:42:32,216 [INFO] Processing PES2UG19CS240 (.c)...
2026-07-31 05:42:35,041 [INFO]   OK: PES2UG19CS240 [c]
2026-07-31 05:42:35,042 [INFO] Processing PES2UG19CS242 (.c)...
2026-07-31 05:42:37,918 [INFO]   OK: PES2UG19CS242 [c]
2026-07-31 05:42:37,918 [INFO] Processing PES2UG19CS243 (.c)...
2026-07-31 05:42:40,712 [INFO]   OK: PES2UG19CS243 [c]
2026-07-31 05:42:40,712 [INFO] Processing PES2UG19CS244 (.c)...
2026-07-31 05:42:43,509 [INFO]   OK: PES2UG19CS244 [c]
2026-07-31 05:42:43,509 [INFO] Processing PES2UG19CS245 (.c)...
2026-07-31 05:42:46,279 [INFO]   OK: PES2UG19CS245 [c]
2026-07-31 05:42:46,279 [INFO] Processing PES2UG19CS246 (.c)...
2026-07-31 05:42:49,109 [INFO]   OK: PES2UG19CS246 [c]
2026-07-31 05:42:49,109 [INFO] Processing PES2UG19CS247 (.c)...
2026-07-31 05:42:51,490 [INFO]   OK: PES2UG19CS247 [c]
2026-07-31 05:42:51,490 [INFO] Processing PES2UG19CS251 (.c)...
2026-07-31 05:42:53,885 [INFO]   OK: PES2UG19CS251 [c]
2026-07-31 05:42:53,885 [INFO] Processing PES2UG19CS254 (.c)...
2026-07-31 05:45:00,013 [INFO]   OK: PES2UG19CS254 [c]
2026-07-31 05:45:00,013 [INFO] Processing PES2UG19CS255 (.c)...
2026-07-31 05:42:58,674 [INFO]   OK: PES2UG19CS255 [c]
2026-07-31 05:42:58,674 [INFO] Processing PES2UG19CS256 (.c)...
2026-07-31 05:43:01,132 [INFO]   OK: PES2UG19CS256 [c]
2026-07-31 05:43:01,132 [INFO] Processing PES2UG19CS257 (.c)...
2026-07-31 05:43:03,517 [INFO]   OK: PES2UG19CS257 [c]
2026-07-31 05:43:03,517 [INFO] Processing PES2UG19CS258 (.c)...
2026-07-31 05:43:05,895 [INFO]   OK: PES2UG19CS258 [c]
2026-07-31 05:43:05,895 [INFO] Processing PES2UG19CS260 (.c)...
2026-07-31 05:43:08,399 [INFO]   OK: PES2UG19CS260 [c]
2026-07-31 05:43:08,399 [INFO] Processing PES2UG19CS261 (.c)...
2026-07-31 05:43:10,758 [INFO]   OK: PES2UG19CS261 [c]
2026-07-31 05:43:10,758 [INFO] Processing PES2UG19CS262 (.c)...
2026-07-31 05:43:13,166 [INFO]   OK: PES2UG19CS262 [c]
2026-07-31 05:43:13,166 [INFO] Processing PES2UG19CS263 (.c)...
2026-07-31 05:43:15,545 [INFO]   OK: PES2UG19CS263 [c]
2026-07-31 05:43:15,545 [INFO] Processing PES2UG19CS471 (.c)...
2026-07-31 05:43:17,907 [INFO]   OK: PES2UG19CS471 [c]
2026-07-31 05:43:17,907 [INFO] Processing PES2UG19CS270 (.c)...
2026-07-31 05:43:20,300 [INFO]   OK: PES2UG19CS270 [c]
2026-07-31 05:43:20,300 [INFO] Processing PES2UG19CS265 (.c)...
2026-07-31 05:43:22,892 [INFO]   OK: PES2UG19CS265 [c]
2026-07-31 05:43:22,892 [INFO] Processing PES2UG19CS266 (.c)...
2026-07-31 05:43:25,238 [INFO]   OK: PES2UG19CS266 [c]
2026-07-31 05:43:25,238 [INFO] Processing PES2UG19CS272 (.c)...
2026-07-31 05:43:27,556 [INFO]   OK: PES2UG19CS272 [c]
2026-07-31 05:43:27,556 [INFO] Processing PES2UG19CS274 (.c)...
2026-07-31 05:43:29,948 [INFO]   OK: PES2UG19CS274 [c]
2026-07-31 05:43:29,948 [INFO] Processing PES2UG19CS275 (.c)...
2026-07-31 05:43:32,366 [INFO]   OK: PES2UG19CS275 [c]
2026-07-31 05:43:32,366 [INFO] Processing PES2UG19CS276 (.c)...
2026-07-31 05:43:34,694 [INFO]   OK: PES2UG19CS276 [c]
2026-07-31 05:43:34,694 [INFO] Processing PES2UG19CS277 (.c)...
2026-07-31 05:43:37,016 [INFO]   OK: PES2UG19CS277 [c]
2026-07-31 05:43:37,016 [INFO] Processing PES2UG19CS279 (.c)...
2026-07-31 05:43:39,355 [INFO]   OK: PES2UG19CS279 [c]
2026-07-31 05:43:39,355 [INFO] Processing PES2UG19CS280 (.c)...
2026-07-31 05:43:41,735 [INFO]   OK: PES2UG19CS280 [c]
2026-07-31 05:43:41,735 [INFO] Processing PES2UG19CS281 (.c)...
2026-07-31 05:43:44,109 [INFO]   OK: PES2UG19CS281 [c]
2026-07-31 05:43:44,110 [INFO] Processing PES2UG19CS285 (.c)...
2026-07-31 05:43:46,517 [INFO]   OK: PES2UG19CS285 [c]
2026-07-31 05:43:46,517 [INFO] Processing PES2UG19CS286 (.c)...
2026-07-31 05:43:48,902 [INFO]   OK: PES2UG19CS286 [c]
2026-07-31 05:43:48,902 [INFO] Processing PES2UG19CS286 (.c)...
2026-07-31 05:45:55,030 [INFO]   OK: PES2UG19CS286 [c]
2026-07-31 05:45:55,030 [INFO] Processing PES2UG19CS289 (.c)...
2026-07-31 05:43:53,649 [INFO]   OK: PES2UG19CS289 [c]
2026-07-31 05:43:53,649 [INFO] Processing PES2UG19CS289 (.c)...
2026-07-31 05:43:56,123 [INFO]   OK: PES2UG19CS289 [c]
2026-07-31 05:43:56,123 [INFO] Processing PES2UG19CS293 (.c)...
2026-07-31 05:43:59,092 [INFO]   OK: PES2UG19CS293 [c]
2026-07-31 05:43:59,092 [INFO] Processing PES2UG19CS294 (.c)...
2026-07-31 05:44:01,862 [INFO]   OK: PES2UG19CS294 [c]
2026-07-31 05:44:01,862 [INFO] Processing PES2UG19CS295 (.c)...
2026-07-31 05:44:04,651 [INFO]   OK: PES2UG19CS295 [c]
2026-07-31 05:44:04,651 [INFO] Processing PES2UG19CS296 (.c)...
2026-07-31 05:44:07,331 [INFO]   OK: PES2UG19CS296 [c]
2026-07-31 05:44:07,331 [INFO] Processing PES2UG19CS297 (.c)...
2026-07-31 05:44:10,080 [INFO]   OK: PES2UG19CS297 [c]
2026-07-31 05:44:10,080 [INFO] Processing PES2UG19CS298 (.c)...
2026-07-31 05:44:12,704 [INFO]   OK: PES2UG19CS298 [c]
2026-07-31 05:44:12,704 [INFO] Processing PES2UG19CS299 (.c)...
2026-07-31 05:44:15,356 [INFO]   OK: PES2UG19CS299 [c]
2026-07-31 05:44:15,356 [INFO] Processing PES2UG19CS300 (.c)...
2026-07-31 05:44:18,122 [INFO]   OK: PES2UG19CS300 [c]
2026-07-31 05:44:18,122 [INFO] Processing PES2UG19CS301 (.c)...
2026-07-31 05:44:20,771 [INFO]   OK: PES2UG19CS301 [c]
2026-07-31 05:44:20,771 [INFO] Processing PES2UG19CS303 (.c)...
2026-07-31 05:44:23,372 [INFO]   OK: PES2UG19CS303 [c]
2026-07-31 05:44:23,372 [INFO] Processing PES2UG19CS305 (.c)...
2026-07-31 05:44:26,076 [INFO]   OK: PES2UG19CS305 [c]
2026-07-31 05:44:26,076 [INFO] Processing PES2UG19CS307 (.c)...
2026-07-31 05:44:28,703 [INFO]   OK: PES2UG19CS307 [c]
2026-07-31 05:44:28,703 [INFO] Processing PES2UG19CS309 (.c)...
2026-07-31 05:44:31,310 [INFO]   OK: PES2UG19CS309 [c]
2026-07-31 05:44:31,310 [INFO] Processing PES2UG19CS310 (.c)...
2026-07-31 05:44:33,991 [INFO]   OK: PES2UG19CS310 [c]
2026-07-31 05:44:33,991 [INFO] Processing PES2UG19CS311 (.c)...
2026-07-31 05:44:36,658 [INFO]   OK: PES2UG19CS311 [c]
2026-07-31 05:44:36,658 [INFO] Processing PES2UG19CS312 (.c)...
2026-07-31 05:44:39,473 [INFO]   OK: PES2UG19CS312 [c]
2026-07-31 05:44:39,473 [INFO] Processing PES2UG19CS313 (.c)...
2026-07-31 05:44:42,235 [INFO]   OK: PES2UG19CS313 [c]
2026-07-31 05:44:42,235 [INFO] Processing PES2UG19CS314 (.c)...
2026-07-31 05:44:45,410 [INFO]   OK: PES2UG19CS314 [c]
2026-07-31 05:44:45,410 [INFO] Processing PES2UG19CS315 (.c)...
2026-07-31 05:44:48,040 [INFO]   OK: PES2UG19CS315 [c]
2026-07-31 05:44:48,040 [INFO] Processing PES2UG19CS316 (.c)...
2026-07-31 05:44:50,931 [INFO]   OK: PES2UG19CS316 [c]
2026-07-31 05:44:50,931 [INFO] Processing PES2UG19CS317 (.c)...
2026-07-31 05:44:53,503 [INFO]   OK: PES2UG19CS317 [c]
2026-07-31 05:44:53,503 [INFO] Processing PES2UG19CS318 (.c)...
2026-07-31 05:44:56,177 [INFO]   OK: PES2UG19CS318 [c]
2026-07-31 05:44:56,178 [INFO] Processing PES2UG19CS319 (.c)...
2026-07-31 05:44:58,989 [INFO]   OK: PES2UG19CS319 [c]
2026-07-31 05:44:58,989 [INFO] Processing PES2UG19CS321 (.c)...
2026-07-31 05:45:01,984 [INFO]   OK: PES2UG19CS321 [c]
2026-07-31 05:45:01,984 [INFO] Processing PES2UG19CS322 (.C)...
2026-07-31 05:45:03,977 [INFO]   OK: PES2UG19CS322 [c]
2026-07-31 05:45:03,977 [INFO] Processing PES2UG19CS324 (.c)...
2026-07-31 05:45:06,892 [INFO]   OK: PES2UG19CS324 [c]
2026-07-31 05:45:06,893 [INFO] Processing PES2UG19CS325 (.c)...
2026-07-31 05:45:09,735 [INFO]   OK: PES2UG19CS325 [c]
2026-07-31 05:45:09,735 [INFO] Processing PES2UG19CS326 (.c)...
2026-07-31 05:45:12,347 [INFO]   OK: PES2UG19CS326 [c]
2026-07-31 05:45:12,347 [INFO] Processing PES2UG19CS327 (.c)...
2026-07-31 05:45:14,915 [INFO]   OK: PES2UG19CS327 [c]
2026-07-31 05:45:14,916 [INFO] Processing PES2UG19CS329 (.c)...
2026-07-31 05:45:17,733 [INFO]   OK: PES2UG19CS329 [c]
2026-07-31 05:45:17,733 [INFO] Processing PES2UG19CS330 (.c)...
2026-07-31 05:45:20,572 [INFO]   OK: PES2UG19CS330 [c]
2026-07-31 05:45:20,572 [INFO] Processing PES2UG19CS334 (.c)...
2026-07-31 05:45:23,310 [INFO]   OK: PES2UG19CS334 [c]
2026-07-31 05:45:23,311 [INFO] Processing PES2UG19CS308 (.c)...
2026-07-31 05:45:26,179 [INFO]   OK: PES2UG19CS308 [c]
2026-07-31 05:45:26,179 [INFO] Processing PES2UG19CS335 (.c)...
2026-07-31 05:45:29,079 [INFO]   OK: PES2UG19CS335 [c]
2026-07-31 05:45:29,079 [INFO] Processing PES2UG19CS336 (.C)...
2026-07-31 05:45:31,332 [INFO]   OK: PES2UG19CS336 [c]
2026-07-31 05:45:31,332 [INFO] Processing PES2UG19CS337 (.c)...
2026-07-31 05:45:34,310 [INFO]   OK: PES2UG19CS337 [c]
2026-07-31 05:45:34,310 [INFO] Processing PES2UG19CS338 (.c)...
2026-07-31 05:45:37,250 [INFO]   OK: PES2UG19CS338 [c]
2026-07-31 05:45:37,251 [INFO] Processing PES2UG19CS339 (.c)...
2026-07-31 05:45:39,934 [INFO]   OK: PES2UG19CS339 [c]
2026-07-31 05:45:39,934 [INFO] Processing PES2UG19CS342 (.c)...
2026-07-31 05:45:42,533 [INFO]   OK: PES2UG19CS342 [c]
2026-07-31 05:45:42,534 [INFO] Processing PES2UG19CS343 (.c)...
2026-07-31 05:45:45,408 [INFO]   OK: PES2UG19CS343 [c]
2026-07-31 05:45:45,408 [INFO] Processing PES2UG19CS344 (.c)...
2026-07-31 05:45:48,126 [INFO]   OK: PES2UG19CS344 [c]
2026-07-31 05:45:48,126 [INFO] Processing PES2UG19CS345 (.c)...
2026-07-31 05:45:51,122 [INFO]   OK: PES2UG19CS345 [c]
2026-07-31 05:45:51,122 [INFO] Processing PES2UG19CS346 (.c)...
2026-07-31 05:45:53,845 [INFO]   OK: PES2UG19CS346 [c]
2026-07-31 05:45:53,845 [INFO] Processing PES2UG19CS346 (.c)...
2026-07-31 05:45:56,941 [INFO]   OK: PES2UG19CS346 [c]
2026-07-31 05:45:56,941 [INFO] Processing PES2UG19CS347 (.c)...
2026-07-31 05:45:59,749 [INFO]   OK: PES2UG19CS347 [c]
2026-07-31 05:45:59,749 [INFO] Processing PES2UG19CS348 (.c)...
2026-07-31 05:46:03,048 [INFO]   OK: PES2UG19CS348 [c]
2026-07-31 05:46:03,048 [INFO] Processing PES2UG19CS349 (.c)...
2026-07-31 05:46:06,216 [INFO]   OK: PES2UG19CS349 [c]
2026-07-31 05:46:06,216 [INFO] Processing PES2UG19CS352 (.c)...
2026-07-31 05:46:09,033 [INFO]   OK: PES2UG19CS352 [c]
2026-07-31 05:46:09,034 [INFO] Processing PES2UG19CS353 (.c)...
2026-07-31 05:46:11,878 [INFO]   OK: PES2UG19CS353 [c]
2026-07-31 05:46:11,879 [INFO] Processing PES2UG19CS354 (.c)...
2026-07-31 05:46:14,817 [INFO]   OK: PES2UG19CS354 [c]
2026-07-31 05:46:14,818 [INFO] Processing PES2UG19CS356 (.c)...
2026-07-31 05:46:17,747 [INFO]   OK: PES2UG19CS356 [c]
2026-07-31 05:46:17,747 [INFO] Processing PES2UG19CS358 (.c)...
2026-07-31 05:46:20,351 [INFO]   OK: PES2UG19CS358 [c]
2026-07-31 05:46:20,351 [INFO] Processing PES2UG19CS360 (.c)...
2026-07-31 05:46:22,943 [INFO]   OK: PES2UG19CS360 [c]
2026-07-31 05:46:22,943 [INFO] Processing PES2UG19CS361 (.c)...
2026-07-31 05:46:25,637 [INFO]   OK: PES2UG19CS361 [c]
2026-07-31 05:46:25,637 [INFO] Processing PES2UG19CS363 (.c)...
2026-07-31 05:46:28,509 [INFO]   OK: PES2UG19CS363 [c]
2026-07-31 05:46:28,509 [INFO] Processing PES2UG19CS364 (.c)...
2026-07-31 05:46:31,169 [INFO]   OK: PES2UG19CS364 [c]
2026-07-31 05:46:31,170 [INFO] Processing PES2UG19CS364 (.c)...
2026-07-31 05:46:33,813 [INFO]   OK: PES2UG19CS364 [c]
2026-07-31 05:46:33,814 [INFO] Processing PES2UG19CS365 (.c)...
2026-07-31 05:46:36,304 [INFO]   OK: PES2UG19CS365 [c]
2026-07-31 05:46:36,304 [INFO] Processing PES2UG19CS370 (.c)...
2026-07-31 05:46:38,873 [INFO]   OK: PES2UG19CS370 [c]
2026-07-31 05:46:38,874 [INFO] Processing PES2UG19CS371 (.c)...
2026-07-31 05:46:41,478 [INFO]   OK: PES2UG19CS371 [c]
2026-07-31 05:46:41,478 [INFO] Processing PES2UG19CS372 (.c)...
2026-07-31 05:46:43,900 [INFO]   OK: PES2UG19CS372 [c]
2026-07-31 05:46:43,900 [INFO] Processing PES2UG19CS373 (.c)...
2026-07-31 05:46:47,118 [INFO]   OK: PES2UG19CS373 [c]
2026-07-31 05:46:47,118 [INFO] Processing PES2UG19CS374 (.c)...
2026-07-31 05:46:49,722 [INFO]   OK: PES2UG19CS374 [c]
2026-07-31 05:46:49,722 [INFO] Processing PES2UG19CS375 (.c)...
2026-07-31 05:46:52,887 [INFO]   OK: PES2UG19CS375 [c]
2026-07-31 05:46:52,888 [INFO] Processing PES2UG19CS378 (.c)...
2026-07-31 05:46:55,509 [INFO]   OK: PES2UG19CS378 [c]
2026-07-31 05:46:55,509 [INFO] Processing PES2UG19CS379 (.c)...
2026-07-31 05:46:58,956 [INFO]   OK: PES2UG19CS379 [c]
2026-07-31 05:46:58,957 [INFO] Processing PES2UG19CS380 (.c)...
2026-07-31 05:47:01,886 [INFO]   OK: PES2UG19CS380 [c]
2026-07-31 05:47:01,887 [INFO] Processing PES2UG19CS381 (.c)...
2026-07-31 05:47:04,192 [INFO]   OK: PES2UG19CS381 [c]
2026-07-31 05:47:04,192 [INFO] Processing PES2UG19CS383 (.C)...
2026-07-31 05:47:06,382 [INFO]   OK: PES2UG19CS383 [c]
2026-07-31 05:47:06,383 [INFO] Processing PES2UG19CS384 (.c)...
2026-07-31 05:47:09,394 [INFO]   OK: PES2UG19CS384 [c]
2026-07-31 05:47:09,394 [INFO] Processing PES2UG19CS385 (.c)...
2026-07-31 05:47:12,053 [INFO]   OK: PES2UG19CS385 [c]
2026-07-31 05:47:12,053 [INFO] Processing PES2UG19CS387 (.c)...
2026-07-31 05:47:14,686 [INFO]   OK: PES2UG19CS387 [c]
2026-07-31 05:47:14,686 [INFO] Processing PES2UG19CS388 (.c)...
2026-07-31 05:47:17,347 [INFO]   OK: PES2UG19CS388 [c]
2026-07-31 05:47:17,347 [INFO] Processing PES2UG19CS389 (.c)...
2026-07-31 05:47:21,821 [INFO]   OK: PES2UG19CS389 [c]
2026-07-31 05:47:21,821 [INFO] Processing PES2UG19CS390 (.c)...
2026-07-31 05:47:24,840 [INFO]   OK: PES2UG19CS390 [c]
2026-07-31 05:47:24,840 [INFO] Processing PES2UG19CS391 (.c)...
2026-07-31 05:47:27,687 [INFO]   OK: PES2UG19CS391 [c]
2026-07-31 05:47:27,687 [INFO] Processing PES2UG19CS392 (.c)...
2026-07-31 05:47:30,505 [INFO]   OK: PES2UG19CS392 [c]
2026-07-31 05:47:30,505 [INFO] Processing PES2UG19CS393 (.c)...
2026-07-31 05:47:33,266 [INFO]   OK: PES2UG19CS393 [c]
2026-07-31 05:47:33,267 [INFO] Processing PES2UG19CS395 (.c)...
2026-07-31 05:47:36,018 [INFO]   OK: PES2UG19CS395 [c]
2026-07-31 05:47:36,018 [INFO] Processing PES2UG19CS395 (.c)...
2026-07-31 05:47:38,681 [INFO]   OK: PES2UG19CS395 [c]
2026-07-31 05:47:38,681 [INFO] Processing PES2UG19CS396 (.c)...
2026-07-31 05:47:41,193 [INFO]   OK: PES2UG19CS396 [c]
2026-07-31 05:47:41,193 [INFO] Processing PES2UG19CS398 (.c)...
2026-07-31 05:47:43,798 [INFO]   OK: PES2UG19CS398 [c]
2026-07-31 05:47:43,798 [INFO] Processing PES2UG19CS399 (.c)...
2026-07-31 05:47:46,292 [INFO]   OK: PES2UG19CS399 [c]
2026-07-31 05:47:46,292 [WARNING]   IGNORED (not a recognized source file): F_PES2UG19CS400_Week2 - Soumya Sajjan.pdf
2026-07-31 05:47:46,292 [INFO] Processing PES2UG19CS401 (.c)...
2026-07-31 05:47:49,087 [INFO]   OK: PES2UG19CS401 [c]
2026-07-31 05:47:49,088 [INFO] Processing PES2UG19CS402 (.c)...
2026-07-31 05:47:52,411 [INFO]   OK: PES2UG19CS402 [c]
2026-07-31 05:47:52,411 [INFO] Processing PES2UG19CS470 (.c)...
2026-07-31 05:47:55,094 [INFO]   OK: PES2UG19CS470 [c]
2026-07-31 05:47:55,095 [INFO] Processing PES2UG19CS341 (.c)...
2026-07-31 05:47:57,711 [INFO]   OK: PES2UG19CS341 [c]
2026-07-31 05:47:57,711 [INFO] Processing PES2UG19CS463 (.c)...
2026-07-31 05:48:00,304 [INFO]   OK: PES2UG19CS463 [c]
2026-07-31 05:48:00,304 [INFO] Processing G_PES2201800143_week2__Kurnool_Anirudh (.c)...
2026-07-31 05:48:02,704 [INFO]   OK: G_PES2201800143_week2__Kurnool_Anirudh [c]
2026-07-31 05:48:02,704 [INFO] Processing G_PES2201900413_Week2__sowhith_reddy (.c)...
2026-07-31 05:48:06,060 [INFO]   OK: G_PES2201900413_Week2__sowhith_reddy [c]
2026-07-31 05:48:06,060 [INFO] Processing G_PES2201900809_Week2_a__suhan_b_revenka (.c)...
2026-07-31 05:48:10,568 [INFO]   OK: G_PES2201900809_Week2_a__suhan_b_revenka [c]
2026-07-31 05:48:10,569 [INFO] Processing PES2UG19CS405 (.c)...
2026-07-31 05:48:15,472 [INFO]   OK: PES2UG19CS405 [c]
2026-07-31 05:48:15,472 [INFO] Processing PES2UG19CS406 (.c)...
2026-07-31 05:48:20,019 [INFO]   OK: PES2UG19CS406 [c]
2026-07-31 05:48:20,019 [INFO] Processing PES2UG19CS407 (.c)...
2026-07-31 05:48:24,522 [INFO]   OK: PES2UG19CS407 [c]
2026-07-31 05:48:24,522 [INFO] Processing PES2UG19CS408 (.c)...
2026-07-31 05:48:29,079 [INFO]   OK: PES2UG19CS408 [c]
2026-07-31 05:48:29,079 [INFO] Processing PES2UG19CS409 (.c)...
2026-07-31 05:48:34,180 [INFO]   OK: PES2UG19CS409 [c]
2026-07-31 05:48:34,181 [INFO] Processing PES2UG19CS410 (.c)...
2026-07-31 05:50:43,050 [INFO]   OK: PES2UG19CS410 [c]
2026-07-31 05:50:43,050 [INFO] Processing PES2UG19CS411 (.c)...
2026-07-31 05:50:48,828 [INFO]   OK: PES2UG19CS411 [c]
2026-07-31 05:50:48,829 [INFO] Processing PES2UG19CS414 (.c)...
2026-07-31 05:50:53,862 [INFO]   OK: PES2UG19CS414 [c]
2026-07-31 05:50:53,862 [INFO] Processing PES2UG19CS416 (.c)...
2026-07-31 05:48:54,827 [INFO]   OK: PES2UG19CS416 [c]
2026-07-31 05:48:54,827 [INFO] Processing PES2UG19CS417 (.c)...
2026-07-31 05:48:59,484 [INFO]   OK: PES2UG19CS417 [c]
2026-07-31 05:48:59,484 [INFO] Processing PES2UG19CS418 (.c)...
2026-07-31 05:49:04,498 [INFO]   OK: PES2UG19CS418 [c]
2026-07-31 05:49:04,499 [INFO] Processing PES2UG19CS419 (.c)...
2026-07-31 05:49:08,716 [INFO]   OK: PES2UG19CS419 [c]
2026-07-31 05:49:08,716 [INFO] Processing PES2UG19CS421 (.c)...
2026-07-31 05:49:14,394 [INFO]   OK: PES2UG19CS421 [c]
2026-07-31 05:49:14,395 [INFO] Processing PES2UG19CS422 (.c)...
2026-07-31 05:49:19,640 [INFO]   OK: PES2UG19CS422 [c]
2026-07-31 05:49:19,641 [INFO] Processing PES2UG19CS423 (.c)...
2026-07-31 05:49:25,263 [INFO]   OK: PES2UG19CS423 [c]
2026-07-31 05:49:25,263 [INFO] Processing PES2UG19CS424 (.c)...
2026-07-31 05:49:29,603 [INFO]   OK: PES2UG19CS424 [c]
2026-07-31 05:49:29,603 [INFO] Processing PES2UG19CS427 (.c)...
2026-07-31 05:49:34,511 [INFO]   OK: PES2UG19CS427 [c]
2026-07-31 05:49:34,511 [INFO] Processing PES2UG19CS428 (.c)...
2026-07-31 05:49:40,007 [INFO]   OK: PES2UG19CS428 [c]
2026-07-31 05:49:40,007 [INFO] Processing PES2UG19CS429 (.c)...
2026-07-31 05:49:45,483 [INFO]   OK: PES2UG19CS429 [c]
2026-07-31 05:49:45,483 [INFO] Processing PES2UG19CS430 (.c)...
2026-07-31 05:49:50,688 [INFO]   OK: PES2UG19CS430 [c]
2026-07-31 05:49:50,689 [INFO] Processing PES2UG19CS432 (.c)...
2026-07-31 05:49:55,868 [INFO]   OK: PES2UG19CS432 [c]
2026-07-31 05:49:55,868 [INFO] Processing PES2UG19CS433 (.c)...
2026-07-31 05:50:01,284 [INFO]   OK: PES2UG19CS433 [c]
2026-07-31 05:50:01,284 [INFO] Processing PES2UG19CS434 (.c)...
2026-07-31 05:50:05,805 [INFO]   OK: PES2UG19CS434 [c]
2026-07-31 05:50:05,805 [INFO] Processing PES2UG19CS435 (.c)...
2026-07-31 05:50:10,756 [INFO]   OK: PES2UG19CS435 [c]
2026-07-31 05:50:10,757 [INFO] Processing PES2UG19CS436 (.c)...
2026-07-31 05:50:16,430 [INFO]   OK: PES2UG19CS436 [c]
2026-07-31 05:50:16,431 [INFO] Processing PES2UG19CS437 (.c)...
2026-07-31 05:50:22,478 [INFO]   OK: PES2UG19CS437 [c]
2026-07-31 05:50:22,478 [INFO] Processing PES2UG19CS438 (.c)...
2026-07-31 05:50:28,135 [INFO]   OK: PES2UG19CS438 [c]
2026-07-31 05:50:28,136 [INFO] Processing PES2UG19CS441 (.c)...
2026-07-31 05:50:33,295 [INFO]   OK: PES2UG19CS441 [c]
2026-07-31 05:50:33,295 [INFO] Processing PES2UG19CS442 (.c)...
2026-07-31 05:50:38,525 [INFO]   OK: PES2UG19CS442 [c]
2026-07-31 05:50:38,526 [INFO] Processing PES2UG19CS444 (.c)...
2026-07-31 05:50:43,684 [INFO]   OK: PES2UG19CS444 [c]
2026-07-31 05:50:43,685 [INFO] Processing PES2UG19CS445 (.c)...
2026-07-31 05:50:48,712 [INFO]   OK: PES2UG19CS445 [c]
2026-07-31 05:50:48,712 [INFO] Processing PES2UG19CS446 (.c)...
2026-07-31 05:50:53,926 [INFO]   OK: PES2UG19CS446 [c]
2026-07-31 05:50:53,927 [INFO] Processing PES2UG19CS448 (.c)...
2026-07-31 05:50:58,459 [INFO]   OK: PES2UG19CS448 [c]
2026-07-31 05:50:58,459 [INFO] Processing PES2UG19CS449 (.c)...
2026-07-31 05:51:03,099 [INFO]   OK: PES2UG19CS449 [c]
2026-07-31 05:51:03,100 [INFO] Processing PES2UG19CS449 (.c)...
2026-07-31 05:51:08,345 [INFO]   OK: PES2UG19CS449 [c]
2026-07-31 05:51:08,345 [INFO] Processing PES2UG19CS450 (.c)...
2026-07-31 05:51:13,803 [INFO]   OK: PES2UG19CS450 [c]
2026-07-31 05:51:13,803 [INFO] Processing PES2UG19CS451 (.c)...
2026-07-31 05:51:19,341 [INFO]   OK: PES2UG19CS451 [c]
2026-07-31 05:51:19,341 [INFO] Processing PES2UG19CS453 (.c)...
2026-07-31 05:51:24,242 [INFO]   OK: PES2UG19CS453 [c]
2026-07-31 05:51:24,242 [INFO] Processing PES2UG19CS454 (.c)...
2026-07-31 05:51:30,172 [INFO]   OK: PES2UG19CS454 [c]
2026-07-31 05:51:30,173 [INFO] Processing PES2UG19CS455 (.c)...
2026-07-31 05:51:34,865 [INFO]   OK: PES2UG19CS455 [c]
2026-07-31 05:51:34,865 [INFO] Processing PES2UG19CS456 (.C)...
2026-07-31 05:51:38,760 [INFO]   OK: PES2UG19CS456 [c]
2026-07-31 05:51:38,760 [INFO] Processing PES2UG19CS457 (.c)...
2026-07-31 05:51:44,012 [INFO]   OK: PES2UG19CS457 [c]
2026-07-31 05:51:44,012 [WARNING]   IGNORED (not a recognized source file): G_PES2UG19CS458_WEEK2 - Sharan Veera. C
2026-07-31 05:51:44,013 [INFO] Processing PES2UG19CS459 (.c)...
2026-07-31 05:51:49,281 [INFO]   OK: PES2UG19CS459 [c]
2026-07-31 05:51:49,281 [INFO] Processing PES2UG19CS460 (.c)...
2026-07-31 05:51:54,044 [INFO]   OK: PES2UG19CS460 [c]
2026-07-31 05:51:54,044 [INFO] Processing PES2UG19CS462 (.c)...
2026-07-31 05:51:59,216 [INFO]   OK: PES2UG19CS462 [c]
2026-07-31 05:51:59,217 [INFO] Processing PES2UG19CS464 (.c)...
2026-07-31 05:52:03,802 [INFO]   OK: PES2UG19CS464 [c]
2026-07-31 05:52:03,803 [INFO] Processing PES2UG19CS465 (.c)...
2026-07-31 05:52:09,167 [INFO]   OK: PES2UG19CS465 [c]
2026-07-31 05:52:09,168 [INFO] Processing PES2UG19CS902 (.c)...
2026-07-31 05:52:14,725 [INFO]   OK: PES2UG19CS902 [c]
2026-07-31 05:52:14,725 [INFO] Processing PES2UG19CS903 (.c)...
2026-07-31 05:52:20,152 [INFO]   OK: PES2UG19CS903 [c]
2026-07-31 05:52:20,153 [INFO] Processing PES2UG19CS904 (.c)...
2026-07-31 05:52:25,809 [INFO]   OK: PES2UG19CS904 [c]
2026-07-31 05:52:25,809 [INFO] Processing PES2UG19CS905 (.c)...
2026-07-31 05:52:31,394 [INFO]   OK: PES2UG19CS905 [c]
2026-07-31 05:52:31,394 [INFO] Processing PES2UG19CS905 (.c)...
2026-07-31 05:52:36,594 [INFO]   OK: PES2UG19CS905 [c]
2026-07-31 05:52:36,595 [INFO] Processing PES2UG19CS906 (.c)...
2026-07-31 05:52:42,908 [INFO]   OK: PES2UG19CS906 [c]
2026-07-31 05:52:42,908 [INFO] Processing PES2UG19CS908 (.c)...
2026-07-31 05:52:47,590 [INFO]   OK: PES2UG19CS908 [c]
2026-07-31 05:52:47,590 [INFO] Processing PES2UG19CS910 (.c)...
2026-07-31 05:52:52,810 [INFO]   OK: PES2UG19CS910 [c]
2026-07-31 05:52:52,811 [INFO] Processing G_PES2UUG19CS439_WEEK2__Srinidhi_Parthas (.c)...
2026-07-31 05:52:57,819 [INFO]   OK: G_PES2UUG19CS439_WEEK2__Srinidhi_Parthas [c]
2026-07-31 05:52:57,819 [WARNING]   IGNORED (not a recognized source file): Sec D_PES2UG19CS259_week2.c - Nikhitha Ks.txt
2026-07-31 05:52:57,819 [WARNING]   IGNORED (not a recognized source file): second - Ashwini Islampur.txt
2026-07-31 05:52:57,820 [INFO] Processing PES2UG19CS269 (.c)...
2026-07-31 05:53:02,997 [INFO]   OK: PES2UG19CS269 [c]
2026-07-31 05:53:02,997 [INFO] Processing PES2UG19CS467 (.c)...
2026-07-31 05:55:11,170 [INFO]   OK: PES2UG19CS467 [c]
2026-07-31 05:55:11,170 [INFO] Processing PES2UG19CS260 (.h)...
2026-07-31 05:53:12,573 [INFO]   OK: PES2UG19CS260 [c]
2026-07-31 05:53:12,574 [INFO] Processing sll (.h)...
2026-07-31 05:53:17,184 [INFO]   OK: sll [c]
2026-07-31 05:53:17,184 [INFO] Processing sllimp__maloware (.c)...
2026-07-31 05:53:22,902 [INFO]   OK: sllimp__maloware [c]
2026-07-31 05:53:22,902 [INFO] Processing sllimp__Navya_Agrawal (.c)...
2026-07-31 05:53:29,381 [INFO]   OK: sllimp__Navya_Agrawal [c]
2026-07-31 05:53:29,381 [INFO] Processing sllimp__Nivedhitaa_ranganatham (.c)...
2026-07-31 05:53:35,471 [INFO]   OK: sllimp__Nivedhitaa_ranganatham [c]
2026-07-31 05:53:35,471 [INFO] Processing sllimp__Rishab_Kshatri (.c)...
2026-07-31 05:53:41,545 [INFO]   OK: sllimp__Rishab_Kshatri [c]
2026-07-31 05:53:41,545 [INFO] Processing sllimp__Rishitha_Chowdary (.c)...
2026-07-31 05:53:46,031 [INFO]   OK: sllimp__Rishitha_Chowdary [c]
2026-07-31 05:53:46,031 [INFO] Processing sllimp__Ritik_Sharma (.c)...
2026-07-31 05:53:50,696 [INFO]   OK: sllimp__Ritik_Sharma [c]
2026-07-31 05:53:50,696 [INFO] Processing sllimp__sammedh_Jain (.c)...
2026-07-31 05:53:55,717 [INFO]   OK: sllimp__sammedh_Jain [c]
2026-07-31 05:53:55,718 [INFO] Processing sllimp__SHAMANTH_CH (.c)...
2026-07-31 05:54:01,080 [INFO]   OK: sllimp__SHAMANTH_CH [c]
2026-07-31 05:54:01,080 [INFO] Processing sllimp__Shanoo_Raghav (.c)...
2026-07-31 05:54:06,130 [INFO]   OK: sllimp__Shanoo_Raghav [c]
2026-07-31 05:54:06,130 [INFO] Processing s__Shatakshi_Bhardwaj (.c)...
2026-07-31 05:54:12,273 [INFO]   OK: s__Shatakshi_Bhardwaj [c]
2026-07-31 05:54:12,274 [WARNING]   IGNORED (not a recognized source file): upload week 2(upload only .c file do not upload .h and main file) (File responses)-20200929T033524Z-001.zip
2026-07-31 05:54:12,274 [WARNING]   IGNORED (not a recognized source file): week2 - Aftab Hussain.zip
2026-07-31 05:54:12,278 [INFO] Done. 349 succeeded, 0 failed, 11 non-source files ignored.
2026-07-31 05:54:18,644 [INFO] Found 439 files in /mnt/c/Users/admin/Downloads/lab_ec/lab_ec/week4/A
2026-07-31 05:54:18,645 [WARNING]   IGNORED (not a recognized source file): 76110 - Amit Pujari
2026-07-31 05:54:18,645 [INFO] Processing A_PES2UG19C007_WEEK4__Abhilash_Bhat (.c)...
2026-07-31 05:54:23,791 [INFO]   OK: A_PES2UG19C007_WEEK4__Abhilash_Bhat [c]
2026-07-31 05:54:23,791 [INFO] Processing PES2UG19CS001 (.c)...
2026-07-31 05:54:29,593 [INFO]   OK: PES2UG19CS001 [c]
2026-07-31 05:54:29,593 [INFO] Processing PES2UG19CS002 (.c)...
2026-07-31 05:54:34,718 [INFO]   OK: PES2UG19CS002 [c]
2026-07-31 05:54:34,718 [INFO] Processing PES2UG19CS003 (.c)...
2026-07-31 05:54:39,624 [INFO]   OK: PES2UG19CS003 [c]
2026-07-31 05:54:39,625 [INFO] Processing PES2UG19CS004 (.c)...
2026-07-31 05:54:45,100 [INFO]   OK: PES2UG19CS004 [c]
2026-07-31 05:54:45,101 [INFO] Processing PES2UG19CS005 (.c)...
2026-07-31 05:54:50,667 [INFO]   OK: PES2UG19CS005 [c]
2026-07-31 05:54:50,667 [INFO] Processing PES2UG19CS008 (.c)...
2026-07-31 05:54:55,436 [INFO]   OK: PES2UG19CS008 [c]
2026-07-31 05:54:55,436 [INFO] Processing PES2UG19CS009 (.c)...
2026-07-31 05:55:00,275 [INFO]   OK: PES2UG19CS009 [c]
2026-07-31 05:55:00,276 [INFO] Processing PES2UG19CS009 (.c)...
2026-07-31 05:55:05,259 [INFO]   OK: PES2UG19CS009 [c]
2026-07-31 05:55:05,259 [INFO] Processing PES2UG19CS009 (.c)...
2026-07-31 05:55:10,706 [INFO]   OK: PES2UG19CS009 [c]
2026-07-31 05:55:10,706 [INFO] Processing PES2UG19CS010 (.c)...
2026-07-31 05:55:16,076 [INFO]   OK: PES2UG19CS010 [c]
2026-07-31 05:55:16,076 [INFO] Processing PES2UG19CS011 (.c)...
2026-07-31 05:55:20,675 [INFO]   OK: PES2UG19CS011 [c]
2026-07-31 05:55:20,675 [INFO] Processing PES2UG19CS012 (.c)...
2026-07-31 05:55:26,202 [INFO]   OK: PES2UG19CS012 [c]
2026-07-31 05:55:26,203 [INFO] Processing PES2UG19CS013 (.c)...
2026-07-31 05:55:31,392 [INFO]   OK: PES2UG19CS013 [c]
2026-07-31 05:55:31,393 [INFO] Processing PES2UG19CS015 (.c)...
2026-07-31 05:55:37,035 [INFO]   OK: PES2UG19CS015 [c]
2026-07-31 05:55:37,036 [INFO] Processing PES2UG19CS016 (.c)...
2026-07-31 05:55:43,534 [INFO]   OK: PES2UG19CS016 [c]
2026-07-31 05:55:43,534 [INFO] Processing PES2UG19CS017 (.c)...
2026-07-31 05:55:48,924 [INFO]   OK: PES2UG19CS017 [c]
2026-07-31 05:55:48,924 [INFO] Processing PES2UG19CS018 (.c)...
2026-07-31 05:55:53,718 [INFO]   OK: PES2UG19CS018 [c]
2026-07-31 05:55:53,718 [INFO] Processing PES2UG19CS019 (.c)...
2026-07-31 05:55:58,522 [INFO]   OK: PES2UG19CS019 [c]
2026-07-31 05:55:58,523 [INFO] Processing PES2UG19CS020 (.c)...
2026-07-31 05:56:04,058 [INFO]   OK: PES2UG19CS020 [c]
2026-07-31 05:56:04,059 [INFO] Processing PES2UG19CS021 (.c)...
2026-07-31 05:56:09,925 [INFO]   OK: PES2UG19CS021 [c]
2026-07-31 05:56:09,926 [INFO] Processing PES2UG19CS022 (.c)...
2026-07-31 05:56:15,551 [INFO]   OK: PES2UG19CS022 [c]
2026-07-31 05:56:15,551 [INFO] Processing PES2UG19CS023 (.c)...
2026-07-31 05:56:20,173 [INFO]   OK: PES2UG19CS023 [c]
2026-07-31 05:56:20,173 [INFO] Processing PES2UG19CS024 (.c)...
2026-07-31 05:56:25,184 [INFO]   OK: PES2UG19CS024 [c]
2026-07-31 05:56:25,185 [INFO] Processing PES2UG19CS025 (.c)...
2026-07-31 05:56:31,071 [INFO]   OK: PES2UG19CS025 [c]
2026-07-31 05:56:31,071 [INFO] Processing PES2UG19CS026 (.c)...
2026-07-31 05:56:36,411 [INFO]   OK: PES2UG19CS026 [c]
2026-07-31 05:56:36,411 [INFO] Processing PES2UG19CS027 (.c)...
2026-07-31 05:56:42,272 [INFO]   OK: PES2UG19CS027 [c]
2026-07-31 05:56:42,273 [INFO] Processing PES2UG19CS028 (.c)...
2026-07-31 05:56:48,219 [INFO]   OK: PES2UG19CS028 [c]
2026-07-31 05:56:48,220 [INFO] Processing PES2UG19CS029 (.c)...
2026-07-31 05:56:53,964 [INFO]   OK: PES2UG19CS029 [c]
2026-07-31 05:56:53,964 [INFO] Processing PES2UG19CS030 (.c)...
2026-07-31 05:56:59,567 [INFO]   OK: PES2UG19CS030 [c]
2026-07-31 05:56:59,567 [WARNING]   IGNORED (not a recognized source file): A_PES2UG19CS031_Week4 - Aliyah Kabeer
2026-07-31 05:56:59,568 [INFO] Processing PES2UG19CS032 (.c)...
2026-07-31 05:57:03,819 [INFO]   OK: PES2UG19CS032 [c]
2026-07-31 05:57:03,819 [INFO] Processing PES2UG19CS034 (.c)...
2026-07-31 05:57:09,131 [INFO]   OK: PES2UG19CS034 [c]
2026-07-31 05:57:09,132 [INFO] Processing PES2UG19CS035 (.c)...
2026-07-31 05:57:13,358 [INFO]   OK: PES2UG19CS035 [c]
2026-07-31 05:57:13,358 [INFO] Processing PES2UG19CS036 (.c)...
2026-07-31 05:57:18,496 [INFO]   OK: PES2UG19CS036 [c]
2026-07-31 05:57:18,496 [INFO] Processing PES2UG19CS037 (.c)...
2026-07-31 05:57:24,006 [INFO]   OK: PES2UG19CS037 [c]
2026-07-31 05:57:24,007 [INFO] Processing PES2UG19CS037 (.c)...
2026-07-31 05:57:28,736 [INFO]   OK: PES2UG19CS037 [c]
2026-07-31 05:57:28,736 [INFO] Processing PES2UG19CS038 (.c)...
2026-07-31 05:57:33,758 [INFO]   OK: PES2UG19CS038 [c]
2026-07-31 05:57:33,759 [INFO] Processing PES2UG19CS039 (.c)...
2026-07-31 05:57:38,608 [INFO]   OK: PES2UG19CS039 [c]
2026-07-31 05:57:38,609 [INFO] Processing PES2UG19CS040 (.c)...
2026-07-31 05:57:44,242 [INFO]   OK: PES2UG19CS040 [c]
2026-07-31 05:57:44,243 [INFO] Processing PES2UG19CS040 (.c)...
2026-07-31 05:57:49,173 [INFO]   OK: PES2UG19CS040 [c]
2026-07-31 05:57:49,174 [INFO] Processing PES2UG19CS041 (.c)...
2026-07-31 05:57:54,440 [INFO]   OK: PES2UG19CS041 [c]
2026-07-31 05:57:54,440 [INFO] Processing PES2UG19CS042 (.c)...
2026-07-31 05:57:59,469 [INFO]   OK: PES2UG19CS042 [c]
2026-07-31 05:57:59,469 [INFO] Processing PES2UG19CS042 (.c)...
2026-07-31 05:58:04,001 [INFO]   OK: PES2UG19CS042 [c]
2026-07-31 05:58:04,001 [INFO] Processing PES2UG19CS043 (.c)...
2026-07-31 05:58:08,758 [INFO]   OK: PES2UG19CS043 [c]
2026-07-31 05:58:08,758 [INFO] Processing PES2UG19CS044 (.c)...
2026-07-31 05:58:13,441 [INFO]   OK: PES2UG19CS044 [c]
2026-07-31 05:58:13,441 [INFO] Processing PES2UG19CS045 (.c)...
2026-07-31 05:58:18,593 [INFO]   OK: PES2UG19CS045 [c]
2026-07-31 05:58:18,594 [INFO] Processing PES2UG19CS046 (.c)...
2026-07-31 05:58:24,928 [INFO]   OK: PES2UG19CS046 [c]
2026-07-31 05:58:24,928 [INFO] Processing PES2UG19CS047 (.c)...
2026-07-31 05:58:30,304 [INFO]   OK: PES2UG19CS047 [c]
2026-07-31 05:58:30,304 [INFO] Processing PES2UG19CS048 (.c)...
2026-07-31 05:58:35,603 [INFO]   OK: PES2UG19CS048 [c]
2026-07-31 05:58:35,603 [INFO] Processing PES2UG19CS049 (.c)...
2026-07-31 05:58:40,909 [INFO]   OK: PES2UG19CS049 [c]
2026-07-31 05:58:40,910 [INFO] Processing PES2UG19CS050 (.c)...
2026-07-31 05:58:46,267 [INFO]   OK: PES2UG19CS050 [c]
2026-07-31 05:58:46,268 [INFO] Processing PES2UG19CS050 (.c)...
2026-07-31 05:58:51,789 [INFO]   OK: PES2UG19CS050 [c]
2026-07-31 05:58:51,789 [INFO] Processing PES2UG19CS051 (.c)...
2026-07-31 05:58:56,961 [INFO]   OK: PES2UG19CS051 [c]
2026-07-31 05:58:56,962 [INFO] Processing PES2UG19CS051 (.c)...
2026-07-31 05:59:01,970 [INFO]   OK: PES2UG19CS051 [c]
2026-07-31 05:59:01,970 [INFO] Processing PES2UG19CS052 (.c)...
2026-07-31 05:59:06,776 [INFO]   OK: PES2UG19CS052 [c]
2026-07-31 05:59:06,776 [INFO] Processing PES2UG19CS053 (.c)...
2026-07-31 05:59:11,888 [INFO]   OK: PES2UG19CS053 [c]
2026-07-31 05:59:11,889 [INFO] Processing PES2UG19CS054 (.c)...
2026-07-31 05:59:17,687 [INFO]   OK: PES2UG19CS054 [c]
2026-07-31 05:59:17,688 [INFO] Processing PES2UG19CS055 (.c)...
2026-07-31 05:59:22,652 [INFO]   OK: PES2UG19CS055 [c]
2026-07-31 05:59:22,652 [INFO] Processing PES2UG19CS056 (.c)...
2026-07-31 05:59:28,415 [INFO]   OK: PES2UG19CS056 [c]
2026-07-31 05:59:28,415 [INFO] Processing PES2UG19CS057 (.c)...
2026-07-31 05:59:33,240 [INFO]   OK: PES2UG19CS057 [c]
2026-07-31 05:59:33,240 [INFO] Processing PES2UG19CS058 (.c)...
2026-07-31 05:59:38,615 [INFO]   OK: PES2UG19CS058 [c]
2026-07-31 05:59:38,616 [INFO] Processing PES2UG19CS059 (.c)...
2026-07-31 05:59:44,387 [INFO]   OK: PES2UG19CS059 [c]
2026-07-31 05:59:44,388 [INFO] Processing PES2UG19CS060 (.c)...
2026-07-31 05:59:49,194 [INFO]   OK: PES2UG19CS060 [c]
2026-07-31 05:59:49,195 [INFO] Processing PES2UG19CS061 (.c)...
2026-07-31 05:59:54,007 [INFO]   OK: PES2UG19CS061 [c]
2026-07-31 05:59:54,007 [INFO] Processing PES2UG19CS062 (.c)...
2026-07-31 05:59:58,934 [INFO]   OK: PES2UG19CS062 [c]
2026-07-31 05:59:58,934 [INFO] Processing PES2UG19CS063 (.c)...
2026-07-31 06:00:04,485 [INFO]   OK: PES2UG19CS063 [c]
2026-07-31 06:00:04,486 [INFO] Processing PES2UG19CS064 (.c)...
2026-07-31 06:00:09,364 [INFO]   OK: PES2UG19CS064 [c]
2026-07-31 06:00:09,364 [INFO] Processing PES2UG19CS066 (.c)...
2026-07-31 06:00:14,145 [INFO]   OK: PES2UG19CS066 [c]
2026-07-31 06:00:14,146 [INFO] Processing PES2UG19CS328 (.c)...
2026-07-31 06:00:19,322 [INFO]   OK: PES2UG19CS328 [c]
2026-07-31 06:00:19,322 [INFO] Processing PES2UG19CS371 (.c)...
2026-07-31 06:00:24,803 [INFO]   OK: PES2UG19CS371 [c]
2026-07-31 06:00:24,803 [INFO] Processing PES2UG19CS901 (.c)...
2026-07-31 06:00:29,308 [INFO]   OK: PES2UG19CS901 [c]
2026-07-31 06:00:29,308 [INFO] Processing A_PS2UG19CS065_week4__Arpit_Kogta (.c)...
2026-07-31 06:00:33,997 [INFO]   OK: A_PS2UG19CS065_week4__Arpit_Kogta [c]
2026-07-31 06:00:33,998 [INFO] Processing PES2UG19CS067 (.c)...
2026-07-31 06:00:38,829 [INFO]   OK: PES2UG19CS067 [c]
2026-07-31 06:00:38,829 [INFO] Processing PES2UG19CS068 (.c)...
2026-07-31 06:00:44,207 [INFO]   OK: PES2UG19CS068 [c]
2026-07-31 06:00:44,208 [INFO] Processing PES2UG19CS069 (.c)...
2026-07-31 06:00:49,702 [INFO]   OK: PES2UG19CS069 [c]
2026-07-31 06:00:49,703 [INFO] Processing PES2UG19CS070 (.c)...
2026-07-31 06:00:56,820 [INFO]   OK: PES2UG19CS070 [c]
2026-07-31 06:00:56,820 [INFO] Processing PES2UG19CS071 (.c)...
2026-07-31 06:01:02,872 [INFO]   OK: PES2UG19CS071 [c]
2026-07-31 06:01:02,872 [WARNING]   IGNORED (not a recognized source file): B_PES2UG19CS073_Ashwini_week4.c - Ashwini Islampur(1).txt
2026-07-31 06:01:02,872 [WARNING]   IGNORED (not a recognized source file): B_PES2UG19CS073_Ashwini_week4.c - Ashwini Islampur(2).txt
2026-07-31 06:01:02,872 [WARNING]   IGNORED (not a recognized source file): B_PES2UG19CS073_Ashwini_week4.c - Ashwini Islampur.txt
2026-07-31 06:01:02,872 [INFO] Processing PES2UG19CS074 (.c)...
2026-07-31 06:01:07,426 [INFO]   OK: PES2UG19CS074 [c]
2026-07-31 06:01:07,427 [INFO] Processing PES2UG19CS075 (.c)...
2026-07-31 06:01:12,413 [INFO]   OK: PES2UG19CS075 [c]
2026-07-31 06:01:12,414 [INFO] Processing PES2UG19CS076 (.c)...
2026-07-31 06:01:18,203 [INFO]   OK: PES2UG19CS076 [c]
2026-07-31 06:01:18,203 [INFO] Processing PES2UG19CS078 (.c)...
2026-07-31 06:01:22,779 [INFO]   OK: PES2UG19CS078 [c]
2026-07-31 06:01:22,780 [INFO] Processing PES2UG19CS079 (.c)...
2026-07-31 06:01:27,990 [INFO]   OK: PES2UG19CS079 [c]
2026-07-31 06:01:27,990 [INFO] Processing PES2UG19CS083 (.c)...
2026-07-31 06:03:37,208 [INFO]   OK: PES2UG19CS083 [c]
2026-07-31 06:03:37,209 [INFO] Processing PES2UG19CS084 (.c)...
2026-07-31 06:01:38,095 [INFO]   OK: PES2UG19CS084 [c]
2026-07-31 06:01:38,095 [INFO] Processing PES2UG19CS086 (.c)...
2026-07-31 06:01:43,860 [INFO]   OK: PES2UG19CS086 [c]
2026-07-31 06:01:43,860 [INFO] Processing PES2UG19CS087 (.c)...
2026-07-31 06:01:50,169 [INFO]   OK: PES2UG19CS087 [c]
2026-07-31 06:01:50,169 [INFO] Processing PES2UG19CS088 (.c)...
2026-07-31 06:01:55,162 [INFO]   OK: PES2UG19CS088 [c]
2026-07-31 06:01:55,163 [INFO] Processing PES2UG19CS089 (.c)...
2026-07-31 06:02:01,680 [INFO]   OK: PES2UG19CS089 [c]
2026-07-31 06:02:01,680 [INFO] Processing PES2UG19CS091 (.c)...
2026-07-31 06:02:06,326 [INFO]   OK: PES2UG19CS091 [c]
2026-07-31 06:02:06,326 [INFO] Processing PES2UG19CS092 (.c)...
2026-07-31 06:02:11,266 [INFO]   OK: PES2UG19CS092 [c]
2026-07-31 06:02:11,266 [INFO] Processing PES2UG19CS093 (.c)...
2026-07-31 06:02:16,551 [INFO]   OK: PES2UG19CS093 [c]
2026-07-31 06:02:16,551 [INFO] Processing PES2UG19CS095 (.c)...
2026-07-31 06:02:21,500 [INFO]   OK: PES2UG19CS095 [c]
2026-07-31 06:02:21,500 [INFO] Processing PES2UG19CS097 (.c)...
2026-07-31 06:02:27,257 [INFO]   OK: PES2UG19CS097 [c]
2026-07-31 06:02:27,257 [INFO] Processing PES2UG19CS099 (.c)...
2026-07-31 06:02:32,960 [INFO]   OK: PES2UG19CS099 [c]
2026-07-31 06:02:32,961 [INFO] Processing PES2UG19CS101 (.c)...
2026-07-31 06:02:38,070 [INFO]   OK: PES2UG19CS101 [c]
2026-07-31 06:02:38,071 [INFO] Processing PES2UG19CS102 (.c)...
2026-07-31 06:02:43,098 [INFO]   OK: PES2UG19CS102 [c]
2026-07-31 06:02:43,098 [INFO] Processing PES2UG19CS103 (.c)...
2026-07-31 06:02:48,973 [INFO]   OK: PES2UG19CS103 [c]
2026-07-31 06:02:48,974 [INFO] Processing PES2UG19CS104 (.c)...
2026-07-31 06:02:54,737 [INFO]   OK: PES2UG19CS104 [c]
2026-07-31 06:02:54,737 [INFO] Processing PES2UG19CS105 (.c)...
2026-07-31 06:03:00,035 [INFO]   OK: PES2UG19CS105 [c]
2026-07-31 06:03:00,035 [INFO] Processing PES2UG19CS106 (.c)...
2026-07-31 06:03:05,608 [INFO]   OK: PES2UG19CS106 [c]
2026-07-31 06:03:05,608 [INFO] Processing PES2UG19CS109 (.c)...
2026-07-31 06:03:10,802 [INFO]   OK: PES2UG19CS109 [c]
2026-07-31 06:03:10,803 [INFO] Processing PES2UG19CS111 (.c)...
2026-07-31 06:03:16,151 [INFO]   OK: PES2UG19CS111 [c]
2026-07-31 06:03:16,151 [INFO] Processing PES2UG19CS113 (.c)...
2026-07-31 06:03:21,239 [INFO]   OK: PES2UG19CS113 [c]
2026-07-31 06:03:21,240 [INFO] Processing PES2UG19CS114 (.c)...
2026-07-31 06:03:27,036 [INFO]   OK: PES2UG19CS114 [c]
2026-07-31 06:03:27,036 [INFO] Processing PES2UG19CS116 (.c)...
2026-07-31 06:03:32,208 [INFO]   OK: PES2UG19CS116 [c]
2026-07-31 06:03:32,209 [INFO] Processing PES2UG19CS117 (.c)...
2026-07-31 06:03:37,110 [INFO]   OK: PES2UG19CS117 [c]
2026-07-31 06:03:37,110 [INFO] Processing PES2UG19CS118 (.c)...
2026-07-31 06:03:42,965 [INFO]   OK: PES2UG19CS118 [c]
2026-07-31 06:03:42,965 [WARNING]   IGNORED (not a recognized source file): B_PES2UG19CS118_WEEK4_OUTPUT - DIVYANSH KUMAR SINGH.pdf
2026-07-31 06:03:42,966 [INFO] Processing PES2UG19CS119 (.c)...
2026-07-31 06:03:48,204 [INFO]   OK: PES2UG19CS119 [c]
2026-07-31 06:03:48,205 [INFO] Processing PES2UG19CS120 (.c)...
2026-07-31 06:03:54,797 [INFO]   OK: PES2UG19CS120 [c]
2026-07-31 06:03:54,797 [INFO] Processing PES2UG19CS122 (.c)...
2026-07-31 06:04:00,157 [INFO]   OK: PES2UG19CS122 [c]
2026-07-31 06:04:00,157 [INFO] Processing PES2UG19CS125 (.c)...
2026-07-31 06:04:05,442 [INFO]   OK: PES2UG19CS125 [c]
2026-07-31 06:04:05,442 [INFO] Processing PES2UG19CS127 (.c)...
2026-07-31 06:04:10,855 [INFO]   OK: PES2UG19CS127 [c]
2026-07-31 06:04:10,856 [INFO] Processing PES2UG19CS129 (.c)...
2026-07-31 06:04:16,555 [INFO]   OK: PES2UG19CS129 [c]
2026-07-31 06:04:16,555 [INFO] Processing PES2UG19CS130 (.c)...
2026-07-31 06:04:21,582 [INFO]   OK: PES2UG19CS130 [c]
2026-07-31 06:04:21,583 [INFO] Processing PES2UG19CS131 (.c)...
2026-07-31 06:04:27,072 [INFO]   OK: PES2UG19CS131 [c]
2026-07-31 06:04:27,072 [INFO] Processing PES2UG19CS132 (.c)...
2026-07-31 06:04:32,272 [INFO]   OK: PES2UG19CS132 [c]
2026-07-31 06:04:32,272 [INFO] Processing PES2UG19CS134 (.c)...
2026-07-31 06:04:37,651 [INFO]   OK: PES2UG19CS134 [c]
2026-07-31 06:04:37,651 [INFO] Processing PES2UG19CS394 (.c)...
2026-07-31 06:04:42,426 [INFO]   OK: PES2UG19CS394 [c]
2026-07-31 06:04:42,427 [INFO] Processing PES2UG19CS452 (.c)...
2026-07-31 06:04:48,409 [INFO]   OK: PES2UG19CS452 [c]
2026-07-31 06:04:48,409 [INFO] Processing cll (.h)...
2026-07-31 06:04:53,521 [INFO]   OK: cll [c]
2026-07-31 06:04:53,521 [INFO] Processing cllimp__Bhavana_Ravishanker (.c)...
2026-07-31 06:04:59,385 [INFO]   OK: cllimp__Bhavana_Ravishanker [c]
2026-07-31 06:04:59,386 [INFO] Processing cllimp__Dhanush_Reddy (.c)...
2026-07-31 06:05:04,910 [INFO]   OK: cllimp__Dhanush_Reddy [c]
2026-07-31 06:05:04,911 [INFO] Processing cllimp__jayanth_harwalkar (.c)...
2026-07-31 06:05:10,594 [INFO]   OK: cllimp__jayanth_harwalkar [c]
2026-07-31 06:05:10,594 [INFO] Processing cllimp__Keerthi_K (.c)...
2026-07-31 06:05:19,252 [INFO]   OK: cllimp__Keerthi_K [c]
2026-07-31 06:05:19,252 [INFO] Processing cllimp__Manzood_Ali_Naqvi (.c)...
2026-07-31 06:05:28,531 [INFO]   OK: cllimp__Manzood_Ali_Naqvi [c]
2026-07-31 06:05:28,531 [INFO] Processing cllimp__M_Satvika (.c)...
2026-07-31 06:05:36,185 [INFO]   OK: cllimp__M_Satvika [c]
2026-07-31 06:05:36,185 [INFO] Processing cllimp__Navya_Agrawal (.c)...
2026-07-31 06:05:41,463 [INFO]   OK: cllimp__Navya_Agrawal [c]
2026-07-31 06:05:41,463 [INFO] Processing cllimp__Nivedhitaa_ranganatham (.c)...
2026-07-31 06:05:46,554 [INFO]   OK: cllimp__Nivedhitaa_ranganatham [c]
2026-07-31 06:05:46,554 [INFO] Processing cllimp__Swati_Maste (.c)...
2026-07-31 06:05:51,050 [INFO]   OK: cllimp__Swati_Maste [c]
2026-07-31 06:05:51,050 [INFO] Processing cllimp__Vinaya_NM (.c)...
2026-07-31 06:05:55,822 [INFO]   OK: cllimp__Vinaya_NM [c]
2026-07-31 06:05:55,822 [INFO] Processing PES2UG19CS133 (.c)...
2026-07-31 06:06:00,898 [INFO]   OK: PES2UG19CS133 [c]
2026-07-31 06:06:00,899 [INFO] Processing PES2UG19CS136 (.c)...
2026-07-31 06:06:07,055 [INFO]   OK: PES2UG19CS136 [c]
2026-07-31 06:06:07,055 [INFO] Processing PES2UG19CS137 (.c)...
2026-07-31 06:08:18,112 [INFO]   OK: PES2UG19CS137 [c]
2026-07-31 06:08:18,112 [INFO] Processing PES2UG19CS138 (.c)...
2026-07-31 06:08:24,569 [INFO]   OK: PES2UG19CS138 [c]
2026-07-31 06:08:24,569 [WARNING]   IGNORED (not a recognized source file): c_PES2UG19CS140_Week4 - Harris Ahmed
2026-07-31 06:08:24,570 [INFO] Processing PES2UG19CS143 (.c)...
2026-07-31 06:08:29,732 [INFO]   OK: PES2UG19CS143 [c]
2026-07-31 06:08:29,732 [INFO] Processing PES2UG19CS145 (.c)...
2026-07-31 06:06:31,737 [INFO]   OK: PES2UG19CS145 [c]
2026-07-31 06:06:31,738 [INFO] Processing PES2UG19CS146 (.c)...
2026-07-31 06:06:38,145 [INFO]   OK: PES2UG19CS146 [c]
2026-07-31 06:06:38,145 [INFO] Processing PES2UG19CS147 (.c)...
2026-07-31 06:06:43,994 [INFO]   OK: PES2UG19CS147 [c]
2026-07-31 06:06:43,994 [INFO] Processing PES2UG19CS148 (.c)...
2026-07-31 06:06:48,908 [INFO]   OK: PES2UG19CS148 [c]
2026-07-31 06:06:48,908 [INFO] Processing PES2UG19CS149 (.c)...
2026-07-31 06:06:53,283 [INFO]   OK: PES2UG19CS149 [c]
2026-07-31 06:06:53,283 [INFO] Processing PES2UG19CS150 (.c)...
2026-07-31 06:06:57,458 [INFO]   OK: PES2UG19CS150 [c]
2026-07-31 06:06:57,458 [INFO] Processing PES2UG19CS151 (.c)...
2026-07-31 06:07:01,918 [INFO]   OK: PES2UG19CS151 [c]
2026-07-31 06:07:01,918 [INFO] Processing PES2UG19CS152 (.c)...
2026-07-31 06:07:06,434 [INFO]   OK: PES2UG19CS152 [c]
2026-07-31 06:07:06,434 [INFO] Processing PES2UG19CS153 (.c)...
2026-07-31 06:07:11,727 [INFO]   OK: PES2UG19CS153 [c]
2026-07-31 06:07:11,727 [INFO] Processing PES2UG19CS156 (.c)...
2026-07-31 06:07:16,512 [INFO]   OK: PES2UG19CS156 [c]
2026-07-31 06:07:16,512 [INFO] Processing PES2UG19CS157 (.c)...
2026-07-31 06:07:20,982 [INFO]   OK: PES2UG19CS157 [c]
2026-07-31 06:07:20,983 [INFO] Processing PES2UG19CS163 (.c)...
2026-07-31 06:07:25,591 [INFO]   OK: PES2UG19CS163 [c]
2026-07-31 06:07:25,591 [INFO] Processing PES2UG19CS164 (.c)...
2026-07-31 06:07:31,501 [INFO]   OK: PES2UG19CS164 [c]
2026-07-31 06:07:31,501 [INFO] Processing PES2UG19CS165 (.c)...
2026-07-31 06:07:36,540 [INFO]   OK: PES2UG19CS165 [c]
2026-07-31 06:07:36,540 [INFO] Processing PES2UG19CS166 (.c)...
2026-07-31 06:07:41,622 [INFO]   OK: PES2UG19CS166 [c]
2026-07-31 06:07:41,623 [INFO] Processing PES2UG19CS167 (.c)...
2026-07-31 06:07:46,138 [INFO]   OK: PES2UG19CS167 [c]
2026-07-31 06:07:46,138 [INFO] Processing PES2UG19CS168 (.c)...
2026-07-31 06:07:50,276 [INFO]   OK: PES2UG19CS168 [c]
2026-07-31 06:07:50,276 [INFO] Processing PES2UG19CS169 (.c)...
2026-07-31 06:07:54,949 [INFO]   OK: PES2UG19CS169 [c]
2026-07-31 06:07:54,949 [INFO] Processing PES2UG19CS170 (.c)...
2026-07-31 06:07:59,365 [INFO]   OK: PES2UG19CS170 [c]
2026-07-31 06:07:59,365 [INFO] Processing PES2UG19CS171 (.c)...
2026-07-31 06:08:03,888 [INFO]   OK: PES2UG19CS171 [c]
2026-07-31 06:08:03,888 [INFO] Processing PES2UG19CS172 (.c)...
2026-07-31 06:08:08,655 [INFO]   OK: PES2UG19CS172 [c]
2026-07-31 06:08:08,655 [INFO] Processing PES2UG19CS174 (.c)...
2026-07-31 06:08:13,103 [INFO]   OK: PES2UG19CS174 [c]
2026-07-31 06:08:13,103 [INFO] Processing PES2UG19CS175 (.c)...
2026-07-31 06:08:17,482 [INFO]   OK: PES2UG19CS175 [c]
2026-07-31 06:08:17,482 [INFO] Processing PES2UG19CS176 (.c)...
2026-07-31 06:08:22,283 [INFO]   OK: PES2UG19CS176 [c]
2026-07-31 06:08:22,283 [INFO] Processing PES2UG19CS177 (.c)...
2026-07-31 06:08:28,319 [INFO]   OK: PES2UG19CS177 [c]
2026-07-31 06:08:28,319 [INFO] Processing PES2UG19CS178 (.c)...
2026-07-31 06:08:33,965 [INFO]   OK: PES2UG19CS178 [c]
2026-07-31 06:08:33,965 [INFO] Processing PES2UG19CS180 (.c)...
2026-07-31 06:08:40,060 [INFO]   OK: PES2UG19CS180 [c]
2026-07-31 06:08:40,061 [INFO] Processing PES2UG19CS183 (.c)...
2026-07-31 06:08:45,554 [INFO]   OK: PES2UG19CS183 [c]
2026-07-31 06:08:45,554 [INFO] Processing PES2UG19CS184 (.c)...
2026-07-31 06:08:51,218 [INFO]   OK: PES2UG19CS184 [c]
2026-07-31 06:08:51,218 [INFO] Processing PES2UG19CS185 (.c)...
2026-07-31 06:08:56,194 [INFO]   OK: PES2UG19CS185 [c]
2026-07-31 06:08:56,195 [INFO] Processing PES2UG19CS186 (.c)...
2026-07-31 06:09:01,028 [INFO]   OK: PES2UG19CS186 [c]
2026-07-31 06:09:01,029 [INFO] Processing PES2UG19CS188 (.c)...
2026-07-31 06:09:06,358 [INFO]   OK: PES2UG19CS188 [c]
2026-07-31 06:09:06,358 [INFO] Processing PES2UG19CS189 (.c)...
2026-07-31 06:09:11,439 [INFO]   OK: PES2UG19CS189 [c]
2026-07-31 06:09:11,440 [INFO] Processing PES2UG19CS191 (.c)...
2026-07-31 06:09:16,823 [INFO]   OK: PES2UG19CS191 [c]
2026-07-31 06:09:16,823 [WARNING]   IGNORED (not a recognized source file): C_PES2UG19CS192_WEEK4 - Pranathi Kottakapu.pdf
2026-07-31 06:09:16,824 [INFO] Processing PES2UG19CS193 (.c)...
2026-07-31 06:09:22,370 [INFO]   OK: PES2UG19CS193 [c]
2026-07-31 06:09:22,371 [INFO] Processing PES2UG19CS194 (.c)...
2026-07-31 06:09:27,616 [INFO]   OK: PES2UG19CS194 [c]
2026-07-31 06:09:27,616 [INFO] Processing PES2UG19CS195 (.c)...
2026-07-31 06:09:32,528 [INFO]   OK: PES2UG19CS195 [c]
2026-07-31 06:09:32,529 [INFO] Processing PES2UG19CS196 (.c)...
2026-07-31 06:09:38,093 [INFO]   OK: PES2UG19CS196 [c]
2026-07-31 06:09:38,093 [INFO] Processing PES2UG19CS197 (.c)...
2026-07-31 06:09:43,092 [INFO]   OK: PES2UG19CS197 [c]
2026-07-31 06:09:43,092 [INFO] Processing PES2UG19CS278 (.c)...
2026-07-31 06:09:48,359 [INFO]   OK: PES2UG19CS278 [c]
2026-07-31 06:09:48,359 [INFO] Processing PES2UG19CS350 (.c)...
2026-07-31 06:09:54,100 [INFO]   OK: PES2UG19CS350 [c]
2026-07-31 06:09:54,100 [INFO] Processing PES2UG19CS415 (.c)...
2026-07-31 06:09:59,717 [INFO]   OK: PES2UG19CS415 [c]
2026-07-31 06:09:59,718 [INFO] Processing PES2UG19CS415 (.c)...
2026-07-31 06:10:04,875 [INFO]   OK: PES2UG19CS415 [c]
2026-07-31 06:10:04,875 [INFO] Processing PES2UG19CS405 (.c)...
2026-07-31 06:10:10,318 [INFO]   OK: PES2UG19CS405 [c]
2026-07-31 06:10:10,318 [INFO] Processing PES2UG19CS179 (.c)...
2026-07-31 06:10:15,876 [INFO]   OK: PES2UG19CS179 [c]
2026-07-31 06:10:15,876 [INFO] Processing PES2UG19CS199 (.c)...
2026-07-31 06:10:20,873 [INFO]   OK: PES2UG19CS199 [c]
2026-07-31 06:10:20,874 [INFO] Processing PES2UG19CS201 (.c)...
2026-07-31 06:10:26,453 [INFO]   OK: PES2UG19CS201 [c]
2026-07-31 06:10:26,454 [INFO] Processing PES2UG19CS202 (.c)...
2026-07-31 06:10:31,659 [INFO]   OK: PES2UG19CS202 [c]
2026-07-31 06:10:31,659 [INFO] Processing PES2UG19CS203 (.c)...
2026-07-31 06:10:36,915 [INFO]   OK: PES2UG19CS203 [c]
2026-07-31 06:10:36,915 [INFO] Processing PES2UG19CS204 (.c)...
2026-07-31 06:10:42,103 [INFO]   OK: PES2UG19CS204 [c]
2026-07-31 06:10:42,104 [INFO] Processing PES2UG19CS205 (.C)...
2026-07-31 06:10:46,428 [INFO]   OK: PES2UG19CS205 [c]
2026-07-31 06:10:46,429 [INFO] Processing PES2UG19CS206 (.c)...
2026-07-31 06:10:51,424 [INFO]   OK: PES2UG19CS206 [c]
2026-07-31 06:10:51,425 [INFO] Processing PES2UG19CS207 (.c)...
2026-07-31 06:10:56,656 [INFO]   OK: PES2UG19CS207 [c]
2026-07-31 06:10:56,657 [INFO] Processing PES2UG19CS208 (.c)...
2026-07-31 06:11:01,537 [INFO]   OK: PES2UG19CS208 [c]
2026-07-31 06:11:01,537 [INFO] Processing PES2UG19CS209 (.c)...
2026-07-31 06:11:06,660 [INFO]   OK: PES2UG19CS209 [c]
2026-07-31 06:11:06,661 [INFO] Processing PES2UG19CS210 (.c)...
2026-07-31 06:11:11,548 [INFO]   OK: PES2UG19CS210 [c]
2026-07-31 06:11:11,548 [INFO] Processing PES2UG19CS210 (.c)...
2026-07-31 06:11:16,299 [INFO]   OK: PES2UG19CS210 [c]
2026-07-31 06:11:16,299 [INFO] Processing PES2UG19CS211 (.c)...
2026-07-31 06:11:21,571 [INFO]   OK: PES2UG19CS211 [c]
2026-07-31 06:11:21,572 [INFO] Processing PES2UG19CS212 (.c)...
2026-07-31 06:11:26,618 [INFO]   OK: PES2UG19CS212 [c]
2026-07-31 06:11:26,619 [INFO] Processing PES2UG19CS213 (.c)...
2026-07-31 06:11:32,624 [INFO]   OK: PES2UG19CS213 [c]
2026-07-31 06:11:32,625 [INFO] Processing PES2UG19CS214 (.c)...
2026-07-31 06:11:38,044 [INFO]   OK: PES2UG19CS214 [c]
2026-07-31 06:11:38,044 [INFO] Processing PES2UG19CS215 (.c)...
2026-07-31 06:11:43,573 [INFO]   OK: PES2UG19CS215 [c]
2026-07-31 06:11:43,574 [INFO] Processing PES2UG19CS216 (.c)...
2026-07-31 06:11:49,029 [INFO]   OK: PES2UG19CS216 [c]
2026-07-31 06:11:49,029 [INFO] Processing PES2UG19CS217 (.c)...
2026-07-31 06:13:58,371 [INFO]   OK: PES2UG19CS217 [c]
2026-07-31 06:13:58,372 [INFO] Processing PES2UG19CS217 (.c)...
2026-07-31 06:12:00,074 [INFO]   OK: PES2UG19CS217 [c]
2026-07-31 06:12:00,074 [INFO] Processing PES2UG19CS219 (.c)...
2026-07-31 06:12:05,760 [INFO]   OK: PES2UG19CS219 [c]
2026-07-31 06:12:05,761 [INFO] Processing PES2UG19CS220 (.c)...
2026-07-31 06:12:12,034 [INFO]   OK: PES2UG19CS220 [c]
2026-07-31 06:12:12,034 [INFO] Processing PES2UG19CS222 (.c)...
2026-07-31 06:12:16,627 [INFO]   OK: PES2UG19CS222 [c]
2026-07-31 06:12:16,628 [INFO] Processing PES2UG19CS224 (.c)...
2026-07-31 06:12:21,407 [INFO]   OK: PES2UG19CS224 [c]
2026-07-31 06:12:21,407 [INFO] Processing PES2UG19CS225 (.c)...
2026-07-31 06:12:26,275 [INFO]   OK: PES2UG19CS225 [c]
2026-07-31 06:12:26,275 [INFO] Processing PES2UG19CS227 (.c)...
2026-07-31 06:12:32,235 [INFO]   OK: PES2UG19CS227 [c]
2026-07-31 06:12:32,236 [INFO] Processing PES2UG19CS228 (.c)...
2026-07-31 06:12:37,674 [INFO]   OK: PES2UG19CS228 [c]
2026-07-31 06:12:37,675 [INFO] Processing PES2UG19CS229 (.c)...
2026-07-31 06:12:42,930 [INFO]   OK: PES2UG19CS229 [c]
2026-07-31 06:12:42,930 [INFO] Processing PES2UG19CS230 (.c)...
2026-07-31 06:12:48,135 [INFO]   OK: PES2UG19CS230 [c]
2026-07-31 06:12:48,136 [INFO] Processing PES2UG19CS233 (.c)...
2026-07-31 06:12:53,135 [INFO]   OK: PES2UG19CS233 [c]
2026-07-31 06:12:53,136 [INFO] Processing PES2UG19CS235 (.c)...
2026-07-31 06:12:57,910 [INFO]   OK: PES2UG19CS235 [c]
2026-07-31 06:12:57,910 [INFO] Processing PES2UG19CS238 (.C)...
2026-07-31 06:13:02,565 [INFO]   OK: PES2UG19CS238 [c]
2026-07-31 06:13:02,566 [INFO] Processing PES2UG19CS239 (.c)...
2026-07-31 06:13:07,300 [INFO]   OK: PES2UG19CS239 [c]
2026-07-31 06:13:07,300 [INFO] Processing PES2UG19CS243 (.c)...
2026-07-31 06:13:12,714 [INFO]   OK: PES2UG19CS243 [c]
2026-07-31 06:13:12,715 [INFO] Processing PES2UG19CS243 (.c)...
2026-07-31 06:13:17,726 [INFO]   OK: PES2UG19CS243 [c]
2026-07-31 06:13:17,727 [INFO] Processing PES2UG19CS243 (.c)...
2026-07-31 06:13:22,689 [INFO]   OK: PES2UG19CS243 [c]
2026-07-31 06:13:22,690 [INFO] Processing PES2UG19CS244 (.c)...
2026-07-31 06:13:27,887 [INFO]   OK: PES2UG19CS244 [c]
2026-07-31 06:13:27,888 [INFO] Processing PES2UG19CS245 (.c)...
2026-07-31 06:13:33,330 [INFO]   OK: PES2UG19CS245 [c]
2026-07-31 06:13:33,330 [INFO] Processing PES2UG19CS246 (.c)...
2026-07-31 06:13:38,979 [INFO]   OK: PES2UG19CS246 [c]
2026-07-31 06:13:38,980 [INFO] Processing PES2UG19CS247 (.c)...
2026-07-31 06:13:43,716 [INFO]   OK: PES2UG19CS247 [c]
2026-07-31 06:13:43,716 [INFO] Processing PES2UG19CS251 (.c)...
2026-07-31 06:13:49,252 [INFO]   OK: PES2UG19CS251 [c]
2026-07-31 06:13:49,252 [INFO] Processing PES2UG19CS252 (.c)...
2026-07-31 06:13:54,700 [INFO]   OK: PES2UG19CS252 [c]
2026-07-31 06:13:54,700 [INFO] Processing PES2UG19CS253 (.c)...
2026-07-31 06:13:59,097 [INFO]   OK: PES2UG19CS253 [c]
2026-07-31 06:13:59,097 [INFO] Processing PES2UG19CS254 (.c)...
2026-07-31 06:14:04,596 [INFO]   OK: PES2UG19CS254 [c]
2026-07-31 06:14:04,597 [INFO] Processing PES2UG19CS255 (.c)...
2026-07-31 06:14:09,519 [INFO]   OK: PES2UG19CS255 [c]
2026-07-31 06:14:09,520 [INFO] Processing PES2UG19CS256 (.c)...
2026-07-31 06:14:14,514 [INFO]   OK: PES2UG19CS256 [c]
2026-07-31 06:14:14,514 [INFO] Processing PES2UG19CS257 (.c)...
2026-07-31 06:14:19,593 [INFO]   OK: PES2UG19CS257 [c]
2026-07-31 06:14:19,593 [INFO] Processing PES2UG19CS258 (.c)...
2026-07-31 06:14:24,483 [INFO]   OK: PES2UG19CS258 [c]
2026-07-31 06:14:24,484 [INFO] Processing PES2UG19CS261 (.c)...
2026-07-31 06:14:30,001 [INFO]   OK: PES2UG19CS261 [c]
2026-07-31 06:14:30,002 [INFO] Processing PES2UG19CS262 (.c)...
2026-07-31 06:14:35,534 [INFO]   OK: PES2UG19CS262 [c]
2026-07-31 06:14:35,535 [INFO] Processing PES2UG19CS262 (.c)...
2026-07-31 06:14:41,127 [INFO]   OK: PES2UG19CS262 [c]
2026-07-31 06:14:41,128 [INFO] Processing PES2UG19CS263 (.c)...
2026-07-31 06:14:46,520 [INFO]   OK: PES2UG19CS263 [c]
2026-07-31 06:14:46,521 [INFO] Processing PES2UG19CS471 (.c)...
2026-07-31 06:14:52,058 [INFO]   OK: PES2UG19CS471 [c]
2026-07-31 06:14:52,059 [INFO] Processing PES2UG19CS265 (.c)...
2026-07-31 06:14:57,633 [INFO]   OK: PES2UG19CS265 [c]
2026-07-31 06:14:57,633 [INFO] Processing PES2UG19CS266 (.c)...
2026-07-31 06:15:02,858 [INFO]   OK: PES2UG19CS266 [c]
2026-07-31 06:15:02,858 [INFO] Processing PES2UG19CS267 (.c)...
2026-07-31 06:15:07,848 [INFO]   OK: PES2UG19CS267 [c]
2026-07-31 06:15:07,849 [INFO] Processing PES2UG19CS269 (.c)...
2026-07-31 06:15:13,507 [INFO]   OK: PES2UG19CS269 [c]
2026-07-31 06:15:13,507 [INFO] Processing PES2UG19CS270 (.c)...
2026-07-31 06:15:18,690 [INFO]   OK: PES2UG19CS270 [c]
2026-07-31 06:15:18,692 [INFO] Processing PES2UG19CS271 (.c)...
2026-07-31 06:15:24,082 [INFO]   OK: PES2UG19CS271 [c]
2026-07-31 06:15:24,082 [INFO] Processing PES2UG19CS274 (.c)...
2026-07-31 06:15:29,408 [INFO]   OK: PES2UG19CS274 [c]
2026-07-31 06:15:29,408 [INFO] Processing PES2UG19CS275 (.c)...
2026-07-31 06:15:34,615 [INFO]   OK: PES2UG19CS275 [c]
2026-07-31 06:15:34,615 [INFO] Processing PES2UG19CS276 (.c)...
2026-07-31 06:15:39,601 [INFO]   OK: PES2UG19CS276 [c]
2026-07-31 06:15:39,602 [INFO] Processing PES2UG19CS277 (.c)...
2026-07-31 06:15:44,996 [INFO]   OK: PES2UG19CS277 [c]
2026-07-31 06:15:44,996 [INFO] Processing PES2UG19CS279 (.c)...
2026-07-31 06:17:53,856 [INFO]   OK: PES2UG19CS279 [c]
2026-07-31 06:17:53,857 [INFO] Processing PES2UG19CS279 (.c)...
2026-07-31 06:15:54,956 [INFO]   OK: PES2UG19CS279 [c]
2026-07-31 06:15:54,956 [INFO] Processing PES2UG19CS280 (.c)...
2026-07-31 06:15:59,464 [INFO]   OK: PES2UG19CS280 [c]
2026-07-31 06:15:59,464 [INFO] Processing PES2UG19CS280 (.c)...
2026-07-31 06:16:04,098 [INFO]   OK: PES2UG19CS280 [c]
2026-07-31 06:16:04,099 [INFO] Processing PES2UG19CS281 (.c)...
2026-07-31 06:16:09,760 [INFO]   OK: PES2UG19CS281 [c]
2026-07-31 06:16:09,760 [INFO] Processing PES2UG19CS282 (.c)...
2026-07-31 06:16:14,400 [INFO]   OK: PES2UG19CS282 [c]
2026-07-31 06:16:14,400 [INFO] Processing PES2UG19CS284 (.c)...
2026-07-31 06:16:19,135 [INFO]   OK: PES2UG19CS284 [c]
2026-07-31 06:16:19,135 [INFO] Processing PES2UG19CS285 (.c)...
2026-07-31 06:16:24,651 [INFO]   OK: PES2UG19CS285 [c]
2026-07-31 06:16:24,652 [INFO] Processing PES2UG19CS285 (.c)...
2026-07-31 06:16:29,805 [INFO]   OK: PES2UG19CS285 [c]
2026-07-31 06:16:29,805 [INFO] Processing PES2UG19CS286 (.c)...
2026-07-31 06:16:35,487 [INFO]   OK: PES2UG19CS286 [c]
2026-07-31 06:16:35,487 [INFO] Processing PES2UG19CS289 (.c)...
2026-07-31 06:16:40,680 [INFO]   OK: PES2UG19CS289 [c]
2026-07-31 06:16:40,680 [WARNING]   IGNORED (not a recognized source file): E_PES2UG19CS291_Week4 - Pratheek Hebbar.txt
2026-07-31 06:16:40,681 [INFO] Processing PES2UG19CS292 (.c)...
2026-07-31 06:16:46,137 [INFO]   OK: PES2UG19CS292 [c]
2026-07-31 06:16:46,138 [INFO] Processing PES2UG19CS293 (.c)...
2026-07-31 06:16:51,161 [INFO]   OK: PES2UG19CS293 [c]
2026-07-31 06:16:51,162 [INFO] Processing PES2UG19CS294 (.c)...
2026-07-31 06:16:56,802 [INFO]   OK: PES2UG19CS294 [c]
2026-07-31 06:16:56,802 [INFO] Processing PES2UG19CS295 (.c)...
2026-07-31 06:17:02,019 [INFO]   OK: PES2UG19CS295 [c]
2026-07-31 06:17:02,019 [INFO] Processing PES2UG19CS296 (.c)...
2026-07-31 06:17:07,117 [INFO]   OK: PES2UG19CS296 [c]
2026-07-31 06:17:07,118 [INFO] Processing PES2UG19CS297 (.c)...
2026-07-31 06:17:12,662 [INFO]   OK: PES2UG19CS297 [c]
2026-07-31 06:17:12,662 [INFO] Processing PES2UG19CS298 (.c)...
2026-07-31 06:17:18,476 [INFO]   OK: PES2UG19CS298 [c]
2026-07-31 06:17:18,476 [INFO] Processing PES2UG19CS299 (.c)...
2026-07-31 06:17:24,119 [INFO]   OK: PES2UG19CS299 [c]
2026-07-31 06:17:24,119 [INFO] Processing PES2UG19CS299 (.c)...
2026-07-31 06:17:29,291 [INFO]   OK: PES2UG19CS299 [c]
2026-07-31 06:17:29,291 [INFO] Processing PES2UG19CS300 (.c)...
2026-07-31 06:17:34,318 [INFO]   OK: PES2UG19CS300 [c]
2026-07-31 06:17:34,318 [INFO] Processing PES2UG19CS301 (.c)...
2026-07-31 06:17:39,983 [INFO]   OK: PES2UG19CS301 [c]
2026-07-31 06:17:39,983 [INFO] Processing PES2UG19CS305 (.c)...
2026-07-31 06:17:45,709 [INFO]   OK: PES2UG19CS305 [c]
2026-07-31 06:17:45,710 [INFO] Processing PES2UG19CS307 (.c)...
2026-07-31 06:17:51,003 [INFO]   OK: PES2UG19CS307 [c]
2026-07-31 06:17:51,003 [INFO] Processing PES2UG19CS308 (.c)...
2026-07-31 06:17:57,143 [INFO]   OK: PES2UG19CS308 [c]
2026-07-31 06:17:57,144 [INFO] Processing PES2UG19CS309 (.c)...
2026-07-31 06:18:02,899 [INFO]   OK: PES2UG19CS309 [c]
2026-07-31 06:18:02,900 [INFO] Processing PES2UG19CS310 (.c)...
2026-07-31 06:18:08,219 [INFO]   OK: PES2UG19CS310 [c]
2026-07-31 06:18:08,219 [INFO] Processing PES2UG19CS310 (.c)...
2026-07-31 06:20:17,415 [INFO]   OK: PES2UG19CS310 [c]
2026-07-31 06:20:17,415 [INFO] Processing PES2UG19CS311 (.c)...
2026-07-31 06:20:22,831 [INFO]   OK: PES2UG19CS311 [c]
2026-07-31 06:20:22,832 [INFO] Processing PES2UG19CS312 (.c)...
2026-07-31 06:20:28,305 [INFO]   OK: PES2UG19CS312 [c]
2026-07-31 06:20:28,306 [INFO] Processing PES2UG19CS313 (.c)...
2026-07-31 06:20:33,635 [INFO]   OK: PES2UG19CS313 [c]
2026-07-31 06:20:33,636 [INFO] Processing PES2UG19CS314 (.c)...
2026-07-31 06:20:38,283 [INFO]   OK: PES2UG19CS314 [c]
2026-07-31 06:20:38,284 [INFO] Processing PES2UG19CS315 (.c)...
2026-07-31 06:20:43,515 [INFO]   OK: PES2UG19CS315 [c]
2026-07-31 06:20:43,516 [INFO] Processing PES2UG19CS316 (.c)...
2026-07-31 06:20:48,693 [INFO]   OK: PES2UG19CS316 [c]
2026-07-31 06:20:48,693 [INFO] Processing PES2UG19CS317 (.c)...
2026-07-31 06:18:50,639 [INFO]   OK: PES2UG19CS317 [c]
2026-07-31 06:18:50,639 [INFO] Processing PES2UG19CS317 (.c)...
2026-07-31 06:18:56,446 [INFO]   OK: PES2UG19CS317 [c]
2026-07-31 06:18:56,447 [INFO] Processing PES2UG19CS317 (.c)...
2026-07-31 06:19:01,400 [INFO]   OK: PES2UG19CS317 [c]
2026-07-31 06:19:01,401 [INFO] Processing PES2UG19CS318 (.c)...
2026-07-31 06:19:06,606 [INFO]   OK: PES2UG19CS318 [c]
2026-07-31 06:19:06,607 [INFO] Processing PES2UG19CS319 (.c)...
2026-07-31 06:19:11,951 [INFO]   OK: PES2UG19CS319 [c]
2026-07-31 06:19:11,952 [INFO] Processing PES2UG19CS322 (.c)...
2026-07-31 06:19:17,664 [INFO]   OK: PES2UG19CS322 [c]
2026-07-31 06:19:17,665 [INFO] Processing PES2UG19CS323 (.c)...
2026-07-31 06:19:22,900 [INFO]   OK: PES2UG19CS323 [c]
2026-07-31 06:19:22,901 [INFO] Processing PES2UG19CS324 (.c)...
2026-07-31 06:19:28,846 [INFO]   OK: PES2UG19CS324 [c]
2026-07-31 06:19:28,847 [INFO] Processing PES2UG19CS325 (.c)...
2026-07-31 06:19:34,342 [INFO]   OK: PES2UG19CS325 [c]
2026-07-31 06:19:34,342 [INFO] Processing PES2UG19CS327 (.c)...
2026-07-31 06:19:39,572 [INFO]   OK: PES2UG19CS327 [c]
2026-07-31 06:19:39,573 [INFO] Processing PES2UG19CS329 (.c)...
2026-07-31 06:19:44,728 [INFO]   OK: PES2UG19CS329 [c]
2026-07-31 06:19:44,728 [INFO] Processing PES2UG19CS331 (.c)...
2026-07-31 06:19:49,839 [INFO]   OK: PES2UG19CS331 [c]
2026-07-31 06:19:49,839 [INFO] Processing PES2UG19CS333 (.c)...
2026-07-31 06:19:54,828 [INFO]   OK: PES2UG19CS333 [c]
2026-07-31 06:19:54,828 [INFO] Processing F_PES2201900391_Week4__Blazing_Bacon (.c)...
2026-07-31 06:22:03,542 [INFO]   OK: F_PES2201900391_Week4__Blazing_Bacon [c]
2026-07-31 06:22:03,542 [INFO] Processing PES2UG19CS335 (.c)...
2026-07-31 06:22:08,510 [INFO]   OK: PES2UG19CS335 [c]
2026-07-31 06:22:08,511 [INFO] Processing PES2UG19CS335 (.c)...
2026-07-31 06:22:14,388 [INFO]   OK: PES2UG19CS335 [c]
2026-07-31 06:22:14,388 [INFO] Processing PES2UG19CS336 (.c)...
2026-07-31 06:20:16,065 [INFO]   OK: PES2UG19CS336 [c]
2026-07-31 06:20:16,066 [INFO] Processing PES2UG19CS337 (.c)...
2026-07-31 06:20:21,560 [INFO]   OK: PES2UG19CS337 [c]
2026-07-31 06:20:21,561 [INFO] Processing PES2UG19CS339 (.c)...
2026-07-31 06:20:27,033 [INFO]   OK: PES2UG19CS339 [c]
2026-07-31 06:20:27,034 [INFO] Processing PES2UG19CS340 (.c)...
2026-07-31 06:20:32,116 [INFO]   OK: PES2UG19CS340 [c]
2026-07-31 06:20:32,116 [INFO] Processing PES2UG19CS341 (.c)...
2026-07-31 06:20:36,966 [INFO]   OK: PES2UG19CS341 [c]
2026-07-31 06:20:36,967 [INFO] Processing PES2UG19CS342 (.c)...
2026-07-31 06:20:42,147 [INFO]   OK: PES2UG19CS342 [c]
2026-07-31 06:20:42,147 [INFO] Processing PES2UG19CS343 (.c)...
2026-07-31 06:20:47,431 [INFO]   OK: PES2UG19CS343 [c]
2026-07-31 06:20:47,432 [INFO] Processing PES2UG19CS344 (.c)...
2026-07-31 06:20:52,712 [INFO]   OK: PES2UG19CS344 [c]
2026-07-31 06:20:52,713 [INFO] Processing PES2UG19CS345 (.c)...
2026-07-31 06:20:57,713 [INFO]   OK: PES2UG19CS345 [c]
2026-07-31 06:20:57,713 [INFO] Processing PES2UG19CS346 (.c)...
2026-07-31 06:21:02,797 [INFO]   OK: PES2UG19CS346 [c]
2026-07-31 06:21:02,798 [INFO] Processing PES2UG19CS347 (.c)...
2026-07-31 06:21:08,126 [INFO]   OK: PES2UG19CS347 [c]
2026-07-31 06:21:08,126 [INFO] Processing PES2UG19CS347 (.c)...
2026-07-31 06:21:14,055 [INFO]   OK: PES2UG19CS347 [c]
2026-07-31 06:21:14,056 [INFO] Processing PES2UG19CS348 (.c)...
2026-07-31 06:21:19,654 [INFO]   OK: PES2UG19CS348 [c]
2026-07-31 06:21:19,654 [INFO] Processing PES2UG19CS349 (.c)...
2026-07-31 06:21:24,301 [INFO]   OK: PES2UG19CS349 [c]
2026-07-31 06:21:24,301 [INFO] Processing PES2UG19CS351 (.c)...
2026-07-31 06:21:29,918 [INFO]   OK: PES2UG19CS351 [c]
2026-07-31 06:21:29,918 [INFO] Processing PES2UG19CS352 (.c)...
2026-07-31 06:21:34,845 [INFO]   OK: PES2UG19CS352 [c]
2026-07-31 06:21:34,846 [INFO] Processing PES2UG19CS353 (.c)...
2026-07-31 06:21:40,452 [INFO]   OK: PES2UG19CS353 [c]
2026-07-31 06:21:40,453 [INFO] Processing PES2UG19CS354 (.c)...
2026-07-31 06:23:49,467 [INFO]   OK: PES2UG19CS354 [c]
2026-07-31 06:23:49,467 [INFO] Processing PES2UG19CS356 (.c)...
2026-07-31 06:21:51,670 [INFO]   OK: PES2UG19CS356 [c]
2026-07-31 06:21:51,671 [INFO] Processing PES2UG19CS357 (.c)...
2026-07-31 06:21:56,805 [INFO]   OK: PES2UG19CS357 [c]
2026-07-31 06:21:56,805 [INFO] Processing PES2UG19CS358 (.c)...
2026-07-31 06:22:01,802 [INFO]   OK: PES2UG19CS358 [c]
2026-07-31 06:22:01,803 [INFO] Processing PES2UG19CS359 (.c)...
2026-07-31 06:22:07,475 [INFO]   OK: PES2UG19CS359 [c]
2026-07-31 06:22:07,475 [INFO] Processing PES2UG19CS360 (.c)...
2026-07-31 06:22:12,741 [INFO]   OK: PES2UG19CS360 [c]
2026-07-31 06:22:12,742 [INFO] Processing PES2UG19CS361 (.c)...
2026-07-31 06:22:18,167 [INFO]   OK: PES2UG19CS361 [c]
2026-07-31 06:22:18,167 [INFO] Processing PES2UG19CS363 (.c)...
2026-07-31 06:22:23,299 [INFO]   OK: PES2UG19CS363 [c]
2026-07-31 06:22:23,299 [INFO] Processing PES2UG19CS364 (.c)...
2026-07-31 06:22:28,387 [INFO]   OK: PES2UG19CS364 [c]
2026-07-31 06:22:28,388 [INFO] Processing PES2UG19CS365 (.c)...
2026-07-31 06:22:33,838 [INFO]   OK: PES2UG19CS365 [c]
2026-07-31 06:22:33,838 [INFO] Processing PES2UG19CS366 (.c)...
2026-07-31 06:22:38,650 [INFO]   OK: PES2UG19CS366 [c]
2026-07-31 06:22:38,650 [INFO] Processing PES2UG19CS369 (.c)...
2026-07-31 06:22:44,068 [INFO]   OK: PES2UG19CS369 [c]
2026-07-31 06:22:44,068 [INFO] Processing PES2UG19CS370 (.c)...
2026-07-31 06:22:49,695 [INFO]   OK: PES2UG19CS370 [c]
2026-07-31 06:22:49,696 [INFO] Processing PES2UG19CS372 (.c)...
2026-07-31 06:22:55,690 [INFO]   OK: PES2UG19CS372 [c]
2026-07-31 06:22:55,690 [INFO] Processing PES2UG19CS372 (.c)...
2026-07-31 06:23:01,152 [INFO]   OK: PES2UG19CS372 [c]
2026-07-31 06:23:01,152 [INFO] Processing PES2UG19CS372 (.c)...
2026-07-31 06:23:06,173 [INFO]   OK: PES2UG19CS372 [c]
2026-07-31 06:23:06,174 [INFO] Processing PES2UG19CS373 (.c)...
2026-07-31 06:23:11,502 [INFO]   OK: PES2UG19CS373 [c]
2026-07-31 06:23:11,502 [INFO] Processing PES2UG19CS374 (.c)...
2026-07-31 06:23:16,603 [INFO]   OK: PES2UG19CS374 [c]
2026-07-31 06:23:16,603 [INFO] Processing PES2UG19CS375 (.c)...
2026-07-31 06:23:21,546 [INFO]   OK: PES2UG19CS375 [c]
2026-07-31 06:23:21,547 [INFO] Processing PES2UG19CS378 (.c)...
2026-07-31 06:23:26,720 [INFO]   OK: PES2UG19CS378 [c]
2026-07-31 06:23:26,720 [INFO] Processing PES2UG19CS379 (.c)...
2026-07-31 06:23:32,264 [INFO]   OK: PES2UG19CS379 [c]
2026-07-31 06:23:32,265 [INFO] Processing PES2UG19CS380 (.c)...
2026-07-31 06:23:37,679 [INFO]   OK: PES2UG19CS380 [c]
2026-07-31 06:23:37,679 [INFO] Processing PES2UG19CS381 (.c)...
2026-07-31 06:23:42,700 [INFO]   OK: PES2UG19CS381 [c]
2026-07-31 06:23:42,700 [INFO] Processing PES2UG19CS382 (.c)...
2026-07-31 06:23:48,250 [INFO]   OK: PES2UG19CS382 [c]
2026-07-31 06:23:48,251 [INFO] Processing PES2UG19CS383 (.c)...
2026-07-31 06:23:53,034 [INFO]   OK: PES2UG19CS383 [c]
2026-07-31 06:23:53,034 [INFO] Processing PES2UG19CS383 (.c)...
2026-07-31 06:23:57,920 [INFO]   OK: PES2UG19CS383 [c]
2026-07-31 06:23:57,920 [INFO] Processing PES2UG19CS384 (.c)...
2026-07-31 06:24:02,033 [INFO]   OK: PES2UG19CS384 [c]
2026-07-31 06:24:02,033 [INFO] Processing PES2UG19CS385 (.c)...
2026-07-31 06:24:07,711 [INFO]   OK: PES2UG19CS385 [c]
2026-07-31 06:24:07,711 [INFO] Processing PES2UG19CS387 (.c)...
2026-07-31 06:24:12,849 [INFO]   OK: PES2UG19CS387 [c]
2026-07-31 06:24:12,849 [INFO] Processing PES2UG19CS388 (.c)...
2026-07-31 06:24:18,439 [INFO]   OK: PES2UG19CS388 [c]
2026-07-31 06:24:18,439 [INFO] Processing PES2UG19CS389 (.c)...
2026-07-31 06:24:23,904 [INFO]   OK: PES2UG19CS389 [c]
2026-07-31 06:24:23,904 [INFO] Processing PES2UG19CS390 (.c)...
2026-07-31 06:24:29,342 [INFO]   OK: PES2UG19CS390 [c]
2026-07-31 06:24:29,342 [INFO] Processing PES2UG19CS392 (.c)...
2026-07-31 06:24:35,267 [INFO]   OK: PES2UG19CS392 [c]
2026-07-31 06:24:35,267 [INFO] Processing PES2UG19CS392 (.c)...
2026-07-31 06:24:40,612 [INFO]   OK: PES2UG19CS392 [c]
2026-07-31 06:24:40,613 [INFO] Processing PES2UG19CS392 (.c)...
2026-07-31 06:24:45,891 [INFO]   OK: PES2UG19CS392 [c]
2026-07-31 06:24:45,891 [INFO] Processing PES2UG19CS393 (.c)...
2026-07-31 06:26:54,823 [INFO]   OK: PES2UG19CS393 [c]
2026-07-31 06:26:54,824 [INFO] Processing PES2UG19CS393 (.c)...
2026-07-31 06:24:56,494 [INFO]   OK: PES2UG19CS393 [c]
2026-07-31 06:24:56,494 [INFO] Processing PES2UG19CS395 (.c)...
2026-07-31 06:25:02,135 [INFO]   OK: PES2UG19CS395 [c]
2026-07-31 06:25:02,135 [INFO] Processing PES2UG19CS396 (.c)...
2026-07-31 06:25:07,541 [INFO]   OK: PES2UG19CS396 [c]
2026-07-31 06:25:07,541 [INFO] Processing PES2UG19CS397 (.c)...
2026-07-31 06:25:12,844 [INFO]   OK: PES2UG19CS397 [c]
2026-07-31 06:25:12,844 [INFO] Processing PES2UG19CS398 (.c)...
2026-07-31 06:25:18,973 [INFO]   OK: PES2UG19CS398 [c]
2026-07-31 06:25:18,973 [INFO] Processing PES2UG19CS399 (.c)...
2026-07-31 06:25:23,984 [INFO]   OK: PES2UG19CS399 [c]
2026-07-31 06:25:23,984 [INFO] Processing PES2UG19CS400 (.c)...
2026-07-31 06:25:29,526 [INFO]   OK: PES2UG19CS400 [c]
2026-07-31 06:25:29,527 [WARNING]   IGNORED (not a recognized source file): F_PES2UG19CS401_WEEK4 - Soumya Hegde.zip
2026-07-31 06:25:29,527 [INFO] Processing PES2UG19CS401 (.c)...
2026-07-31 06:25:35,325 [INFO]   OK: PES2UG19CS401 [c]
2026-07-31 06:25:35,326 [INFO] Processing PES2UG19CS402 (.c)...
2026-07-31 06:25:41,343 [INFO]   OK: PES2UG19CS402 [c]
2026-07-31 06:25:41,343 [INFO] Processing PES2UG19CS470 (.c)...
2026-07-31 06:25:47,171 [INFO]   OK: PES2UG19CS470 [c]
2026-07-31 06:25:47,172 [INFO] Processing PES2UG19CS463 (.c)...
2026-07-31 06:25:52,788 [INFO]   OK: PES2UG19CS463 [c]
2026-07-31 06:25:52,788 [INFO] Processing PES2UG19CS463 (.c)...
2026-07-31 06:25:58,023 [INFO]   OK: PES2UG19CS463 [c]
2026-07-31 06:25:58,023 [INFO] Processing G_PES2201800143_week4__Kurnool_Anirudh (.c)...
2026-07-31 06:26:03,606 [INFO]   OK: G_PES2201800143_week4__Kurnool_Anirudh [c]
2026-07-31 06:26:03,606 [INFO] Processing PES2UG19CS403 (.c)...
2026-07-31 06:26:09,195 [INFO]   OK: PES2UG19CS403 [c]
2026-07-31 06:26:09,195 [INFO] Processing PES2UG19CS404 (.c)...
2026-07-31 06:26:14,287 [INFO]   OK: PES2UG19CS404 [c]
2026-07-31 06:26:14,288 [INFO] Processing PES2UG19CS406 (.c)...
2026-07-31 06:26:19,361 [INFO]   OK: PES2UG19CS406 [c]
2026-07-31 06:26:19,362 [INFO] Processing PES2UG19CS407 (.c)...
2026-07-31 06:26:24,812 [INFO]   OK: PES2UG19CS407 [c]
2026-07-31 06:26:24,812 [INFO] Processing PES2UG19CS408 (.c)...
2026-07-31 06:26:30,325 [INFO]   OK: PES2UG19CS408 [c]
2026-07-31 06:26:30,325 [INFO] Processing PES2UG19CS410 (.c)...
2026-07-31 06:26:35,329 [INFO]   OK: PES2UG19CS410 [c]
2026-07-31 06:26:35,330 [INFO] Processing PES2UG19CS411 (.c)...
2026-07-31 06:26:40,896 [INFO]   OK: PES2UG19CS411 [c]
2026-07-31 06:26:40,896 [INFO] Processing PES2UG19CS412 (.c)...
2026-07-31 06:26:45,937 [INFO]   OK: PES2UG19CS412 [c]
2026-07-31 06:26:45,938 [INFO] Processing PES2UG19CS413 (.c)...
2026-07-31 06:26:51,501 [INFO]   OK: PES2UG19CS413 [c]
2026-07-31 06:26:51,501 [INFO] Processing PES2UG19CS414 (.c)...
2026-07-31 06:26:56,953 [INFO]   OK: PES2UG19CS414 [c]
2026-07-31 06:26:56,953 [INFO] Processing PES2UG19CS416 (.c)...
2026-07-31 06:27:02,187 [INFO]   OK: PES2UG19CS416 [c]
2026-07-31 06:27:02,187 [INFO] Processing PES2UG19CS417 (.c)...
2026-07-31 06:27:07,579 [INFO]   OK: PES2UG19CS417 [c]
2026-07-31 06:27:07,580 [INFO] Processing PES2UG19CS418 (.c)...
2026-07-31 06:27:12,594 [INFO]   OK: PES2UG19CS418 [c]
2026-07-31 06:27:12,595 [INFO] Processing PES2UG19CS420 (.c)...
2026-07-31 06:27:18,780 [INFO]   OK: PES2UG19CS420 [c]
2026-07-31 06:27:18,781 [INFO] Processing PES2UG19CS420 (.c)...
2026-07-31 06:27:23,884 [INFO]   OK: PES2UG19CS420 [c]
2026-07-31 06:27:23,885 [INFO] Processing PES2UG19CS421 (.c)...
2026-07-31 06:27:29,309 [INFO]   OK: PES2UG19CS421 [c]
2026-07-31 06:27:29,310 [INFO] Processing PES2UG19CS421 (.c)...
2026-07-31 06:27:35,091 [INFO]   OK: PES2UG19CS421 [c]
2026-07-31 06:27:35,092 [INFO] Processing PES2UG19CS422 (.c)...
2026-07-31 06:27:40,252 [INFO]   OK: PES2UG19CS422 [c]
2026-07-31 06:27:40,252 [INFO] Processing PES2UG19CS422 (.c)...
2026-07-31 06:27:45,768 [INFO]   OK: PES2UG19CS422 [c]
2026-07-31 06:27:45,769 [INFO] Processing PES2UG19CS423 (.c)...
2026-07-31 06:27:51,024 [INFO]   OK: PES2UG19CS423 [c]
2026-07-31 06:27:51,025 [INFO] Processing PES2UG19CS424 (.C)...
2026-07-31 06:27:55,809 [INFO]   OK: PES2UG19CS424 [c]
2026-07-31 06:27:55,810 [WARNING]   IGNORED (not a recognized source file): G_PES2UG19CS424_Week4 - Syed Mohammad Hussain.pdf
2026-07-31 06:27:55,810 [INFO] Processing PES2UG19CS425 (.c)...
2026-07-31 06:30:05,169 [INFO]   OK: PES2UG19CS425 [c]
2026-07-31 06:30:05,170 [INFO] Processing PES2UG19CS427 (.c)...
2026-07-31 06:28:06,942 [INFO]   OK: PES2UG19CS427 [c]
2026-07-31 06:28:06,943 [INFO] Processing PES2UG19CS428 (.c)...
2026-07-31 06:28:12,354 [INFO]   OK: PES2UG19CS428 [c]
2026-07-31 06:28:12,355 [INFO] Processing PES2UG19CS429 (.c)...
2026-07-31 06:28:17,436 [INFO]   OK: PES2UG19CS429 [c]
2026-07-31 06:28:17,436 [INFO] Processing PES2UG19CS431 (.c)...
2026-07-31 06:28:22,682 [INFO]   OK: PES2UG19CS431 [c]
2026-07-31 06:28:22,683 [INFO] Processing PES2UG19CS432 (.c)...
2026-07-31 06:28:27,894 [INFO]   OK: PES2UG19CS432 [c]
2026-07-31 06:28:27,895 [INFO] Processing PES2UG19CS433 (.c)...
2026-07-31 06:28:33,221 [INFO]   OK: PES2UG19CS433 [c]
2026-07-31 06:28:33,221 [INFO] Processing PES2UG19CS434 (.c)...
2026-07-31 06:28:38,099 [INFO]   OK: PES2UG19CS434 [c]
2026-07-31 06:28:38,099 [INFO] Processing PES2UG19CS435 (.c)...
2026-07-31 06:28:42,573 [INFO]   OK: PES2UG19CS435 [c]
2026-07-31 06:28:42,574 [INFO] Processing PES2UG19CS436 (.c)...
2026-07-31 06:28:48,127 [INFO]   OK: PES2UG19CS436 [c]
2026-07-31 06:28:48,127 [INFO] Processing PES2UG19CS436 (.c)...
2026-07-31 06:28:53,918 [INFO]   OK: PES2UG19CS436 [c]
2026-07-31 06:28:53,919 [INFO] Processing PES2UG19CS436 (.c)...
2026-07-31 06:28:58,587 [INFO]   OK: PES2UG19CS436 [c]
2026-07-31 06:28:58,587 [INFO] Processing PES2UG19CS437 (.c)...
2026-07-31 06:29:04,623 [INFO]   OK: PES2UG19CS437 [c]
2026-07-31 06:29:04,624 [INFO] Processing PES2UG19CS438 (.c)...
2026-07-31 06:29:09,449 [INFO]   OK: PES2UG19CS438 [c]
2026-07-31 06:29:09,449 [INFO] Processing PES2UG19CS439 (.c)...
2026-07-31 06:29:14,895 [INFO]   OK: PES2UG19CS439 [c]
2026-07-31 06:29:14,895 [INFO] Processing PES2UG19CS441 (.c)...
2026-07-31 06:29:19,387 [INFO]   OK: PES2UG19CS441 [c]
2026-07-31 06:29:19,387 [INFO] Processing PES2UG19CS442 (.c)...
2026-07-31 06:29:24,797 [INFO]   OK: PES2UG19CS442 [c]
2026-07-31 06:29:24,798 [INFO] Processing PES2UG19CS443 (.c)...
2026-07-31 06:29:29,761 [INFO]   OK: PES2UG19CS443 [c]
2026-07-31 06:29:29,762 [INFO] Processing PES2UG19CS444 (.c)...
2026-07-31 06:29:35,217 [INFO]   OK: PES2UG19CS444 [c]
2026-07-31 06:29:35,218 [WARNING]   IGNORED (not a recognized source file): G_PES2UG19CS446_WEEK4 - Vanga Bala Nava Sai Sri Nithya Reddy
2026-07-31 06:29:35,218 [INFO] Processing PES2UG19CS448 (.c)...
2026-07-31 06:29:40,200 [INFO]   OK: PES2UG19CS448 [c]
2026-07-31 06:29:40,201 [INFO] Processing PES2UG19CS448 (.c)...
2026-07-31 06:29:45,281 [INFO]   OK: PES2UG19CS448 [c]
2026-07-31 06:29:45,282 [INFO] Processing PES2UG19CS449 (.c)...
2026-07-31 06:29:50,817 [INFO]   OK: PES2UG19CS449 [c]
2026-07-31 06:29:50,817 [INFO] Processing PES2UG19CS449 (.c)...
2026-07-31 06:29:56,828 [INFO]   OK: PES2UG19CS449 [c]
2026-07-31 06:29:56,829 [INFO] Processing PES2UG19CS450 (.c)...
2026-07-31 06:30:01,650 [INFO]   OK: PES2UG19CS450 [c]
2026-07-31 06:30:01,650 [INFO] Processing PES2UG19CS451 (.c)...
2026-07-31 06:30:06,199 [INFO]   OK: PES2UG19CS451 [c]
2026-07-31 06:30:06,200 [INFO] Processing PES2UG19CS453 (.c)...
2026-07-31 06:32:15,298 [INFO]   OK: PES2UG19CS453 [c]
2026-07-31 06:32:15,298 [INFO] Processing PES2UG19CS454 (.c)...
2026-07-31 06:32:20,333 [INFO]   OK: PES2UG19CS454 [c]
2026-07-31 06:32:20,334 [INFO] Processing PES2UG19CS455 (.c)...
2026-07-31 06:30:22,220 [INFO]   OK: PES2UG19CS455 [c]
2026-07-31 06:30:22,220 [INFO] Processing PES2UG19CS456 (.C)...
2026-07-31 06:30:26,369 [INFO]   OK: PES2UG19CS456 [c]
2026-07-31 06:30:26,369 [INFO] Processing PES2UG19CS457 (.c)...
2026-07-31 06:32:35,399 [INFO]   OK: PES2UG19CS457 [c]
2026-07-31 06:32:35,399 [INFO] Processing PES2UG19CS459 (.c)...
2026-07-31 06:32:40,284 [INFO]   OK: PES2UG19CS459 [c]
2026-07-31 06:32:40,284 [INFO] Processing PES2UG19CS460 (.c)...
2026-07-31 06:30:41,430 [INFO]   OK: PES2UG19CS460 [c]
2026-07-31 06:30:41,430 [INFO] Processing PES2UG19CS462 (.c)...
2026-07-31 06:30:46,322 [INFO]   OK: PES2UG19CS462 [c]
2026-07-31 06:30:46,323 [INFO] Processing PES2UG19CS464 (.c)...
2026-07-31 06:32:55,430 [INFO]   OK: PES2UG19CS464 [c]
2026-07-31 06:32:55,431 [INFO] Processing PES2UG19CS465 (.c)...
2026-07-31 06:30:57,107 [INFO]   OK: PES2UG19CS465 [c]
2026-07-31 06:30:57,108 [INFO] Processing PES2UG19CS467 (.c)...
2026-07-31 06:31:02,612 [INFO]   OK: PES2UG19CS467 [c]
2026-07-31 06:31:02,612 [INFO] Processing PES2UG19CS902 (.c)...
2026-07-31 06:31:07,651 [INFO]   OK: PES2UG19CS902 [c]
2026-07-31 06:31:07,652 [INFO] Processing PES2UG19CS903 (.c)...
2026-07-31 06:31:13,299 [INFO]   OK: PES2UG19CS903 [c]
2026-07-31 06:31:13,300 [INFO] Processing PES2UG19CS904 (.c)...
2026-07-31 06:31:18,588 [INFO]   OK: PES2UG19CS904 [c]
2026-07-31 06:31:18,589 [INFO] Processing PES2UG19CS905 (.c)...
2026-07-31 06:31:24,417 [INFO]   OK: PES2UG19CS905 [c]
2026-07-31 06:31:24,418 [INFO] Processing PES2UG19CS908 (.c)...
2026-07-31 06:31:30,195 [INFO]   OK: PES2UG19CS908 [c]
2026-07-31 06:31:30,195 [INFO] Processing PES2UG19CS908 (.c)...
2026-07-31 06:31:35,398 [INFO]   OK: PES2UG19CS908 [c]
2026-07-31 06:31:35,399 [INFO] Processing PES2UG19CS910 (.c)...
2026-07-31 06:31:40,875 [INFO]   OK: PES2UG19CS910 [c]
2026-07-31 06:31:40,875 [INFO] Processing G_PES2UG19S445_WEEK4__karthik_vajja (.c)...
2026-07-31 06:31:45,935 [INFO]   OK: G_PES2UG19S445_WEEK4__karthik_vajja [c]
2026-07-31 06:31:45,935 [WARNING]   IGNORED (not a recognized source file): JanaviSrinivasan_PES2UG19CS158.C - Janavi Srinivasan.zip
2026-07-31 06:31:45,936 [INFO] Processing PES2UG19CS139 (.c)...
2026-07-31 06:31:51,200 [INFO]   OK: PES2UG19CS139 [c]
2026-07-31 06:31:51,200 [INFO] Processing PES2UG19CS326 (.c)...
2026-07-31 06:31:56,476 [INFO]   OK: PES2UG19CS326 [c]
2026-07-31 06:31:56,479 [INFO] Done. 389 succeeded, 0 failed, 13 non-source files ignored.
2026-07-31 06:32:03,866 [INFO] Found 359 files in /mnt/c/Users/admin/Downloads/lab_ec/lab_ec/week5/A
2026-07-31 06:32:03,867 [INFO] Processing 5a (.h)...
2026-07-31 06:32:08,619 [INFO]   OK: 5a [c]
2026-07-31 06:32:08,619 [INFO] Processing 5aimp__adithya_pranav (.c)...
2026-07-31 06:32:14,439 [INFO]   OK: 5aimp__adithya_pranav [c]
2026-07-31 06:32:14,440 [INFO] Processing 5aimp__Ashwin_SR (.c)...
2026-07-31 06:32:19,891 [INFO]   OK: 5aimp__Ashwin_SR [c]
2026-07-31 06:32:19,892 [INFO] Processing 5aimp__Bhavana_Ravishanker (.c)...
2026-07-31 06:32:24,802 [INFO]   OK: 5aimp__Bhavana_Ravishanker [c]
2026-07-31 06:32:24,803 [INFO] Processing 5aimp__Neelesh_Samptur (.c)...
2026-07-31 06:32:30,123 [INFO]   OK: 5aimp__Neelesh_Samptur [c]
2026-07-31 06:32:30,123 [INFO] Processing 5aimp__Ramit_Bathula (.c)...
2026-07-31 06:32:35,389 [INFO]   OK: 5aimp__Ramit_Bathula [c]
2026-07-31 06:32:35,390 [INFO] Processing 5a__Kiran_Kannur (.c)...
2026-07-31 06:32:41,405 [INFO]   OK: 5a__Kiran_Kannur [c]
2026-07-31 06:32:41,405 [INFO] Processing PES2UG19CS001 (.c)...
2026-07-31 06:34:50,657 [INFO]   OK: PES2UG19CS001 [c]
2026-07-31 06:34:50,658 [INFO] Processing PES2UG19CS002 (.c)...
2026-07-31 06:32:52,446 [INFO]   OK: PES2UG19CS002 [c]
2026-07-31 06:32:52,447 [INFO] Processing PES2UG19CS003 (.c)...
2026-07-31 06:32:58,021 [INFO]   OK: PES2UG19CS003 [c]
2026-07-31 06:32:58,022 [INFO] Processing PES2UG19CS004 (.c)...
2026-07-31 06:33:03,301 [INFO]   OK: PES2UG19CS004 [c]
2026-07-31 06:33:03,302 [INFO] Processing PES2UG19CS005 (.c)...
2026-07-31 06:33:08,742 [INFO]   OK: PES2UG19CS005 [c]
2026-07-31 06:33:08,743 [INFO] Processing PES2UG19CS008 (.c)...
2026-07-31 06:33:14,722 [INFO]   OK: PES2UG19CS008 [c]
2026-07-31 06:33:14,723 [INFO] Processing PES2UG19CS009 (.c)...
2026-07-31 06:33:19,794 [INFO]   OK: PES2UG19CS009 [c]
2026-07-31 06:33:19,794 [INFO] Processing PES2UG19CS009 (.c)...
2026-07-31 06:33:25,110 [INFO]   OK: PES2UG19CS009 [c]
2026-07-31 06:33:25,110 [INFO] Processing PES2UG19CS010 (.c)...
2026-07-31 06:33:30,569 [INFO]   OK: PES2UG19CS010 [c]
2026-07-31 06:33:30,569 [INFO] Processing PES2UG19CS011 (.c)...
2026-07-31 06:33:36,121 [INFO]   OK: PES2UG19CS011 [c]
2026-07-31 06:33:36,121 [INFO] Processing PES2UG19CS012 (.c)...
2026-07-31 06:33:42,057 [INFO]   OK: PES2UG19CS012 [c]
2026-07-31 06:33:42,057 [INFO] Processing PES2UG19CS013 (.c)...
2026-07-31 06:33:47,119 [INFO]   OK: PES2UG19CS013 [c]
2026-07-31 06:33:47,120 [INFO] Processing PES2UG19CS014 (.c)...
2026-07-31 06:33:52,689 [INFO]   OK: PES2UG19CS014 [c]
2026-07-31 06:33:52,690 [INFO] Processing PES2UG19CS016 (.c)...
2026-07-31 06:33:58,222 [INFO]   OK: PES2UG19CS016 [c]
2026-07-31 06:33:58,223 [INFO] Processing PES2UG19CS017 (.c)...
2026-07-31 06:34:03,577 [INFO]   OK: PES2UG19CS017 [c]
2026-07-31 06:34:03,578 [INFO] Processing PES2UG19CS018 (.c)...
2026-07-31 06:34:09,678 [INFO]   OK: PES2UG19CS018 [c]
2026-07-31 06:34:09,679 [INFO] Processing PES2UG19CS019 (.c)...
2026-07-31 06:34:14,801 [INFO]   OK: PES2UG19CS019 [c]
2026-07-31 06:34:14,802 [INFO] Processing PES2UG19CS021 (.c)...
2026-07-31 06:34:20,052 [INFO]   OK: PES2UG19CS021 [c]
2026-07-31 06:34:20,053 [INFO] Processing PES2UG19CS022 (.c)...
2026-07-31 06:34:25,442 [INFO]   OK: PES2UG19CS022 [c]
2026-07-31 06:34:25,442 [INFO] Processing PES2UG19CS023 (.c)...
2026-07-31 06:34:31,422 [INFO]   OK: PES2UG19CS023 [c]
2026-07-31 06:34:31,423 [INFO] Processing PES2UG19CS026 (.c)...
2026-07-31 06:34:36,800 [INFO]   OK: PES2UG19CS026 [c]
2026-07-31 06:34:36,800 [INFO] Processing PES2UG19CS027 (.c)...
2026-07-31 06:34:41,278 [INFO]   OK: PES2UG19CS027 [c]
2026-07-31 06:34:41,278 [INFO] Processing PES2UG19CS028 (.c)...
2026-07-31 06:34:46,328 [INFO]   OK: PES2UG19CS028 [c]
2026-07-31 06:34:46,329 [INFO] Processing PES2UG19CS029 (.c)...
2026-07-31 06:34:51,487 [INFO]   OK: PES2UG19CS029 [c]
2026-07-31 06:34:51,488 [INFO] Processing PES2UG19CS030 (.c)...
2026-07-31 06:34:56,987 [INFO]   OK: PES2UG19CS030 [c]
2026-07-31 06:34:56,987 [INFO] Processing PES2UG19CS031 (.c)...
2026-07-31 06:37:05,859 [INFO]   OK: PES2UG19CS031 [c]
2026-07-31 06:37:05,859 [INFO] Processing PES2UG19CS032 (.c)...
2026-07-31 06:35:07,643 [INFO]   OK: PES2UG19CS032 [c]
2026-07-31 06:35:07,644 [INFO] Processing PES2UG19CS033 (.c)...
2026-07-31 06:35:12,678 [INFO]   OK: PES2UG19CS033 [c]
2026-07-31 06:35:12,679 [INFO] Processing PES2UG19CS033 (.c)...
2026-07-31 06:35:17,784 [INFO]   OK: PES2UG19CS033 [c]
2026-07-31 06:35:17,785 [INFO] Processing PES2UG19CS035 (.c)...
2026-07-31 06:35:23,211 [INFO]   OK: PES2UG19CS035 [c]
2026-07-31 06:35:23,211 [INFO] Processing PES2UG19CS036 (.c)...
2026-07-31 06:35:28,701 [INFO]   OK: PES2UG19CS036 [c]
2026-07-31 06:35:28,701 [INFO] Processing PES2UG19CS037 (.c)...
2026-07-31 06:35:34,081 [INFO]   OK: PES2UG19CS037 [c]
2026-07-31 06:35:34,081 [INFO] Processing PES2UG19CS038 (.c)...
2026-07-31 06:35:39,396 [INFO]   OK: PES2UG19CS038 [c]
2026-07-31 06:35:39,396 [INFO] Processing PES2UG19CS039 (.c)...
2026-07-31 06:35:44,987 [INFO]   OK: PES2UG19CS039 [c]
2026-07-31 06:35:44,988 [INFO] Processing PES2UG19CS040 (.c)...
2026-07-31 06:35:50,859 [INFO]   OK: PES2UG19CS040 [c]
2026-07-31 06:35:50,860 [INFO] Processing PES2UG19CS041 (.c)...
2026-07-31 06:35:55,858 [INFO]   OK: PES2UG19CS041 [c]
2026-07-31 06:35:55,859 [INFO] Processing PES2UG19CS042 (.c)...
2026-07-31 06:36:01,590 [INFO]   OK: PES2UG19CS042 [c]
2026-07-31 06:36:01,590 [INFO] Processing PES2UG19CS043 (.c)...
2026-07-31 06:36:07,018 [INFO]   OK: PES2UG19CS043 [c]
2026-07-31 06:36:07,019 [INFO] Processing PES2UG19CS044 (.c)...
2026-07-31 06:36:12,650 [INFO]   OK: PES2UG19CS044 [c]
2026-07-31 06:36:12,650 [INFO] Processing PES2UG19CS045 (.c)...
2026-07-31 06:36:17,900 [INFO]   OK: PES2UG19CS045 [c]
2026-07-31 06:36:17,901 [INFO] Processing PES2UG19CS046 (.c)...
2026-07-31 06:36:23,683 [INFO]   OK: PES2UG19CS046 [c]
2026-07-31 06:36:23,684 [INFO] Processing PES2UG19CS047 (.c)...
2026-07-31 06:36:28,766 [INFO]   OK: PES2UG19CS047 [c]
2026-07-31 06:36:28,766 [INFO] Processing PES2UG19CS048 (.c)...
2026-07-31 06:36:34,273 [INFO]   OK: PES2UG19CS048 [c]
2026-07-31 06:36:34,273 [INFO] Processing PES2UG19CS049 (.c)...
2026-07-31 06:36:39,132 [INFO]   OK: PES2UG19CS049 [c]
2026-07-31 06:36:39,133 [INFO] Processing PES2UG19CS050 (.c)...
2026-07-31 06:36:45,014 [INFO]   OK: PES2UG19CS050 [c]
2026-07-31 06:36:45,015 [INFO] Processing PES2UG19CS051 (.c)...
2026-07-31 06:36:50,029 [INFO]   OK: PES2UG19CS051 [c]
2026-07-31 06:36:50,030 [INFO] Processing PES2UG19CS052 (.c)...
2026-07-31 06:36:55,616 [INFO]   OK: PES2UG19CS052 [c]
2026-07-31 06:36:55,616 [INFO] Processing PES2UG19CS053 (.c)...
2026-07-31 06:37:01,148 [INFO]   OK: PES2UG19CS053 [c]
2026-07-31 06:37:01,149 [INFO] Processing PES2UG19CS054 (.c)...
2026-07-31 06:37:06,357 [INFO]   OK: PES2UG19CS054 [c]
2026-07-31 06:37:06,357 [INFO] Processing PES2UG19CS055 (.c)...
2026-07-31 06:37:12,133 [INFO]   OK: PES2UG19CS055 [c]
2026-07-31 06:37:12,133 [INFO] Processing PES2UG19CS056 (.c)...
2026-07-31 06:37:17,777 [INFO]   OK: PES2UG19CS056 [c]
2026-07-31 06:37:17,777 [INFO] Processing PES2UG19CS057 (.c)...
2026-07-31 06:37:23,355 [INFO]   OK: PES2UG19CS057 [c]
2026-07-31 06:37:23,356 [INFO] Processing PES2UG19CS058 (.c)...
2026-07-31 06:37:28,926 [INFO]   OK: PES2UG19CS058 [c]
2026-07-31 06:37:28,926 [INFO] Processing PES2UG19CS059 (.c)...
2026-07-31 06:37:34,464 [INFO]   OK: PES2UG19CS059 [c]
2026-07-31 06:37:34,464 [INFO] Processing PES2UG19CS060 (.c)...
2026-07-31 06:37:40,483 [INFO]   OK: PES2UG19CS060 [c]
2026-07-31 06:37:40,483 [INFO] Processing PES2UG19CS061 (.c)...
2026-07-31 06:37:46,137 [INFO]   OK: PES2UG19CS061 [c]
2026-07-31 06:37:46,138 [INFO] Processing PES2UG19CS062 (.c)...
2026-07-31 06:39:56,082 [INFO]   OK: PES2UG19CS062 [c]
2026-07-31 06:39:56,082 [INFO] Processing PES2UG19CS063 (.c)...
2026-07-31 06:37:57,547 [INFO]   OK: PES2UG19CS063 [c]
2026-07-31 06:37:57,548 [INFO] Processing PES2UG19CS064 (.c)...
2026-07-31 06:38:04,017 [INFO]   OK: PES2UG19CS064 [c]
2026-07-31 06:38:04,018 [INFO] Processing PES2UG19CS065 (.c)...
2026-07-31 06:38:09,758 [INFO]   OK: PES2UG19CS065 [c]
2026-07-31 06:38:09,759 [INFO] Processing PES2UG19CS066 (.c)...
2026-07-31 06:38:15,385 [INFO]   OK: PES2UG19CS066 [c]
2026-07-31 06:38:15,385 [INFO] Processing PES2UG19CS079 (.c)...
2026-07-31 06:38:21,503 [INFO]   OK: PES2UG19CS079 [c]
2026-07-31 06:38:21,504 [INFO] Processing PES2UG19CS328 (.c)...
2026-07-31 06:38:26,905 [INFO]   OK: PES2UG19CS328 [c]
2026-07-31 06:38:26,905 [INFO] Processing PES2UG19CS467 (.c)...
2026-07-31 06:38:32,048 [INFO]   OK: PES2UG19CS467 [c]
2026-07-31 06:38:32,048 [INFO] Processing PES2UG19CS901 (.c)...
2026-07-31 06:38:37,704 [INFO]   OK: PES2UG19CS901 [c]
2026-07-31 06:38:37,704 [INFO] Processing PES2UG19CS067 (.c)...
2026-07-31 06:38:43,014 [INFO]   OK: PES2UG19CS067 [c]
2026-07-31 06:38:43,015 [INFO] Processing PES2UG19CS068 (.c)...
2026-07-31 06:38:48,120 [INFO]   OK: PES2UG19CS068 [c]
2026-07-31 06:38:48,121 [INFO] Processing PES2UG19CS069 (.c)...
2026-07-31 06:38:54,702 [INFO]   OK: PES2UG19CS069 [c]
2026-07-31 06:38:54,703 [INFO] Processing PES2UG19CS070 (.c)...
2026-07-31 06:38:59,523 [INFO]   OK: PES2UG19CS070 [c]
2026-07-31 06:38:59,523 [WARNING]   IGNORED (not a recognized source file): B_PES2UG19CS073_Ashwini_Week5a .C - Ashwini Islampur.txt
2026-07-31 06:38:59,524 [INFO] Processing PES2UG19CS074 (.c)...
2026-07-31 06:39:05,342 [INFO]   OK: PES2UG19CS074 [c]
2026-07-31 06:39:05,342 [INFO] Processing PES2UG19CS075 (.c)...
2026-07-31 06:39:10,441 [INFO]   OK: PES2UG19CS075 [c]
2026-07-31 06:39:10,441 [INFO] Processing PES2UG19CS076 (.c)...
2026-07-31 06:39:15,513 [INFO]   OK: PES2UG19CS076 [c]
2026-07-31 06:39:15,513 [INFO] Processing PES2UG19CS077 (.c)...
2026-07-31 06:39:20,607 [INFO]   OK: PES2UG19CS077 [c]
2026-07-31 06:39:20,607 [INFO] Processing PES2UG19CS078 (.c)...
2026-07-31 06:39:26,097 [INFO]   OK: PES2UG19CS078 [c]
2026-07-31 06:39:26,098 [INFO] Processing PES2UG19CS079 (.c)...
2026-07-31 06:39:31,258 [INFO]   OK: PES2UG19CS079 [c]
2026-07-31 06:39:31,259 [INFO] Processing PES2UG19CS079 (.c)...
2026-07-31 06:39:36,921 [INFO]   OK: PES2UG19CS079 [c]
2026-07-31 06:39:36,921 [INFO] Processing PES2UG19CS083 (.c)...
2026-07-31 06:39:41,764 [INFO]   OK: PES2UG19CS083 [c]
2026-07-31 06:39:41,765 [INFO] Processing PES2UG19CS084 (.c)...
2026-07-31 06:39:47,129 [INFO]   OK: PES2UG19CS084 [c]
2026-07-31 06:39:47,130 [INFO] Processing PES2UG19CS086 (.c)...
2026-07-31 06:41:56,278 [INFO]   OK: PES2UG19CS086 [c]
2026-07-31 06:41:56,278 [INFO] Processing PES2UG19CS087 (.c)...
2026-07-31 06:39:57,883 [INFO]   OK: PES2UG19CS087 [c]
2026-07-31 06:39:57,883 [INFO] Processing PES2UG19CS088 (.c)...
2026-07-31 06:40:03,799 [INFO]   OK: PES2UG19CS088 [c]
2026-07-31 06:40:03,799 [INFO] Processing PES2UG19CS092 (.c)...
2026-07-31 06:40:08,924 [INFO]   OK: PES2UG19CS092 [c]
2026-07-31 06:40:08,925 [INFO] Processing PES2UG19CS095 (.c)...
2026-07-31 06:40:14,485 [INFO]   OK: PES2UG19CS095 [c]
2026-07-31 06:40:14,485 [INFO] Processing PES2UG19CS096 (.c)...
2026-07-31 06:40:20,016 [INFO]   OK: PES2UG19CS096 [c]
2026-07-31 06:40:20,017 [INFO] Processing PES2UG19CS097 (.c)...
2026-07-31 06:40:25,004 [INFO]   OK: PES2UG19CS097 [c]
2026-07-31 06:40:25,004 [INFO] Processing PES2UG19CS099 (.c)...
2026-07-31 06:40:30,336 [INFO]   OK: PES2UG19CS099 [c]
2026-07-31 06:40:30,336 [INFO] Processing PES2UG19CS101 (.c)...
2026-07-31 06:40:36,219 [INFO]   OK: PES2UG19CS101 [c]
2026-07-31 06:40:36,219 [INFO] Processing PES2UG19CS102 (.c)...
2026-07-31 06:40:41,763 [INFO]   OK: PES2UG19CS102 [c]
2026-07-31 06:40:41,763 [INFO] Processing PES2UG19CS103 (.c)...
2026-07-31 06:40:47,593 [INFO]   OK: PES2UG19CS103 [c]
2026-07-31 06:40:47,593 [INFO] Processing PES2UG19CS104 (.c)...
2026-07-31 06:40:52,558 [INFO]   OK: PES2UG19CS104 [c]
2026-07-31 06:40:52,559 [INFO] Processing PES2UG19CS105 (.c)...
2026-07-31 06:40:57,972 [INFO]   OK: PES2UG19CS105 [c]
2026-07-31 06:40:57,972 [INFO] Processing PES2UG19CS106 (.c)...
2026-07-31 06:41:03,224 [INFO]   OK: PES2UG19CS106 [c]
2026-07-31 06:41:03,224 [INFO] Processing PES2UG19CS109 (.c)...
2026-07-31 06:41:09,821 [INFO]   OK: PES2UG19CS109 [c]
2026-07-31 06:41:09,822 [INFO] Processing PES2UG19CS110 (.c)...
2026-07-31 06:41:14,947 [INFO]   OK: PES2UG19CS110 [c]
2026-07-31 06:41:14,948 [INFO] Processing PES2UG19CS111 (.c)...
2026-07-31 06:41:20,488 [INFO]   OK: PES2UG19CS111 [c]
2026-07-31 06:41:20,488 [INFO] Processing PES2UG19CS112 (.c)...
2026-07-31 06:41:26,266 [INFO]   OK: PES2UG19CS112 [c]
2026-07-31 06:41:26,266 [INFO] Processing PES2UG19CS113 (.c)...
2026-07-31 06:41:32,309 [INFO]   OK: PES2UG19CS113 [c]
2026-07-31 06:41:32,310 [INFO] Processing PES2UG19CS114 (.c)...
2026-07-31 06:41:37,926 [INFO]   OK: PES2UG19CS114 [c]
2026-07-31 06:41:37,927 [INFO] Processing PES2UG19CS117 (.c)...
2026-07-31 06:41:43,100 [INFO]   OK: PES2UG19CS117 [c]
2026-07-31 06:41:43,100 [INFO] Processing PES2UG19CS119 (.c)...
2026-07-31 06:41:48,649 [INFO]   OK: PES2UG19CS119 [c]
2026-07-31 06:41:48,649 [INFO] Processing PES2UG19CS120 (.c)...
2026-07-31 06:41:54,409 [INFO]   OK: PES2UG19CS120 [c]
2026-07-31 06:41:54,409 [INFO] Processing PES2UG19CS122 (.c)...
2026-07-31 06:42:00,134 [INFO]   OK: PES2UG19CS122 [c]
2026-07-31 06:42:00,134 [INFO] Processing PES2UG19CS125 (.c)...
2026-07-31 06:42:05,955 [INFO]   OK: PES2UG19CS125 [c]
2026-07-31 06:42:05,956 [INFO] Processing PES2UG19CS127 (.c)...
2026-07-31 06:42:11,490 [INFO]   OK: PES2UG19CS127 [c]
2026-07-31 06:42:11,490 [INFO] Processing PES2UG19CS129 (.c)...
2026-07-31 06:42:16,410 [INFO]   OK: PES2UG19CS129 [c]
2026-07-31 06:42:16,410 [INFO] Processing PES2UG19CS130 (.c)...
2026-07-31 06:42:21,534 [INFO]   OK: PES2UG19CS130 [c]
2026-07-31 06:42:21,534 [INFO] Processing PES2UG19CS131 (.c)...
2026-07-31 06:42:27,531 [INFO]   OK: PES2UG19CS131 [c]
2026-07-31 06:42:27,531 [INFO] Processing PES2UG19CS132 (.c)...
2026-07-31 06:42:33,678 [INFO]   OK: PES2UG19CS132 [c]
2026-07-31 06:42:33,679 [INFO] Processing PES2UG19CS134 (.c)...
2026-07-31 06:42:39,138 [INFO]   OK: PES2UG19CS134 [c]
2026-07-31 06:42:39,139 [INFO] Processing PES2UG19CS394 (.c)...
2026-07-31 06:42:44,219 [INFO]   OK: PES2UG19CS394 [c]
2026-07-31 06:42:44,219 [INFO] Processing PES2UG19CS452 (.c)...
2026-07-31 06:42:49,124 [INFO]   OK: PES2UG19CS452 [c]
2026-07-31 06:42:49,124 [INFO] Processing cllmain__Vedanth_TD (.c)...
2026-07-31 06:42:55,338 [INFO]   OK: cllmain__Vedanth_TD [c]
2026-07-31 06:42:55,339 [INFO] Processing PES2UG19CS137 (.c)...
2026-07-31 06:43:00,699 [INFO]   OK: PES2UG19CS137 [c]
2026-07-31 06:43:00,699 [INFO] Processing PES2UG19CS138 (.c)...
2026-07-31 06:43:05,877 [INFO]   OK: PES2UG19CS138 [c]
2026-07-31 06:43:05,878 [INFO] Processing PES2UG19CS145 (.c)...
2026-07-31 06:43:11,568 [INFO]   OK: PES2UG19CS145 [c]
2026-07-31 06:43:11,569 [INFO] Processing PES2UG19CS147 (.c)...
2026-07-31 06:43:16,946 [INFO]   OK: PES2UG19CS147 [c]
2026-07-31 06:43:16,947 [INFO] Processing PES2UG19CS152 (.c)...
2026-07-31 06:43:22,192 [INFO]   OK: PES2UG19CS152 [c]
2026-07-31 06:43:22,192 [INFO] Processing PES2UG19CS156 (.c)...
2026-07-31 06:43:27,299 [INFO]   OK: PES2UG19CS156 [c]
2026-07-31 06:43:27,300 [INFO] Processing PES2UG19CS157 (.c)...
2026-07-31 06:45:36,752 [INFO]   OK: PES2UG19CS157 [c]
2026-07-31 06:45:36,753 [INFO] Processing PES2UG19CS160 (.c)...
2026-07-31 06:43:37,779 [INFO]   OK: PES2UG19CS160 [c]
2026-07-31 06:43:37,780 [INFO] Processing PES2UG19CS163 (.c)...
2026-07-31 06:43:43,146 [INFO]   OK: PES2UG19CS163 [c]
2026-07-31 06:43:43,146 [INFO] Processing PES2UG19CS164 (.c)...
2026-07-31 06:43:49,008 [INFO]   OK: PES2UG19CS164 [c]
2026-07-31 06:43:49,009 [INFO] Processing PES2UG19CS167 (.c)...
2026-07-31 06:43:54,090 [INFO]   OK: PES2UG19CS167 [c]
2026-07-31 06:43:54,090 [INFO] Processing PES2UG19CS169 (.c)...
2026-07-31 06:43:59,032 [INFO]   OK: PES2UG19CS169 [c]
2026-07-31 06:43:59,032 [INFO] Processing PES2UG19CS170 (.c)...
2026-07-31 06:44:04,336 [INFO]   OK: PES2UG19CS170 [c]
2026-07-31 06:44:04,337 [INFO] Processing PES2UG19CS171 (.c)...
2026-07-31 06:44:09,235 [INFO]   OK: PES2UG19CS171 [c]
2026-07-31 06:44:09,235 [INFO] Processing PES2UG19CS172 (.c)...
2026-07-31 06:44:14,825 [INFO]   OK: PES2UG19CS172 [c]
2026-07-31 06:44:14,825 [INFO] Processing PES2UG19CS174 (.c)...
2026-07-31 06:44:20,493 [INFO]   OK: PES2UG19CS174 [c]
2026-07-31 06:44:20,494 [INFO] Processing PES2UG19CS176 (.c)...
2026-07-31 06:44:25,817 [INFO]   OK: PES2UG19CS176 [c]
2026-07-31 06:44:25,818 [INFO] Processing PES2UG19CS179 (.c)...
2026-07-31 06:44:31,415 [INFO]   OK: PES2UG19CS179 [c]
2026-07-31 06:44:31,416 [INFO] Processing PES2UG19CS181 (.c)...
2026-07-31 06:44:36,525 [INFO]   OK: PES2UG19CS181 [c]
2026-07-31 06:44:36,526 [INFO] Processing PES2UG19CS186 (.c)...
2026-07-31 06:44:41,480 [INFO]   OK: PES2UG19CS186 [c]
2026-07-31 06:44:41,481 [INFO] Processing PES2UG19CS188 (.c)...
2026-07-31 06:44:46,803 [INFO]   OK: PES2UG19CS188 [c]
2026-07-31 06:44:46,803 [INFO] Processing PES2UG19CS189 (.c)...
2026-07-31 06:44:52,616 [INFO]   OK: PES2UG19CS189 [c]
2026-07-31 06:44:52,616 [INFO] Processing PES2UG19CS191 (.c)...
2026-07-31 06:47:01,949 [INFO]   OK: PES2UG19CS191 [c]
2026-07-31 06:47:01,949 [INFO] Processing PES2UG19CS192 (.c)...
2026-07-31 06:45:03,418 [INFO]   OK: PES2UG19CS192 [c]
2026-07-31 06:45:03,419 [INFO] Processing PES2UG19CS193 (.c)...
2026-07-31 06:45:08,472 [INFO]   OK: PES2UG19CS193 [c]
2026-07-31 06:45:08,472 [INFO] Processing PES2UG19CS194 (.c)...
2026-07-31 06:45:14,313 [INFO]   OK: PES2UG19CS194 [c]
2026-07-31 06:45:14,313 [INFO] Processing PES2UG19CS195 (.c)...
2026-07-31 06:45:19,933 [INFO]   OK: PES2UG19CS195 [c]
2026-07-31 06:45:19,934 [INFO] Processing PES2UG19CS197 (.c)...
2026-07-31 06:45:25,377 [INFO]   OK: PES2UG19CS197 [c]
2026-07-31 06:45:25,378 [INFO] Processing PES2UG19CS278 (.c)...
2026-07-31 06:45:30,508 [INFO]   OK: PES2UG19CS278 [c]
2026-07-31 06:45:30,508 [INFO] Processing PES2UG19CS415 (.c)...
2026-07-31 06:45:35,732 [INFO]   OK: PES2UG19CS415 [c]
2026-07-31 06:45:35,733 [INFO] Processing PES2UG19CS415 (.c)...
2026-07-31 06:45:41,018 [INFO]   OK: PES2UG19CS415 [c]
2026-07-31 06:45:41,018 [INFO] Processing PES2UG19CS201 (.c)...
2026-07-31 06:45:46,999 [INFO]   OK: PES2UG19CS201 [c]
2026-07-31 06:45:47,000 [INFO] Processing PES2UG19CS202 (.c)...
2026-07-31 06:45:52,202 [INFO]   OK: PES2UG19CS202 [c]
2026-07-31 06:45:52,202 [INFO] Processing PES2UG19CS203 (.c)...
2026-07-31 06:45:57,814 [INFO]   OK: PES2UG19CS203 [c]
2026-07-31 06:45:57,814 [INFO] Processing PES2UG19CS205 (.C)...
2026-07-31 06:46:02,699 [INFO]   OK: PES2UG19CS205 [c]
2026-07-31 06:46:02,700 [INFO] Processing PES2UG19CS206 (.c)...
2026-07-31 06:46:08,164 [INFO]   OK: PES2UG19CS206 [c]
2026-07-31 06:46:08,165 [INFO] Processing PES2UG19CS207 (.c)...
2026-07-31 06:46:13,501 [INFO]   OK: PES2UG19CS207 [c]
2026-07-31 06:46:13,501 [INFO] Processing PES2UG19CS208 (.c)...
2026-07-31 06:48:22,058 [INFO]   OK: PES2UG19CS208 [c]
2026-07-31 06:48:22,059 [INFO] Processing PES2UG19CS209 (.c)...
2026-07-31 06:46:24,542 [INFO]   OK: PES2UG19CS209 [c]
2026-07-31 06:46:24,542 [INFO] Processing PES2UG19CS210 (.c)...
2026-07-31 06:46:29,552 [INFO]   OK: PES2UG19CS210 [c]
2026-07-31 06:46:29,553 [INFO] Processing PES2UG19CS211 (.c)...
2026-07-31 06:46:34,322 [INFO]   OK: PES2UG19CS211 [c]
2026-07-31 06:46:34,322 [INFO] Processing PES2UG19CS212 (.c)...
2026-07-31 06:46:39,873 [INFO]   OK: PES2UG19CS212 [c]
2026-07-31 06:46:39,873 [INFO] Processing PES2UG19CS213 (.c)...
2026-07-31 06:46:45,414 [INFO]   OK: PES2UG19CS213 [c]
2026-07-31 06:46:45,415 [INFO] Processing PES2UG19CS214 (.c)...
2026-07-31 06:46:50,759 [INFO]   OK: PES2UG19CS214 [c]
2026-07-31 06:46:50,760 [INFO] Processing PES2UG19CS215 (.c)...
2026-07-31 06:46:56,216 [INFO]   OK: PES2UG19CS215 [c]
2026-07-31 06:46:56,217 [INFO] Processing PES2UG19CS216 (.c)...
2026-07-31 06:47:02,458 [INFO]   OK: PES2UG19CS216 [c]
2026-07-31 06:47:02,458 [INFO] Processing PES2UG19CS217 (.c)...
2026-07-31 06:47:07,603 [INFO]   OK: PES2UG19CS217 [c]
2026-07-31 06:47:07,603 [INFO] Processing PES2UG19CS225 (.c)...
2026-07-31 06:47:14,004 [INFO]   OK: PES2UG19CS225 [c]
2026-07-31 06:47:14,005 [INFO] Processing PES2UG19CS227 (.c)...
2026-07-31 06:47:19,354 [INFO]   OK: PES2UG19CS227 [c]
2026-07-31 06:47:19,355 [INFO] Processing PES2UG19CS228 (.c)...
2026-07-31 06:47:24,391 [INFO]   OK: PES2UG19CS228 [c]
2026-07-31 06:47:24,391 [INFO] Processing PES2UG19CS235 (.c)...
2026-07-31 06:47:29,788 [INFO]   OK: PES2UG19CS235 [c]
2026-07-31 06:47:29,788 [INFO] Processing PES2UG19CS239 (.c)...
2026-07-31 06:47:34,802 [INFO]   OK: PES2UG19CS239 [c]
2026-07-31 06:47:34,802 [INFO] Processing PES2UG19CS240 (.c)...
2026-07-31 06:47:39,907 [INFO]   OK: PES2UG19CS240 [c]
2026-07-31 06:47:39,907 [INFO] Processing PES2UG19CS243 (.c)...
2026-07-31 06:47:45,262 [INFO]   OK: PES2UG19CS243 [c]
2026-07-31 06:47:45,263 [INFO] Processing PES2UG19CS244 (.c)...
2026-07-31 06:47:51,006 [INFO]   OK: PES2UG19CS244 [c]
2026-07-31 06:47:51,006 [INFO] Processing PES2UG19CS245 (.c)...
2026-07-31 06:47:56,353 [INFO]   OK: PES2UG19CS245 [c]
2026-07-31 06:47:56,354 [INFO] Processing PES2UG19CS246 (.c)...
2026-07-31 06:48:01,515 [INFO]   OK: PES2UG19CS246 [c]
2026-07-31 06:48:01,516 [INFO] Processing PES2UG19CS247 (.c)...
2026-07-31 06:48:06,829 [INFO]   OK: PES2UG19CS247 [c]
2026-07-31 06:48:06,830 [INFO] Processing PES2UG19CS248 (.c)...
2026-07-31 06:48:11,627 [INFO]   OK: PES2UG19CS248 [c]
2026-07-31 06:48:11,628 [INFO] Processing PES2UG19CS255 (.c)...
2026-07-31 06:48:16,374 [INFO]   OK: PES2UG19CS255 [c]
2026-07-31 06:48:16,374 [INFO] Processing PES2UG19CS256 (.c)...
2026-07-31 06:48:21,690 [INFO]   OK: PES2UG19CS256 [c]
2026-07-31 06:48:21,691 [INFO] Processing PES2UG19CS258 (.c)...
2026-07-31 06:48:26,636 [INFO]   OK: PES2UG19CS258 [c]
2026-07-31 06:48:26,636 [INFO] Processing PES2UG19CS261 (.c)...
2026-07-31 06:48:32,079 [INFO]   OK: PES2UG19CS261 [c]
2026-07-31 06:48:32,079 [INFO] Processing PES2UG19CS263 (.c)...
2026-07-31 06:48:37,311 [INFO]   OK: PES2UG19CS263 [c]
2026-07-31 06:48:37,311 [INFO] Processing PES2UG19CS471 (.c)...
2026-07-31 06:48:42,315 [INFO]   OK: PES2UG19CS471 [c]
2026-07-31 06:48:42,315 [WARNING]   IGNORED (not a recognized source file): E_PES2UG19CS265_Week5 - Nishanth S
2026-07-31 06:48:42,316 [INFO] Processing PES2UG19CS268 (.c)...
2026-07-31 06:48:47,547 [INFO]   OK: PES2UG19CS268 [c]
2026-07-31 06:48:47,547 [INFO] Processing PES2UG19CS269 (.c)...
2026-07-31 06:48:53,000 [INFO]   OK: PES2UG19CS269 [c]
2026-07-31 06:48:53,001 [INFO] Processing PES2UG19CS270 (.c)...
2026-07-31 06:48:58,413 [INFO]   OK: PES2UG19CS270 [c]
2026-07-31 06:48:58,413 [INFO] Processing PES2UG19CS273 (.c)...
2026-07-31 06:49:03,761 [INFO]   OK: PES2UG19CS273 [c]
2026-07-31 06:49:03,761 [INFO] Processing PES2UG19CS274 (.c)...
2026-07-31 06:49:08,908 [INFO]   OK: PES2UG19CS274 [c]
2026-07-31 06:49:08,908 [INFO] Processing PES2UG19CS275 (.c)...
2026-07-31 06:51:18,470 [INFO]   OK: PES2UG19CS275 [c]
2026-07-31 06:51:18,471 [INFO] Processing PES2UG19CS277 (.c)...
2026-07-31 06:51:23,477 [INFO]   OK: PES2UG19CS277 [c]
2026-07-31 06:51:23,477 [INFO] Processing PES2UG19CS279 (.c)...
2026-07-31 06:51:29,071 [INFO]   OK: PES2UG19CS279 [c]
2026-07-31 06:51:29,072 [INFO] Processing PES2UG19CS280 (.c)...
2026-07-31 06:49:30,304 [INFO]   OK: PES2UG19CS280 [c]
2026-07-31 06:49:30,305 [INFO] Processing PES2UG19CS281 (.c)...
2026-07-31 06:49:35,976 [INFO]   OK: PES2UG19CS281 [c]
2026-07-31 06:49:35,976 [INFO] Processing PES2UG19CS284 (.c)...
2026-07-31 06:49:41,628 [INFO]   OK: PES2UG19CS284 [c]
2026-07-31 06:49:41,628 [INFO] Processing PES2UG19CS285 (.c)...
2026-07-31 06:49:47,042 [INFO]   OK: PES2UG19CS285 [c]
2026-07-31 06:49:47,043 [INFO] Processing PES2UG19CS285 (.c)...
2026-07-31 06:49:52,314 [INFO]   OK: PES2UG19CS285 [c]
2026-07-31 06:49:52,314 [INFO] Processing PES2UG19CS286 (.c)...
2026-07-31 06:49:57,783 [INFO]   OK: PES2UG19CS286 [c]
2026-07-31 06:49:57,783 [INFO] Processing PES2UG19CS289 (.c)...
2026-07-31 06:50:03,272 [INFO]   OK: PES2UG19CS289 [c]
2026-07-31 06:50:03,273 [INFO] Processing PES2UG19CS293 (.c)...
2026-07-31 06:50:08,577 [INFO]   OK: PES2UG19CS293 [c]
2026-07-31 06:50:08,577 [INFO] Processing PES2UG19CS294 (.c)...
2026-07-31 06:52:17,503 [INFO]   OK: PES2UG19CS294 [c]
2026-07-31 06:52:17,503 [INFO] Processing PES2UG19CS295 (.c)...
2026-07-31 06:50:19,185 [INFO]   OK: PES2UG19CS295 [c]
2026-07-31 06:50:19,185 [INFO] Processing PES2UG19CS296 (.c)...
2026-07-31 06:50:24,539 [INFO]   OK: PES2UG19CS296 [c]
2026-07-31 06:50:24,539 [INFO] Processing PES2UG19CS297 (.c)...
2026-07-31 06:50:30,194 [INFO]   OK: PES2UG19CS297 [c]
2026-07-31 06:50:30,194 [INFO] Processing PES2UG19CS298 (.c)...
2026-07-31 06:50:36,145 [INFO]   OK: PES2UG19CS298 [c]
2026-07-31 06:50:36,146 [INFO] Processing PES2UG19CS299 (.c)...
2026-07-31 06:50:41,287 [INFO]   OK: PES2UG19CS299 [c]
2026-07-31 06:50:41,288 [INFO] Processing PES2UG19CS300 (.c)...
2026-07-31 06:50:46,521 [INFO]   OK: PES2UG19CS300 [c]
2026-07-31 06:50:46,521 [INFO] Processing PES2UG19CS301 (.c)...
2026-07-31 06:50:51,815 [INFO]   OK: PES2UG19CS301 [c]
2026-07-31 06:50:51,815 [INFO] Processing PES2UG19CS305 (.c)...
2026-07-31 06:50:57,750 [INFO]   OK: PES2UG19CS305 [c]
2026-07-31 06:50:57,751 [INFO] Processing PES2UG19CS307 (.c)...
2026-07-31 06:51:03,395 [INFO]   OK: PES2UG19CS307 [c]
2026-07-31 06:51:03,395 [INFO] Processing PES2UG19CS308 (.c)...
2026-07-31 06:51:09,354 [INFO]   OK: PES2UG19CS308 [c]
2026-07-31 06:51:09,354 [INFO] Processing PES2UG19CS309 (.c)...
2026-07-31 06:51:14,839 [INFO]   OK: PES2UG19CS309 [c]
2026-07-31 06:51:14,839 [INFO] Processing PES2UG19CS309 (.c)...
2026-07-31 06:51:20,258 [INFO]   OK: PES2UG19CS309 [c]
2026-07-31 06:51:20,259 [INFO] Processing PES2UG19CS309 (.c)...
2026-07-31 06:51:25,492 [INFO]   OK: PES2UG19CS309 [c]
2026-07-31 06:51:25,492 [INFO] Processing PES2UG19CS310 (.c)...
2026-07-31 06:51:30,967 [INFO]   OK: PES2UG19CS310 [c]
2026-07-31 06:51:30,968 [INFO] Processing PES2UG19CS312 (.c)...
2026-07-31 06:51:36,404 [INFO]   OK: PES2UG19CS312 [c]
2026-07-31 06:51:36,405 [INFO] Processing PES2UG19CS313 (.c)...
2026-07-31 06:51:41,295 [INFO]   OK: PES2UG19CS313 [c]
2026-07-31 06:51:41,295 [INFO] Processing PES2UG19CS314 (.c)...
2026-07-31 06:51:46,446 [INFO]   OK: PES2UG19CS314 [c]
2026-07-31 06:51:46,446 [INFO] Processing PES2UG19CS315 (.c)...
2026-07-31 06:51:52,059 [INFO]   OK: PES2UG19CS315 [c]
2026-07-31 06:51:52,059 [INFO] Processing PES2UG19CS316 (.c)...
2026-07-31 06:51:57,198 [INFO]   OK: PES2UG19CS316 [c]
2026-07-31 06:51:57,198 [INFO] Processing PES2UG19CS318 (.c)...
2026-07-31 06:52:02,780 [INFO]   OK: PES2UG19CS318 [c]
2026-07-31 06:52:02,781 [INFO] Processing PES2UG19CS322 (.c)...
2026-07-31 06:52:08,126 [INFO]   OK: PES2UG19CS322 [c]
2026-07-31 06:52:08,126 [INFO] Processing PES2UG19CS323 (.c)...
2026-07-31 06:52:14,229 [INFO]   OK: PES2UG19CS323 [c]
2026-07-31 06:52:14,230 [INFO] Processing PES2UG19CS324 (.c)...
2026-07-31 06:52:19,698 [INFO]   OK: PES2UG19CS324 [c]
2026-07-31 06:52:19,698 [INFO] Processing PES2UG19CS324 (.c)...
2026-07-31 06:52:24,812 [INFO]   OK: PES2UG19CS324 [c]
2026-07-31 06:52:24,812 [INFO] Processing PES2UG19CS325 (.c)...
2026-07-31 06:52:30,013 [INFO]   OK: PES2UG19CS325 [c]
2026-07-31 06:52:30,014 [INFO] Processing PES2UG19CS326 (.c)...
2026-07-31 06:52:35,499 [INFO]   OK: PES2UG19CS326 [c]
2026-07-31 06:52:35,500 [INFO] Processing PES2UG19CS327 (.c)...
2026-07-31 06:52:40,326 [INFO]   OK: PES2UG19CS327 [c]
2026-07-31 06:52:40,327 [INFO] Processing PES2UG19CS327 (.c)...
2026-07-31 06:52:45,770 [INFO]   OK: PES2UG19CS327 [c]
2026-07-31 06:52:45,771 [INFO] Processing PES2UG19CS332 (.c)...
2026-07-31 06:52:50,983 [INFO]   OK: PES2UG19CS332 [c]
2026-07-31 06:52:50,983 [INFO] Processing PES2UG19CS335 (.c)...
2026-07-31 06:52:56,595 [INFO]   OK: PES2UG19CS335 [c]
2026-07-31 06:52:56,596 [INFO] Processing PES2UG19CS335 (.c)...
2026-07-31 06:53:02,072 [INFO]   OK: PES2UG19CS335 [c]
2026-07-31 06:53:02,073 [INFO] Processing PES2UG19CS336 (.c)...
2026-07-31 06:53:07,392 [INFO]   OK: PES2UG19CS336 [c]
2026-07-31 06:53:07,393 [INFO] Processing PES2UG19CS339 (.c)...
2026-07-31 06:53:12,899 [INFO]   OK: PES2UG19CS339 [c]
2026-07-31 06:53:12,899 [INFO] Processing PES2UG19CS341 (.c)...
2026-07-31 06:53:18,191 [INFO]   OK: PES2UG19CS341 [c]
2026-07-31 06:53:18,192 [INFO] Processing PES2UG19CS342 (.c)...
2026-07-31 06:53:23,928 [INFO]   OK: PES2UG19CS342 [c]
2026-07-31 06:53:23,928 [WARNING]   IGNORED (not a recognized source file): F_PES2UG19CS343_week5 - Preetha Saravanan.txt
2026-07-31 06:53:23,928 [INFO] Processing PES2UG19CS344 (.c)...
2026-07-31 06:53:29,494 [INFO]   OK: PES2UG19CS344 [c]
2026-07-31 06:53:29,494 [INFO] Processing PES2UG19CS345 (.c)...
2026-07-31 06:53:35,168 [INFO]   OK: PES2UG19CS345 [c]
2026-07-31 06:53:35,168 [INFO] Processing PES2UG19CS346 (.c)...
2026-07-31 06:53:41,064 [INFO]   OK: PES2UG19CS346 [c]
2026-07-31 06:53:41,064 [INFO] Processing PES2UG19CS347 (.c)...
2026-07-31 06:53:46,583 [INFO]   OK: PES2UG19CS347 [c]
2026-07-31 06:53:46,584 [INFO] Processing PES2UG19CS347 (.c)...
2026-07-31 06:53:52,035 [INFO]   OK: PES2UG19CS347 [c]
2026-07-31 06:53:52,036 [INFO] Processing PES2UG19CS347 (.c)...
2026-07-31 06:53:57,849 [INFO]   OK: PES2UG19CS347 [c]
2026-07-31 06:53:57,850 [INFO] Processing PES2UG19CS348 (.c)...
2026-07-31 06:54:03,883 [INFO]   OK: PES2UG19CS348 [c]
2026-07-31 06:54:03,883 [INFO] Processing PES2UG19CS349 (.c)...
2026-07-31 06:54:09,066 [INFO]   OK: PES2UG19CS349 [c]
2026-07-31 06:54:09,067 [INFO] Processing PES2UG19CS352 (.c)...
2026-07-31 06:54:13,949 [INFO]   OK: PES2UG19CS352 [c]
2026-07-31 06:54:13,950 [INFO] Processing PES2UG19CS353 (.c)...
2026-07-31 06:54:20,075 [INFO]   OK: PES2UG19CS353 [c]
2026-07-31 06:54:20,075 [INFO] Processing PES2UG19CS353 (.c)...
2026-07-31 06:54:25,136 [INFO]   OK: PES2UG19CS353 [c]
2026-07-31 06:54:25,137 [INFO] Processing PES2UG19CS353 (.c)...
2026-07-31 06:54:30,380 [INFO]   OK: PES2UG19CS353 [c]
2026-07-31 06:54:30,381 [INFO] Processing PES2UG19CS354 (.c)...
2026-07-31 06:54:35,544 [INFO]   OK: PES2UG19CS354 [c]
2026-07-31 06:54:35,544 [INFO] Processing PES2UG19CS355 (.c)...
2026-07-31 06:54:40,836 [INFO]   OK: PES2UG19CS355 [c]
2026-07-31 06:54:40,836 [INFO] Processing PES2UG19CS356 (.c)...
2026-07-31 06:54:46,143 [INFO]   OK: PES2UG19CS356 [c]
2026-07-31 06:54:46,144 [INFO] Processing PES2UG19CS357 (.c)...
2026-07-31 06:54:52,093 [INFO]   OK: PES2UG19CS357 [c]
2026-07-31 06:54:52,093 [INFO] Processing PES2UG19CS358 (.c)...
2026-07-31 06:54:57,658 [INFO]   OK: PES2UG19CS358 [c]
2026-07-31 06:54:57,659 [INFO] Processing PES2UG19CS359 (.c)...
2026-07-31 06:55:02,580 [INFO]   OK: PES2UG19CS359 [c]
2026-07-31 06:55:02,580 [INFO] Processing PES2UG19CS360 (.c)...
2026-07-31 06:55:08,131 [INFO]   OK: PES2UG19CS360 [c]
2026-07-31 06:55:08,132 [INFO] Processing PES2UG19CS361 (.c)...
2026-07-31 06:55:13,834 [INFO]   OK: PES2UG19CS361 [c]
2026-07-31 06:55:13,835 [INFO] Processing PES2UG19CS361 (.c)...
2026-07-31 06:55:19,129 [INFO]   OK: PES2UG19CS361 [c]
2026-07-31 06:55:19,129 [INFO] Processing PES2UG19CS363 (.c)...
2026-07-31 06:55:24,711 [INFO]   OK: PES2UG19CS363 [c]
2026-07-31 06:55:24,711 [INFO] Processing PES2UG19CS364 (.c)...
2026-07-31 06:55:29,819 [INFO]   OK: PES2UG19CS364 [c]
2026-07-31 06:55:29,819 [INFO] Processing PES2UG19CS365 (.c)...
2026-07-31 06:55:35,319 [INFO]   OK: PES2UG19CS365 [c]
2026-07-31 06:55:35,320 [INFO] Processing PES2UG19CS366 (.c)...
2026-07-31 06:55:41,199 [INFO]   OK: PES2UG19CS366 [c]
2026-07-31 06:55:41,199 [INFO] Processing PES2UG19CS370 (.c)...
2026-07-31 06:55:46,490 [INFO]   OK: PES2UG19CS370 [c]
2026-07-31 06:55:46,490 [INFO] Processing PES2UG19CS371 (.c)...
2026-07-31 06:55:52,292 [INFO]   OK: PES2UG19CS371 [c]
2026-07-31 06:55:52,293 [INFO] Processing PES2UG19CS372 (.c)...
2026-07-31 06:55:57,161 [INFO]   OK: PES2UG19CS372 [c]
2026-07-31 06:55:57,162 [INFO] Processing PES2UG19CS373 (.c)...
2026-07-31 06:56:02,580 [INFO]   OK: PES2UG19CS373 [c]
2026-07-31 06:56:02,580 [INFO] Processing PES2UG19CS374 (.c)...
2026-07-31 06:56:08,392 [INFO]   OK: PES2UG19CS374 [c]
2026-07-31 06:56:08,393 [INFO] Processing PES2UG19CS375 (.c)...
2026-07-31 06:56:14,317 [INFO]   OK: PES2UG19CS375 [c]
2026-07-31 06:56:14,317 [INFO] Processing PES2UG19CS378 (.c)...
2026-07-31 06:56:19,451 [INFO]   OK: PES2UG19CS378 [c]
2026-07-31 06:56:19,451 [INFO] Processing PES2UG19CS380 (.c)...
2026-07-31 06:56:25,191 [INFO]   OK: PES2UG19CS380 [c]
2026-07-31 06:56:25,191 [INFO] Processing PES2UG19CS381 (.c)...
2026-07-31 06:56:30,534 [INFO]   OK: PES2UG19CS381 [c]
2026-07-31 06:56:30,535 [INFO] Processing PES2UG19CS382 (.c)...
2026-07-31 06:56:35,686 [INFO]   OK: PES2UG19CS382 [c]
2026-07-31 06:56:35,687 [INFO] Processing PES2UG19CS383 (.c)...
2026-07-31 06:56:41,288 [INFO]   OK: PES2UG19CS383 [c]
2026-07-31 06:56:41,289 [INFO] Processing PES2UG19CS384 (.c)...
2026-07-31 06:56:46,948 [INFO]   OK: PES2UG19CS384 [c]
2026-07-31 06:56:46,949 [INFO] Processing PES2UG19CS385 (.c)...
2026-07-31 06:56:52,122 [INFO]   OK: PES2UG19CS385 [c]
2026-07-31 06:56:52,122 [INFO] Processing PES2UG19CS387 (.c)...
2026-07-31 06:56:57,421 [INFO]   OK: PES2UG19CS387 [c]
2026-07-31 06:56:57,422 [WARNING]   IGNORED (not a recognized source file): F_PES2UG19CS388_Week5 - siddharth chattar
2026-07-31 06:56:57,422 [INFO] Processing PES2UG19CS391 (.c)...
2026-07-31 06:57:03,932 [INFO]   OK: PES2UG19CS391 [c]
2026-07-31 06:57:03,933 [INFO] Processing PES2UG19CS392 (.c)...
2026-07-31 06:57:08,936 [INFO]   OK: PES2UG19CS392 [c]
2026-07-31 06:57:08,937 [INFO] Processing PES2UG19CS392 (.c)...
2026-07-31 06:59:18,292 [INFO]   OK: PES2UG19CS392 [c]
2026-07-31 06:59:18,293 [INFO] Processing PES2UG19CS393 (.c)...
2026-07-31 06:59:23,276 [INFO]   OK: PES2UG19CS393 [c]
2026-07-31 06:59:23,276 [INFO] Processing PES2UG19CS393 (.c)...
2026-07-31 06:57:25,041 [INFO]   OK: PES2UG19CS393 [c]
2026-07-31 06:57:25,042 [INFO] Processing PES2UG19CS395 (.c)...
2026-07-31 06:59:34,003 [INFO]   OK: PES2UG19CS395 [c]
2026-07-31 06:59:34,004 [INFO] Processing PES2UG19CS396 (.c)...
2026-07-31 06:59:38,957 [INFO]   OK: PES2UG19CS396 [c]
2026-07-31 06:59:38,957 [INFO] Processing PES2UG19CS397 (.c)...
2026-07-31 06:59:44,458 [INFO]   OK: PES2UG19CS397 [c]
2026-07-31 06:59:44,459 [INFO] Processing PES2UG19CS398 (.c)...
2026-07-31 06:57:46,109 [INFO]   OK: PES2UG19CS398 [c]
2026-07-31 06:57:46,109 [INFO] Processing PES2UG19CS400 (.c)...
2026-07-31 06:57:51,010 [INFO]   OK: PES2UG19CS400 [c]
2026-07-31 06:57:51,011 [WARNING]   IGNORED (not a recognized source file): F_PES2UG19CS401_WEEK5 - Soumya Hegde.zip
2026-07-31 06:57:51,011 [INFO] Processing PES2UG19CS401 (.c)...
2026-07-31 06:57:56,417 [INFO]   OK: PES2UG19CS401 [c]
2026-07-31 06:57:56,417 [INFO] Processing PES2UG19CS402 (.c)...
2026-07-31 06:58:01,702 [INFO]   OK: PES2UG19CS402 [c]
2026-07-31 06:58:01,703 [INFO] Processing PES2UG19CS470 (.c)...
2026-07-31 06:58:07,122 [INFO]   OK: PES2UG19CS470 [c]
2026-07-31 06:58:07,122 [INFO] Processing G_PES2201800143_Week5__Kurnool_Anirudh (.c)...
2026-07-31 06:58:12,575 [INFO]   OK: G_PES2201800143_Week5__Kurnool_Anirudh [c]
2026-07-31 06:58:12,576 [INFO] Processing PES2UG19CS403 (.c)...
2026-07-31 06:58:17,993 [INFO]   OK: PES2UG19CS403 [c]
2026-07-31 06:58:17,993 [INFO] Processing PES2UG19CS404 (.c)...
2026-07-31 06:58:23,437 [INFO]   OK: PES2UG19CS404 [c]
2026-07-31 06:58:23,437 [INFO] Processing PES2UG19CS405 (.c)...
2026-07-31 06:58:29,173 [INFO]   OK: PES2UG19CS405 [c]
2026-07-31 06:58:29,174 [INFO] Processing PES2UG19CS406 (.c)...
2026-07-31 06:58:34,365 [INFO]   OK: PES2UG19CS406 [c]
2026-07-31 06:58:34,366 [INFO] Processing PES2UG19CS407 (.c)...
2026-07-31 06:58:40,055 [INFO]   OK: PES2UG19CS407 [c]
2026-07-31 06:58:40,055 [INFO] Processing PES2UG19CS408 (.c)...
2026-07-31 06:58:45,850 [INFO]   OK: PES2UG19CS408 [c]
2026-07-31 06:58:45,851 [INFO] Processing PES2UG19CS410 (.c)...
2026-07-31 06:58:52,604 [INFO]   OK: PES2UG19CS410 [c]
2026-07-31 06:58:52,604 [INFO] Processing PES2UG19CS411 (.c)...
2026-07-31 06:58:58,682 [INFO]   OK: PES2UG19CS411 [c]
2026-07-31 06:58:58,682 [INFO] Processing PES2UG19CS411 (.c)...
2026-07-31 07:01:08,606 [INFO]   OK: PES2UG19CS411 [c]
2026-07-31 07:01:08,607 [INFO] Processing PES2UG19CS412 (.c)...
2026-07-31 06:59:11,239 [INFO]   OK: PES2UG19CS412 [c]
2026-07-31 06:59:11,239 [INFO] Processing PES2UG19CS413 (.c)...
2026-07-31 06:59:16,948 [INFO]   OK: PES2UG19CS413 [c]
2026-07-31 06:59:16,948 [INFO] Processing PES2UG19CS416 (.c)...
2026-07-31 06:59:23,141 [INFO]   OK: PES2UG19CS416 [c]
2026-07-31 06:59:23,142 [INFO] Processing PES2UG19CS417 (.c)...
2026-07-31 06:59:28,617 [INFO]   OK: PES2UG19CS417 [c]
2026-07-31 06:59:28,618 [INFO] Processing PES2UG19CS418 (.c)...
2026-07-31 06:59:33,956 [INFO]   OK: PES2UG19CS418 [c]
2026-07-31 06:59:33,956 [INFO] Processing PES2UG19CS419 (.c)...
2026-07-31 06:59:39,708 [INFO]   OK: PES2UG19CS419 [c]
2026-07-31 06:59:39,708 [INFO] Processing PES2UG19CS420 (.c)...
2026-07-31 06:59:45,097 [INFO]   OK: PES2UG19CS420 [c]
2026-07-31 06:59:45,097 [INFO] Processing PES2UG19CS421 (.c)...
2026-07-31 06:59:50,555 [INFO]   OK: PES2UG19CS421 [c]
2026-07-31 06:59:50,556 [INFO] Processing PES2UG19CS422 (.c)...
2026-07-31 06:59:57,194 [INFO]   OK: PES2UG19CS422 [c]
2026-07-31 06:59:57,194 [INFO] Processing PES2UG19CS423 (.c)...
2026-07-31 07:00:03,194 [INFO]   OK: PES2UG19CS423 [c]
2026-07-31 07:00:03,194 [INFO] Processing PES2UG19CS424 (.C)...
2026-07-31 07:00:07,737 [INFO]   OK: PES2UG19CS424 [c]
2026-07-31 07:00:07,737 [INFO] Processing PES2UG19CS425 (.c)...
2026-07-31 07:00:13,027 [INFO]   OK: PES2UG19CS425 [c]
2026-07-31 07:00:13,028 [INFO] Processing PES2UG19CS427 (.c)...
2026-07-31 07:00:18,070 [INFO]   OK: PES2UG19CS427 [c]
2026-07-31 07:00:18,071 [INFO] Processing PES2UG19CS428 (.c)...
2026-07-31 07:00:23,578 [INFO]   OK: PES2UG19CS428 [c]
2026-07-31 07:00:23,578 [INFO] Processing PES2UG19CS429 (.c)...
2026-07-31 07:00:29,457 [INFO]   OK: PES2UG19CS429 [c]
2026-07-31 07:00:29,457 [INFO] Processing PES2UG19CS430 (.c)...
2026-07-31 07:00:35,507 [INFO]   OK: PES2UG19CS430 [c]
2026-07-31 07:00:35,508 [INFO] Processing PES2UG19CS431 (.c)...
2026-07-31 07:00:41,714 [INFO]   OK: PES2UG19CS431 [c]
2026-07-31 07:00:41,714 [INFO] Processing PES2UG19CS432 (.c)...
2026-07-31 07:00:47,082 [INFO]   OK: PES2UG19CS432 [c]
2026-07-31 07:00:47,082 [INFO] Processing PES2UG19CS433 (.c)...
2026-07-31 07:00:52,390 [INFO]   OK: PES2UG19CS433 [c]
2026-07-31 07:00:52,390 [INFO] Processing PES2UG19CS434 (.c)...
2026-07-31 07:00:57,478 [INFO]   OK: PES2UG19CS434 [c]
2026-07-31 07:00:57,478 [INFO] Processing PES2UG19CS434 (.c)...
2026-07-31 07:01:03,142 [INFO]   OK: PES2UG19CS434 [c]
2026-07-31 07:01:03,143 [INFO] Processing PES2UG19CS435 (.c)...
2026-07-31 07:01:08,700 [INFO]   OK: PES2UG19CS435 [c]
2026-07-31 07:01:08,701 [INFO] Processing PES2UG19CS436 (.c)...
2026-07-31 07:01:14,141 [INFO]   OK: PES2UG19CS436 [c]
2026-07-31 07:01:14,142 [INFO] Processing PES2UG19CS437 (.c)...
2026-07-31 07:01:19,637 [INFO]   OK: PES2UG19CS437 [c]
2026-07-31 07:01:19,638 [INFO] Processing PES2UG19CS438 (.c)...
2026-07-31 07:03:28,842 [INFO]   OK: PES2UG19CS438 [c]
2026-07-31 07:03:28,842 [INFO] Processing PES2UG19CS439 (.c)...
2026-07-31 07:01:30,310 [INFO]   OK: PES2UG19CS439 [c]
2026-07-31 07:01:30,311 [INFO] Processing PES2UG19CS441 (.c)...
2026-07-31 07:01:35,418 [INFO]   OK: PES2UG19CS441 [c]
2026-07-31 07:01:35,419 [INFO] Processing PES2UG19CS442 (.c)...
2026-07-31 07:01:41,086 [INFO]   OK: PES2UG19CS442 [c]
2026-07-31 07:01:41,086 [INFO] Processing PES2UG19CS443 (.c)...
2026-07-31 07:01:46,267 [INFO]   OK: PES2UG19CS443 [c]
2026-07-31 07:01:46,267 [INFO] Processing PES2UG19CS444 (.c)...
2026-07-31 07:01:52,003 [INFO]   OK: PES2UG19CS444 [c]
2026-07-31 07:01:52,004 [INFO] Processing PES2UG19CS446 (.c)...
2026-07-31 07:01:57,752 [INFO]   OK: PES2UG19CS446 [c]
2026-07-31 07:01:57,753 [INFO] Processing PES2UG19CS448 (.c)...
2026-07-31 07:02:03,622 [INFO]   OK: PES2UG19CS448 [c]
2026-07-31 07:02:03,623 [INFO] Processing PES2UG19CS449 (.c)...
2026-07-31 07:02:08,723 [INFO]   OK: PES2UG19CS449 [c]
2026-07-31 07:02:08,724 [WARNING]   IGNORED (not a recognized source file): G_PES2UG19CS450_Week5 - Veeresh Uppara.txt
2026-07-31 07:02:08,724 [INFO] Processing PES2UG19CS451 (.c)...
2026-07-31 07:02:14,418 [INFO]   OK: PES2UG19CS451 [c]
2026-07-31 07:02:14,419 [INFO] Processing PES2UG19CS453 (.c)...
2026-07-31 07:02:20,582 [INFO]   OK: PES2UG19CS453 [c]
2026-07-31 07:02:20,583 [INFO] Processing PES2UG19CS454 (.c)...
2026-07-31 07:02:26,057 [INFO]   OK: PES2UG19CS454 [c]
2026-07-31 07:02:26,057 [INFO] Processing PES2UG19CS455 (.c)...
2026-07-31 07:02:31,405 [INFO]   OK: PES2UG19CS455 [c]
2026-07-31 07:02:31,405 [INFO] Processing PES2UG19CS456 (.C)...
2026-07-31 07:02:35,949 [INFO]   OK: PES2UG19CS456 [c]
2026-07-31 07:02:35,950 [INFO] Processing PES2UG19CS457 (.c)...
2026-07-31 07:02:42,104 [INFO]   OK: PES2UG19CS457 [c]
2026-07-31 07:02:42,104 [INFO] Processing PES2UG19CS459 (.c)...
2026-07-31 07:02:48,211 [INFO]   OK: PES2UG19CS459 [c]
2026-07-31 07:02:48,212 [INFO] Processing PES2UG19CS460 (.c)...
2026-07-31 07:02:54,381 [INFO]   OK: PES2UG19CS460 [c]
2026-07-31 07:02:54,382 [INFO] Processing PES2UG19CS460 (.c)...
2026-07-31 07:03:00,014 [INFO]   OK: PES2UG19CS460 [c]
2026-07-31 07:03:00,014 [INFO] Processing PES2UG19CS462 (.c)...
2026-07-31 07:03:05,036 [INFO]   OK: PES2UG19CS462 [c]
2026-07-31 07:03:05,037 [INFO] Processing PES2UG19CS463 (.c)...
2026-07-31 07:03:10,139 [INFO]   OK: PES2UG19CS463 [c]
2026-07-31 07:03:10,140 [INFO] Processing PES2UG19CS463 (.c)...
2026-07-31 07:03:15,680 [INFO]   OK: PES2UG19CS463 [c]
2026-07-31 07:03:15,680 [INFO] Processing PES2UG19CS464 (.c)...
2026-07-31 07:03:22,067 [INFO]   OK: PES2UG19CS464 [c]
2026-07-31 07:03:22,067 [INFO] Processing PES2UG19CS467 (.c)...
2026-07-31 07:03:28,048 [INFO]   OK: PES2UG19CS467 [c]
2026-07-31 07:03:28,049 [INFO] Processing PES2UG19CS902 (.c)...
2026-07-31 07:03:33,653 [INFO]   OK: PES2UG19CS902 [c]
2026-07-31 07:03:33,653 [WARNING]   IGNORED (not a recognized source file): G_PES2UG19CS903_Week5 - Deepika Sai.pdf
2026-07-31 07:03:33,654 [INFO] Processing PES2UG19CS903 (.c)...
2026-07-31 07:03:39,165 [INFO]   OK: PES2UG19CS903 [c]
2026-07-31 07:03:39,166 [INFO] Processing PES2UG19CS904 (.c)...
2026-07-31 07:03:44,691 [INFO]   OK: PES2UG19CS904 [c]
2026-07-31 07:03:44,691 [INFO] Processing PES2UG19CS905 (.c)...
2026-07-31 07:03:49,959 [INFO]   OK: PES2UG19CS905 [c]
2026-07-31 07:03:49,960 [INFO] Processing PES2UG19CS908 (.c)...
2026-07-31 07:03:56,150 [INFO]   OK: PES2UG19CS908 [c]
2026-07-31 07:03:56,150 [INFO] Processing PES2UG19CS910 (.c)...
2026-07-31 07:04:01,439 [INFO]   OK: PES2UG19CS910 [c]
2026-07-31 07:04:01,439 [INFO] Processing PES2UG19CS162 (.c)...
2026-07-31 07:04:07,185 [INFO]   OK: PES2UG19CS162 [c]
2026-07-31 07:04:07,192 [INFO] Done. 329 succeeded, 0 failed, 7 non-source files ignored.
2026-07-31 07:04:13,698 [INFO] Found 421 files in /mnt/c/Users/admin/Downloads/lab_ec/lab_ec/week7/A
2026-07-31 07:04:13,698 [INFO] Processing PES2UG19CS001 (.c)...
2026-07-31 07:04:17,721 [INFO]   OK: PES2UG19CS001 [c]
2026-07-31 07:04:17,722 [INFO] Processing PES2UG19CS002 (.c)...
2026-07-31 07:04:23,433 [INFO]   OK: PES2UG19CS002 [c]
2026-07-31 07:04:23,434 [INFO] Processing PES2UG19CS003 (.c)...
2026-07-31 07:04:29,407 [INFO]   OK: PES2UG19CS003 [c]
2026-07-31 07:04:29,408 [INFO] Processing PES2UG19CS004 (.c)...
2026-07-31 07:06:39,223 [INFO]   OK: PES2UG19CS004 [c]
2026-07-31 07:06:39,224 [INFO] Processing PES2UG19CS005 (.c)...
2026-07-31 07:04:40,865 [INFO]   OK: PES2UG19CS005 [c]
2026-07-31 07:04:40,865 [INFO] Processing PES2UG19CS005 (.c)...
2026-07-31 07:04:46,746 [INFO]   OK: PES2UG19CS005 [c]
2026-07-31 07:04:46,746 [INFO] Processing PES2UG19CS007 (.c)...
2026-07-31 07:04:52,251 [INFO]   OK: PES2UG19CS007 [c]
2026-07-31 07:04:52,251 [INFO] Processing PES2UG19CS008 (.c)...
2026-07-31 07:04:57,695 [INFO]   OK: PES2UG19CS008 [c]
2026-07-31 07:04:57,695 [INFO] Processing PES2UG19CS010 (.c)...
2026-07-31 07:05:04,127 [INFO]   OK: PES2UG19CS010 [c]
2026-07-31 07:05:04,127 [INFO] Processing PES2UG19CS011 (.c)...
2026-07-31 07:05:10,258 [INFO]   OK: PES2UG19CS011 [c]
2026-07-31 07:05:10,259 [INFO] Processing PES2UG19CS012 (.c)...
2026-07-31 07:05:15,702 [INFO]   OK: PES2UG19CS012 [c]
2026-07-31 07:05:15,702 [INFO] Processing PES2UG19CS013 (.c)...
2026-07-31 07:05:20,865 [INFO]   OK: PES2UG19CS013 [c]
2026-07-31 07:05:20,865 [INFO] Processing PES2UG19CS014 (.c)...
2026-07-31 07:05:26,368 [INFO]   OK: PES2UG19CS014 [c]
2026-07-31 07:05:26,368 [INFO] Processing PES2UG19CS015 (.c)...
2026-07-31 07:05:32,295 [INFO]   OK: PES2UG19CS015 [c]
2026-07-31 07:05:32,295 [INFO] Processing PES2UG19CS016 (.c)...
2026-07-31 07:05:37,311 [INFO]   OK: PES2UG19CS016 [c]
2026-07-31 07:05:37,311 [INFO] Processing PES2UG19CS017 (.c)...
2026-07-31 07:05:42,690 [INFO]   OK: PES2UG19CS017 [c]
2026-07-31 07:05:42,690 [INFO] Processing PES2UG19CS018 (.c)...
2026-07-31 07:05:48,061 [INFO]   OK: PES2UG19CS018 [c]
2026-07-31 07:05:48,062 [INFO] Processing PES2UG19CS019 (.c)...
2026-07-31 07:05:53,772 [INFO]   OK: PES2UG19CS019 [c]
2026-07-31 07:05:53,772 [INFO] Processing PES2UG19CS020 (.c)...
2026-07-31 07:08:03,115 [INFO]   OK: PES2UG19CS020 [c]
2026-07-31 07:08:03,115 [INFO] Processing PES2UG19CS021 (.c)...
2026-07-31 07:08:09,480 [INFO]   OK: PES2UG19CS021 [c]
2026-07-31 07:08:09,481 [INFO] Processing PES2UG19CS022 (.c)...
2026-07-31 07:06:11,344 [INFO]   OK: PES2UG19CS022 [c]
2026-07-31 07:06:11,344 [INFO] Processing PES2UG19CS023 (.c)...
2026-07-31 07:06:17,017 [INFO]   OK: PES2UG19CS023 [c]
2026-07-31 07:06:17,017 [INFO] Processing PES2UG19CS023 (.c)...
2026-07-31 07:06:22,343 [INFO]   OK: PES2UG19CS023 [c]
2026-07-31 07:06:22,344 [INFO] Processing PES2UG19CS024 (.c)...
2026-07-31 07:06:27,485 [INFO]   OK: PES2UG19CS024 [c]
2026-07-31 07:06:27,486 [INFO] Processing PES2UG19CS025 (.c)...
2026-07-31 07:06:33,001 [INFO]   OK: PES2UG19CS025 [c]
2026-07-31 07:06:33,001 [INFO] Processing PES2UG19CS026 (.c)...
2026-07-31 07:06:38,649 [INFO]   OK: PES2UG19CS026 [c]
2026-07-31 07:06:38,650 [INFO] Processing PES2UG19CS027 (.c)...
2026-07-31 07:06:44,258 [INFO]   OK: PES2UG19CS027 [c]
2026-07-31 07:06:44,258 [INFO] Processing PES2UG19CS028 (.c)...
2026-07-31 07:06:50,059 [INFO]   OK: PES2UG19CS028 [c]
2026-07-31 07:06:50,059 [INFO] Processing PES2UG19CS028 (.c)...
2026-07-31 07:06:55,517 [INFO]   OK: PES2UG19CS028 [c]
2026-07-31 07:06:55,518 [INFO] Processing PES2UG19CS029 (.c)...
2026-07-31 07:07:00,612 [INFO]   OK: PES2UG19CS029 [c]
2026-07-31 07:07:00,613 [INFO] Processing PES2UG19CS030 (.c)...
2026-07-31 07:07:06,002 [INFO]   OK: PES2UG19CS030 [c]
2026-07-31 07:07:06,002 [INFO] Processing PES2UG19CS031 (.c)...
2026-07-31 07:07:11,735 [INFO]   OK: PES2UG19CS031 [c]
2026-07-31 07:07:11,736 [INFO] Processing PES2UG19CS032 (.c)...
2026-07-31 07:07:17,323 [INFO]   OK: PES2UG19CS032 [c]
2026-07-31 07:07:17,324 [INFO] Processing PES2UG19CS034 (.c)...
2026-07-31 07:07:23,446 [INFO]   OK: PES2UG19CS034 [c]
2026-07-31 07:07:23,447 [INFO] Processing PES2UG19CS035 (.c)...
2026-07-31 07:07:28,840 [INFO]   OK: PES2UG19CS035 [c]
2026-07-31 07:07:28,841 [INFO] Processing PES2UG19CS036 (.c)...
2026-07-31 07:07:35,414 [INFO]   OK: PES2UG19CS036 [c]
2026-07-31 07:07:35,414 [INFO] Processing PES2UG19CS037 (.c)...
2026-07-31 07:07:40,595 [INFO]   OK: PES2UG19CS037 [c]
2026-07-31 07:07:40,596 [INFO] Processing PES2UG19CS038 (.c)...
2026-07-31 07:07:46,462 [INFO]   OK: PES2UG19CS038 [c]
2026-07-31 07:07:46,462 [INFO] Processing PES2UG19CS039 (.c)...
2026-07-31 07:07:51,862 [INFO]   OK: PES2UG19CS039 [c]
2026-07-31 07:07:51,862 [INFO] Processing PES2UG19CS041 (.c)...
2026-07-31 07:07:57,242 [INFO]   OK: PES2UG19CS041 [c]
2026-07-31 07:07:57,242 [INFO] Processing PES2UG19CS042 (.c)...
2026-07-31 07:08:02,498 [INFO]   OK: PES2UG19CS042 [c]
2026-07-31 07:08:02,499 [INFO] Processing PES2UG19CS043 (.c)...
2026-07-31 07:08:08,393 [INFO]   OK: PES2UG19CS043 [c]
2026-07-31 07:08:08,394 [INFO] Processing PES2UG19CS044 (.c)...
2026-07-31 07:08:14,179 [INFO]   OK: PES2UG19CS044 [c]
2026-07-31 07:08:14,179 [INFO] Processing PES2UG19CS045 (.c)...
2026-07-31 07:08:20,012 [INFO]   OK: PES2UG19CS045 [c]
2026-07-31 07:08:20,013 [INFO] Processing PES2UG19CS045 (.c)...
2026-07-31 07:08:25,810 [INFO]   OK: PES2UG19CS045 [c]
2026-07-31 07:08:25,810 [INFO] Processing PES2UG19CS046 (.c)...
2026-07-31 07:10:34,584 [INFO]   OK: PES2UG19CS046 [c]
2026-07-31 07:10:34,584 [INFO] Processing PES2UG19CS047 (.c)...
2026-07-31 07:08:36,011 [INFO]   OK: PES2UG19CS047 [c]
2026-07-31 07:08:36,012 [INFO] Processing PES2UG19CS048 (.c)...
2026-07-31 07:08:41,886 [INFO]   OK: PES2UG19CS048 [c]
2026-07-31 07:08:41,886 [INFO] Processing PES2UG19CS049 (.c)...
2026-07-31 07:08:47,724 [INFO]   OK: PES2UG19CS049 [c]
2026-07-31 07:08:47,725 [INFO] Processing PES2UG19CS050 (.c)...
2026-07-31 07:08:53,283 [INFO]   OK: PES2UG19CS050 [c]
2026-07-31 07:08:53,283 [INFO] Processing PES2UG19CS050 (.c)...
2026-07-31 07:08:58,665 [INFO]   OK: PES2UG19CS050 [c]
2026-07-31 07:08:58,666 [INFO] Processing PES2UG19CS051 (.c)...
2026-07-31 07:09:03,785 [INFO]   OK: PES2UG19CS051 [c]
2026-07-31 07:09:03,786 [INFO] Processing PES2UG19CS052 (.c)...
2026-07-31 07:09:09,726 [INFO]   OK: PES2UG19CS052 [c]
2026-07-31 07:09:09,726 [INFO] Processing PES2UG19CS053 (.c)...
2026-07-31 07:09:15,201 [INFO]   OK: PES2UG19CS053 [c]
2026-07-31 07:09:15,201 [INFO] Processing PES2UG19CS054 (.c)...
2026-07-31 07:09:20,773 [INFO]   OK: PES2UG19CS054 [c]
2026-07-31 07:09:20,774 [INFO] Processing PES2UG19CS055 (.c)...
2026-07-31 07:09:26,762 [INFO]   OK: PES2UG19CS055 [c]
2026-07-31 07:09:26,763 [INFO] Processing PES2UG19CS056 (.c)...
2026-07-31 07:09:32,175 [INFO]   OK: PES2UG19CS056 [c]
2026-07-31 07:09:32,175 [INFO] Processing PES2UG19CS057 (.c)...
2026-07-31 07:09:37,509 [INFO]   OK: PES2UG19CS057 [c]
2026-07-31 07:09:37,510 [INFO] Processing PES2UG19CS058 (.c)...
2026-07-31 07:09:42,796 [INFO]   OK: PES2UG19CS058 [c]
2026-07-31 07:09:42,796 [INFO] Processing PES2UG19CS059 (.c)...
2026-07-31 07:09:49,047 [INFO]   OK: PES2UG19CS059 [c]
2026-07-31 07:09:49,048 [INFO] Processing PES2UG19CS060 (.c)...
2026-07-31 07:09:54,631 [INFO]   OK: PES2UG19CS060 [c]
2026-07-31 07:09:54,631 [INFO] Processing PES2UG19CS061 (.c)...
2026-07-31 07:10:00,104 [INFO]   OK: PES2UG19CS061 [c]
2026-07-31 07:10:00,105 [INFO] Processing PES2UG19CS062 (.c)...
2026-07-31 07:10:05,709 [INFO]   OK: PES2UG19CS062 [c]
2026-07-31 07:10:05,710 [INFO] Processing PES2UG19CS063 (.c)...
2026-07-31 07:10:11,711 [INFO]   OK: PES2UG19CS063 [c]
2026-07-31 07:10:11,711 [INFO] Processing PES2UG19CS064 (.c)...
2026-07-31 07:10:17,205 [INFO]   OK: PES2UG19CS064 [c]
2026-07-31 07:10:17,205 [INFO] Processing PES2UG19CS065 (.c)...
2026-07-31 07:10:22,568 [INFO]   OK: PES2UG19CS065 [c]
2026-07-31 07:10:22,569 [INFO] Processing PES2UG19CS065 (.c)...
2026-07-31 07:10:27,941 [INFO]   OK: PES2UG19CS065 [c]
2026-07-31 07:10:27,942 [INFO] Processing PES2UG19CS066 (.c)...
2026-07-31 07:10:33,815 [INFO]   OK: PES2UG19CS066 [c]
2026-07-31 07:10:33,815 [INFO] Processing PES2UG19CS901 (.c)...
2026-07-31 07:10:39,361 [INFO]   OK: PES2UG19CS901 [c]
2026-07-31 07:10:39,362 [INFO] Processing PES2UG19CS073 (.c)...
2026-07-31 07:10:44,544 [INFO]   OK: PES2UG19CS073 [c]
2026-07-31 07:10:44,544 [INFO] Processing PES2UG19CS073 (.c)...
2026-07-31 07:10:50,583 [INFO]   OK: PES2UG19CS073 [c]
2026-07-31 07:10:50,584 [INFO] Processing PES2UG19CS068 (.c)...
2026-07-31 07:12:59,870 [INFO]   OK: PES2UG19CS068 [c]
2026-07-31 07:12:59,871 [INFO] Processing PES2UG19CS069 (.c)...
2026-07-31 07:11:02,283 [INFO]   OK: PES2UG19CS069 [c]
2026-07-31 07:11:02,284 [INFO] Processing PES2UG19CS070 (.c)...
2026-07-31 07:11:07,523 [INFO]   OK: PES2UG19CS070 [c]
2026-07-31 07:11:07,524 [INFO] Processing PES2UG19CS071 (.c)...
2026-07-31 07:11:13,163 [INFO]   OK: PES2UG19CS071 [c]
2026-07-31 07:11:13,163 [INFO] Processing PES2UG19CS071 (.c)...
2026-07-31 07:11:19,238 [INFO]   OK: PES2UG19CS071 [c]
2026-07-31 07:11:19,238 [INFO] Processing PES2UG19CS074 (.c)...
2026-07-31 07:11:25,142 [INFO]   OK: PES2UG19CS074 [c]
2026-07-31 07:11:25,143 [INFO] Processing PES2UG19CS075 (.c)...
2026-07-31 07:11:30,949 [INFO]   OK: PES2UG19CS075 [c]
2026-07-31 07:11:30,950 [INFO] Processing PES2UG19CS076 (.c)...
2026-07-31 07:11:36,795 [INFO]   OK: PES2UG19CS076 [c]
2026-07-31 07:11:36,796 [INFO] Processing PES2UG19CS077 (.c)...
2026-07-31 07:11:41,566 [INFO]   OK: PES2UG19CS077 [c]
2026-07-31 07:11:41,567 [INFO] Processing PES2UG19CS078 (.c)...
2026-07-31 07:11:47,124 [INFO]   OK: PES2UG19CS078 [c]
2026-07-31 07:11:47,124 [INFO] Processing PES2UG19CS079 (.c)...
2026-07-31 07:11:52,921 [INFO]   OK: PES2UG19CS079 [c]
2026-07-31 07:11:52,922 [INFO] Processing PES2UG19CS082 (.C)...
2026-07-31 07:11:57,137 [INFO]   OK: PES2UG19CS082 [c]
2026-07-31 07:11:57,137 [INFO] Processing PES2UG19CS083 (.c)...
2026-07-31 07:12:02,891 [INFO]   OK: PES2UG19CS083 [c]
2026-07-31 07:12:02,892 [INFO] Processing PES2UG19CS084 (.c)...
2026-07-31 07:12:08,883 [INFO]   OK: PES2UG19CS084 [c]
2026-07-31 07:12:08,883 [INFO] Processing PES2UG19CS086 (.c)...
2026-07-31 07:12:13,932 [INFO]   OK: PES2UG19CS086 [c]
2026-07-31 07:12:13,932 [INFO] Processing PES2UG19CS087 (.c)...
2026-07-31 07:12:19,443 [INFO]   OK: PES2UG19CS087 [c]
2026-07-31 07:12:19,443 [INFO] Processing PES2UG19CS088 (.c)...
2026-07-31 07:12:24,968 [INFO]   OK: PES2UG19CS088 [c]
2026-07-31 07:12:24,969 [INFO] Processing PES2UG19CS089 (.c)...
2026-07-31 07:12:30,397 [INFO]   OK: PES2UG19CS089 [c]
2026-07-31 07:12:30,397 [INFO] Processing PES2UG19CS091 (.c)...
2026-07-31 07:12:35,784 [INFO]   OK: PES2UG19CS091 [c]
2026-07-31 07:12:35,785 [INFO] Processing PES2UG19CS092 (.c)...
2026-07-31 07:12:41,688 [INFO]   OK: PES2UG19CS092 [c]
2026-07-31 07:12:41,689 [INFO] Processing PES2UG19CS093 (.c)...
2026-07-31 07:12:47,837 [INFO]   OK: PES2UG19CS093 [c]
2026-07-31 07:12:47,837 [INFO] Processing PES2UG19CS095 (.c)...
2026-07-31 07:12:53,572 [INFO]   OK: PES2UG19CS095 [c]
2026-07-31 07:12:53,572 [INFO] Processing PES2UG19CS097 (.C)...
2026-07-31 07:12:58,192 [INFO]   OK: PES2UG19CS097 [c]
2026-07-31 07:12:58,192 [INFO] Processing PES2UG19CS099 (.c)...
2026-07-31 07:15:07,703 [INFO]   OK: PES2UG19CS099 [c]
2026-07-31 07:15:07,704 [INFO] Processing PES2UG19CS100 (.c)...
2026-07-31 07:15:13,043 [INFO]   OK: PES2UG19CS100 [c]
2026-07-31 07:15:13,044 [INFO] Processing PES2UG19CS101 (.c)...
2026-07-31 07:15:18,116 [INFO]   OK: PES2UG19CS101 [c]
2026-07-31 07:15:18,116 [INFO] Processing PES2UG19CS102 (.c)...
2026-07-31 07:13:20,127 [INFO]   OK: PES2UG19CS102 [c]
2026-07-31 07:13:20,127 [INFO] Processing PES2UG19CS103 (.c)...
2026-07-31 07:13:25,946 [INFO]   OK: PES2UG19CS103 [c]
2026-07-31 07:13:25,946 [INFO] Processing PES2UG19CS104 (.c)...
2026-07-31 07:13:31,601 [INFO]   OK: PES2UG19CS104 [c]
2026-07-31 07:13:31,602 [INFO] Processing PES2UG19CS105 (.c)...
2026-07-31 07:13:37,833 [INFO]   OK: PES2UG19CS105 [c]
2026-07-31 07:13:37,834 [INFO] Processing PES2UG19CS106 (.c)...
2026-07-31 07:13:43,229 [INFO]   OK: PES2UG19CS106 [c]
2026-07-31 07:13:43,230 [INFO] Processing PES2UG19CS109 (.c)...
2026-07-31 07:13:48,978 [INFO]   OK: PES2UG19CS109 [c]
2026-07-31 07:13:48,979 [INFO] Processing PES2UG19CS110 (.c)...
2026-07-31 07:13:54,356 [INFO]   OK: PES2UG19CS110 [c]
2026-07-31 07:13:54,356 [INFO] Processing PES2UG19CS111 (.c)...
2026-07-31 07:13:59,655 [INFO]   OK: PES2UG19CS111 [c]
2026-07-31 07:13:59,655 [INFO] Processing PES2UG19CS112 (.c)...
2026-07-31 07:14:04,550 [INFO]   OK: PES2UG19CS112 [c]
2026-07-31 07:14:04,551 [INFO] Processing PES2UG19CS113 (.c)...
2026-07-31 07:14:10,677 [INFO]   OK: PES2UG19CS113 [c]
2026-07-31 07:14:10,677 [INFO] Processing PES2UG19CS114 (.c)...
2026-07-31 07:16:20,161 [INFO]   OK: PES2UG19CS114 [c]
2026-07-31 07:16:20,162 [INFO] Processing PES2UG19CS117 (.c)...
2026-07-31 07:14:22,037 [INFO]   OK: PES2UG19CS117 [c]
2026-07-31 07:14:22,038 [INFO] Processing PES2UG19CS118 (.c)...
2026-07-31 07:14:27,746 [INFO]   OK: PES2UG19CS118 [c]
2026-07-31 07:14:27,746 [INFO] Processing PES2UG19CS119 (.c)...
2026-07-31 07:14:33,574 [INFO]   OK: PES2UG19CS119 [c]
2026-07-31 07:14:33,574 [INFO] Processing PES2UG19CS120 (.c)...
2026-07-31 07:14:39,472 [INFO]   OK: PES2UG19CS120 [c]
2026-07-31 07:14:39,473 [INFO] Processing PES2UG19CS122 (.c)...
2026-07-31 07:14:45,514 [INFO]   OK: PES2UG19CS122 [c]
2026-07-31 07:14:45,514 [INFO] Processing PES2UG19CS125 (.c)...
2026-07-31 07:14:51,428 [INFO]   OK: PES2UG19CS125 [c]
2026-07-31 07:14:51,429 [INFO] Processing PES2UG19CS127 (.c)...
2026-07-31 07:14:57,064 [INFO]   OK: PES2UG19CS127 [c]
2026-07-31 07:14:57,064 [INFO] Processing PES2UG19CS129 (.c)...
2026-07-31 07:15:02,541 [INFO]   OK: PES2UG19CS129 [c]
2026-07-31 07:15:02,542 [INFO] Processing PES2UG19CS130 (.c)...
2026-07-31 07:15:08,438 [INFO]   OK: PES2UG19CS130 [c]
2026-07-31 07:15:08,438 [INFO] Processing PES2UG19CS131 (.c)...
2026-07-31 07:15:13,323 [INFO]   OK: PES2UG19CS131 [c]
2026-07-31 07:15:13,323 [INFO] Processing PES2UG19CS132 (.c)...
2026-07-31 07:15:19,329 [INFO]   OK: PES2UG19CS132 [c]
2026-07-31 07:15:19,329 [INFO] Processing PES2UG19CS134 (.c)...
2026-07-31 07:15:25,011 [INFO]   OK: PES2UG19CS134 [c]
2026-07-31 07:15:25,012 [INFO] Processing PES2UG19CS134 (.c)...
2026-07-31 07:15:30,795 [INFO]   OK: PES2UG19CS134 [c]
2026-07-31 07:15:30,796 [INFO] Processing PES2UG19CS394 (.c)...
2026-07-31 07:17:40,377 [INFO]   OK: PES2UG19CS394 [c]
2026-07-31 07:17:40,378 [INFO] Processing PES2UG19CS452 (.c)...
2026-07-31 07:15:42,203 [INFO]   OK: PES2UG19CS452 [c]
2026-07-31 07:15:42,204 [INFO] Processing C_PES2201900759_Week7__Himani_Om (.c)...
2026-07-31 07:15:48,674 [INFO]   OK: C_PES2201900759_Week7__Himani_Om [c]
2026-07-31 07:15:48,674 [INFO] Processing PES2UG19CS136 (.c)...
2026-07-31 07:15:54,060 [INFO]   OK: PES2UG19CS136 [c]
2026-07-31 07:15:54,061 [INFO] Processing PES2UG19CS137 (.c)...
2026-07-31 07:15:59,638 [INFO]   OK: PES2UG19CS137 [c]
2026-07-31 07:15:59,638 [INFO] Processing PES2UG19CS138 (.c)...
2026-07-31 07:16:04,571 [INFO]   OK: PES2UG19CS138 [c]
2026-07-31 07:16:04,572 [INFO] Processing PES2UG19CS143 (.c)...
2026-07-31 07:16:10,294 [INFO]   OK: PES2UG19CS143 [c]
2026-07-31 07:16:10,295 [INFO] Processing PES2UG19CS145 (.c)...
2026-07-31 07:16:15,612 [INFO]   OK: PES2UG19CS145 [c]
2026-07-31 07:16:15,613 [INFO] Processing PES2UG19CS147 (.c)...
2026-07-31 07:18:25,429 [INFO]   OK: PES2UG19CS147 [c]
2026-07-31 07:18:25,430 [INFO] Processing PES2UG19CS148 (.c)...
2026-07-31 07:16:28,061 [INFO]   OK: PES2UG19CS148 [c]
2026-07-31 07:16:28,062 [INFO] Processing PES2UG19CS150 (.c)...
2026-07-31 07:16:33,645 [INFO]   OK: PES2UG19CS150 [c]
2026-07-31 07:16:33,645 [INFO] Processing PES2UG19CS151 (.c)...
2026-07-31 07:16:38,923 [INFO]   OK: PES2UG19CS151 [c]
2026-07-31 07:16:38,923 [INFO] Processing PES2UG19CS152 (.c)...
2026-07-31 07:16:43,724 [INFO]   OK: PES2UG19CS152 [c]
2026-07-31 07:16:43,724 [INFO] Processing PES2UG19CS152 (.c)...
2026-07-31 07:16:49,068 [INFO]   OK: PES2UG19CS152 [c]
2026-07-31 07:16:49,069 [INFO] Processing PES2UG19CS153 (.c)...
2026-07-31 07:16:54,776 [INFO]   OK: PES2UG19CS153 [c]
2026-07-31 07:16:54,777 [INFO] Processing PES2UG19CS156 (.c)...
2026-07-31 07:17:00,510 [INFO]   OK: PES2UG19CS156 [c]
2026-07-31 07:17:00,511 [INFO] Processing PES2UG19CS157 (.c)...
2026-07-31 07:17:06,753 [INFO]   OK: PES2UG19CS157 [c]
2026-07-31 07:17:06,753 [INFO] Processing PES2UG19CS161 (.c)...
2026-07-31 07:17:12,191 [INFO]   OK: PES2UG19CS161 [c]
2026-07-31 07:17:12,191 [INFO] Processing PES2UG19CS163 (.c)...
2026-07-31 07:17:17,849 [INFO]   OK: PES2UG19CS163 [c]
2026-07-31 07:17:17,850 [INFO] Processing PES2UG19CS164 (.c)...
2026-07-31 07:17:23,449 [INFO]   OK: PES2UG19CS164 [c]
2026-07-31 07:17:23,449 [INFO] Processing PES2UG19CS167 (.c)...
2026-07-31 07:17:29,169 [INFO]   OK: PES2UG19CS167 [c]
2026-07-31 07:17:29,169 [INFO] Processing PES2UG19CS169 (.c)...
2026-07-31 07:17:35,991 [INFO]   OK: PES2UG19CS169 [c]
2026-07-31 07:17:35,992 [INFO] Processing PES2UG19CS170 (.c)...
2026-07-31 07:17:41,058 [INFO]   OK: PES2UG19CS170 [c]
2026-07-31 07:17:41,058 [INFO] Processing PES2UG19CS172 (.c)...
2026-07-31 07:17:45,808 [INFO]   OK: PES2UG19CS172 [c]
2026-07-31 07:17:45,808 [INFO] Processing PES2UG19CS176 (.c)...
2026-07-31 07:17:51,667 [INFO]   OK: PES2UG19CS176 [c]
2026-07-31 07:17:51,668 [INFO] Processing PES2UG19CS179 (.c)...
2026-07-31 07:17:58,014 [INFO]   OK: PES2UG19CS179 [c]
2026-07-31 07:17:58,015 [INFO] Processing PES2UG19CS181 (.c)...
2026-07-31 07:18:04,001 [INFO]   OK: PES2UG19CS181 [c]
2026-07-31 07:18:04,001 [INFO] Processing PES2UG19CS183 (.c)...
2026-07-31 07:18:09,737 [INFO]   OK: PES2UG19CS183 [c]
2026-07-31 07:18:09,738 [INFO] Processing PES2UG19CS184 (.c)...
2026-07-31 07:18:15,792 [INFO]   OK: PES2UG19CS184 [c]
2026-07-31 07:18:15,792 [INFO] Processing PES2UG19CS185 (.c)...
2026-07-31 07:18:21,156 [INFO]   OK: PES2UG19CS185 [c]
2026-07-31 07:18:21,156 [WARNING]   IGNORED (not a recognized source file): C_PES2UG19CS186_WEEK7b - KIRAN BS.pdf
2026-07-31 07:18:21,156 [INFO] Processing PES2UG19CS188 (.c)...
2026-07-31 07:18:27,577 [INFO]   OK: PES2UG19CS188 [c]
2026-07-31 07:18:27,578 [INFO] Processing PES2UG19CS189 (.c)...
2026-07-31 07:18:33,129 [INFO]   OK: PES2UG19CS189 [c]
2026-07-31 07:18:33,129 [INFO] Processing PES2UG19CS189 (.c)...
2026-07-31 07:18:38,813 [INFO]   OK: PES2UG19CS189 [c]
2026-07-31 07:18:38,813 [INFO] Processing PES2UG19CS191 (.c)...
2026-07-31 07:18:44,148 [INFO]   OK: PES2UG19CS191 [c]
2026-07-31 07:18:44,148 [INFO] Processing PES2UG19CS192 (.c)...
2026-07-31 07:18:49,140 [INFO]   OK: PES2UG19CS192 [c]
2026-07-31 07:18:49,140 [INFO] Processing PES2UG19CS193 (.c)...
2026-07-31 07:18:54,707 [INFO]   OK: PES2UG19CS193 [c]
2026-07-31 07:18:54,707 [INFO] Processing PES2UG19CS194 (.c)...
2026-07-31 07:19:00,590 [INFO]   OK: PES2UG19CS194 [c]
2026-07-31 07:19:00,591 [INFO] Processing PES2UG19CS195 (.c)...
2026-07-31 07:19:06,652 [INFO]   OK: PES2UG19CS195 [c]
2026-07-31 07:19:06,653 [INFO] Processing PES2UG19CS196 (.c)...
2026-07-31 07:19:12,831 [INFO]   OK: PES2UG19CS196 [c]
2026-07-31 07:19:12,831 [INFO] Processing PES2UG19CS197 (.c)...
2026-07-31 07:19:17,755 [INFO]   OK: PES2UG19CS197 [c]
2026-07-31 07:19:17,756 [INFO] Processing PES2UG19CS278 (.c)...
2026-07-31 07:19:22,889 [INFO]   OK: PES2UG19CS278 [c]
2026-07-31 07:19:22,890 [INFO] Processing PES2UG19CS350 (.c)...
2026-07-31 07:19:28,254 [INFO]   OK: PES2UG19CS350 [c]
2026-07-31 07:19:28,255 [WARNING]   IGNORED (not a recognized source file): C_PES2UG19CS467_Week7 - mani deep
2026-07-31 07:19:28,255 [WARNING]   IGNORED (not a recognized source file): C_PES2UG19CS467_Week7 - mani deep(1)
2026-07-31 07:19:28,256 [WARNING]   IGNORED (not a recognized source file): day7_EC_DS.zip
2026-07-31 07:19:28,256 [WARNING]   IGNORED (not a recognized source file): DS LAB_PES2UG19CS259_Nikhitha S_Sec D_Week7.c - Nikhitha Ks(1).txt
2026-07-31 07:19:28,257 [WARNING]   IGNORED (not a recognized source file): DS LAB_PES2UG19CS259_Nikhitha S_Sec D_Week7.c - Nikhitha Ks.txt
2026-07-31 07:19:28,257 [INFO] Processing PES2UG19CS415 (.c)...
2026-07-31 07:19:33,953 [INFO]   OK: PES2UG19CS415 [c]
2026-07-31 07:19:33,953 [INFO] Processing PES2UG19CS227 (.c)...
2026-07-31 07:19:39,593 [INFO]   OK: PES2UG19CS227 [c]
2026-07-31 07:19:39,594 [INFO] Processing PES2UG19CS200 (.c)...
2026-07-31 07:19:45,492 [INFO]   OK: PES2UG19CS200 [c]
2026-07-31 07:19:45,492 [INFO] Processing PES2UG19CS201 (.c)...
2026-07-31 07:19:51,027 [INFO]   OK: PES2UG19CS201 [c]
2026-07-31 07:19:51,028 [INFO] Processing PES2UG19CS201 (.c)...
2026-07-31 07:22:00,805 [INFO]   OK: PES2UG19CS201 [c]
2026-07-31 07:22:00,806 [INFO] Processing PES2UG19CS202 (.c)...
2026-07-31 07:20:02,820 [INFO]   OK: PES2UG19CS202 [c]
2026-07-31 07:20:02,821 [INFO] Processing PES2UG19CS203 (.c)...
2026-07-31 07:20:09,257 [INFO]   OK: PES2UG19CS203 [c]
2026-07-31 07:20:09,258 [INFO] Processing PES2UG19CS206 (.c)...
2026-07-31 07:20:14,938 [INFO]   OK: PES2UG19CS206 [c]
2026-07-31 07:20:14,939 [INFO] Processing PES2UG19CS207 (.c)...
2026-07-31 07:20:21,011 [INFO]   OK: PES2UG19CS207 [c]
2026-07-31 07:20:21,012 [INFO] Processing PES2UG19CS208 (.c)...
2026-07-31 07:20:27,529 [INFO]   OK: PES2UG19CS208 [c]
2026-07-31 07:20:27,529 [INFO] Processing PES2UG19CS209 (.c)...
2026-07-31 07:20:33,317 [INFO]   OK: PES2UG19CS209 [c]
2026-07-31 07:20:33,318 [INFO] Processing PES2UG19CS210 (.c)...
2026-07-31 07:20:39,415 [INFO]   OK: PES2UG19CS210 [c]
2026-07-31 07:20:39,416 [INFO] Processing PES2UG19CS211 (.c)...
2026-07-31 07:20:45,791 [INFO]   OK: PES2UG19CS211 [c]
2026-07-31 07:20:45,792 [INFO] Processing PES2UG19CS212 (.c)...
2026-07-31 07:20:52,627 [INFO]   OK: PES2UG19CS212 [c]
2026-07-31 07:20:52,627 [INFO] Processing PES2UG19CS213 (.c)...
2026-07-31 07:20:58,975 [INFO]   OK: PES2UG19CS213 [c]
2026-07-31 07:20:58,976 [INFO] Processing PES2UG19CS213 (.c)...
2026-07-31 07:21:05,198 [INFO]   OK: PES2UG19CS213 [c]
2026-07-31 07:21:05,198 [INFO] Processing PES2UG19CS214 (.c)...
2026-07-31 07:21:10,884 [INFO]   OK: PES2UG19CS214 [c]
2026-07-31 07:21:10,884 [INFO] Processing PES2UG19CS215 (.c)...
2026-07-31 07:21:17,118 [INFO]   OK: PES2UG19CS215 [c]
2026-07-31 07:21:17,118 [INFO] Processing PES2UG19CS217 (.c)...
2026-07-31 07:21:22,975 [INFO]   OK: PES2UG19CS217 [c]
2026-07-31 07:21:22,975 [INFO] Processing PES2UG19CS220 (.c)...
2026-07-31 07:21:29,385 [INFO]   OK: PES2UG19CS220 [c]
2026-07-31 07:21:29,385 [INFO] Processing PES2UG19CS223 (.c)...
2026-07-31 07:21:35,204 [INFO]   OK: PES2UG19CS223 [c]
2026-07-31 07:21:35,204 [INFO] Processing PES2UG19CS225 (.c)...
2026-07-31 07:21:41,258 [INFO]   OK: PES2UG19CS225 [c]
2026-07-31 07:21:41,259 [INFO] Processing PES2UG19CS228 (.c)...
2026-07-31 07:23:50,953 [INFO]   OK: PES2UG19CS228 [c]
2026-07-31 07:23:50,954 [INFO] Processing PES2UG19CS233 (.c)...
2026-07-31 07:21:53,124 [INFO]   OK: PES2UG19CS233 [c]
2026-07-31 07:21:53,125 [INFO] Processing PES2UG19CS234 (.c)...
2026-07-31 07:21:59,252 [INFO]   OK: PES2UG19CS234 [c]
2026-07-31 07:21:59,252 [INFO] Processing PES2UG19CS235 (.c)...
2026-07-31 07:22:05,270 [INFO]   OK: PES2UG19CS235 [c]
2026-07-31 07:22:05,271 [INFO] Processing PES2UG19CS237 (.c)...
2026-07-31 07:22:11,224 [INFO]   OK: PES2UG19CS237 [c]
2026-07-31 07:22:11,225 [INFO] Processing PES2UG19CS239 (.c)...
2026-07-31 07:22:17,580 [INFO]   OK: PES2UG19CS239 [c]
2026-07-31 07:22:17,580 [INFO] Processing PES2UG19CS239 (.c)...
2026-07-31 07:22:23,829 [INFO]   OK: PES2UG19CS239 [c]
2026-07-31 07:22:23,830 [INFO] Processing PES2UG19CS240 (.c)...
2026-07-31 07:22:29,591 [INFO]   OK: PES2UG19CS240 [c]
2026-07-31 07:22:29,592 [INFO] Processing PES2UG19CS243 (.c)...
2026-07-31 07:22:35,850 [INFO]   OK: PES2UG19CS243 [c]
2026-07-31 07:22:35,850 [INFO] Processing PES2UG19CS244 (.c)...
2026-07-31 07:22:41,917 [INFO]   OK: PES2UG19CS244 [c]
2026-07-31 07:22:41,918 [INFO] Processing PES2UG19CS245 (.c)...
2026-07-31 07:22:48,380 [INFO]   OK: PES2UG19CS245 [c]
2026-07-31 07:22:48,380 [INFO] Processing PES2UG19CS246 (.c)...
2026-07-31 07:22:55,946 [INFO]   OK: PES2UG19CS246 [c]
2026-07-31 07:22:55,947 [INFO] Processing PES2UG19CS247 (.c)...
2026-07-31 07:23:02,263 [INFO]   OK: PES2UG19CS247 [c]
2026-07-31 07:23:02,263 [INFO] Processing PES2UG19CS248 (.c)...
2026-07-31 07:23:08,208 [INFO]   OK: PES2UG19CS248 [c]
2026-07-31 07:23:08,209 [INFO] Processing PES2UG19CS249 (.c)...
2026-07-31 07:23:14,579 [INFO]   OK: PES2UG19CS249 [c]
2026-07-31 07:23:14,580 [INFO] Processing PES2UG19CS250 (.c)...
2026-07-31 07:23:20,951 [INFO]   OK: PES2UG19CS250 [c]
2026-07-31 07:23:20,951 [INFO] Processing PES2UG19CS251 (.c)...
2026-07-31 07:23:27,291 [INFO]   OK: PES2UG19CS251 [c]
2026-07-31 07:23:27,292 [INFO] Processing PES2UG19CS255 (.c)...
2026-07-31 07:23:33,483 [INFO]   OK: PES2UG19CS255 [c]
2026-07-31 07:23:33,484 [WARNING]   IGNORED (not a recognized source file): D_PES2UG19CS256_Week7 - Nidhi Gupta.pdf
2026-07-31 07:23:33,484 [INFO] Processing PES2UG19CS257 (.c)...
2026-07-31 07:23:40,018 [INFO]   OK: PES2UG19CS257 [c]
2026-07-31 07:23:40,018 [INFO] Processing PES2UG19CS258 (.c)...
2026-07-31 07:23:46,046 [INFO]   OK: PES2UG19CS258 [c]
2026-07-31 07:23:46,047 [INFO] Processing PES2UG19CS261 (.c)...
2026-07-31 07:23:52,425 [INFO]   OK: PES2UG19CS261 [c]
2026-07-31 07:23:52,426 [INFO] Processing PES2UG19CS262 (.c)...
2026-07-31 07:23:58,562 [INFO]   OK: PES2UG19CS262 [c]
2026-07-31 07:23:58,563 [INFO] Processing PES2UG19CS263 (.c)...
2026-07-31 07:24:03,440 [INFO]   OK: PES2UG19CS263 [c]
2026-07-31 07:24:03,442 [INFO] Processing PES2UG19CS471 (.c)...
2026-07-31 07:24:09,776 [INFO]   OK: PES2UG19CS471 [c]
2026-07-31 07:24:09,776 [INFO] Processing PES2UG19CS265 (.c)...
2026-07-31 07:24:16,010 [INFO]   OK: PES2UG19CS265 [c]
2026-07-31 07:24:16,011 [INFO] Processing PES2UG19CS266 (.c)...
2026-07-31 07:24:21,794 [INFO]   OK: PES2UG19CS266 [c]
2026-07-31 07:24:21,795 [INFO] Processing PES2UG19CS267 (.c)...
2026-07-31 07:24:28,311 [INFO]   OK: PES2UG19CS267 [c]
2026-07-31 07:24:28,312 [INFO] Processing PES2UG19CS269 (.c)...
2026-07-31 07:24:34,615 [INFO]   OK: PES2UG19CS269 [c]
2026-07-31 07:24:34,616 [INFO] Processing PES2UG19CS270 (.c)...
2026-07-31 07:24:41,337 [INFO]   OK: PES2UG19CS270 [c]
2026-07-31 07:24:41,337 [INFO] Processing PES2UG19CS272 (.c)...
2026-07-31 07:24:47,910 [INFO]   OK: PES2UG19CS272 [c]
2026-07-31 07:24:47,911 [INFO] Processing PES2UG19CS273 (.c)...
2026-07-31 07:24:54,882 [INFO]   OK: PES2UG19CS273 [c]
2026-07-31 07:24:54,883 [INFO] Processing PES2UG19CS274 (.c)...
2026-07-31 07:25:01,635 [INFO]   OK: PES2UG19CS274 [c]
2026-07-31 07:25:01,636 [INFO] Processing PES2UG19CS274 (.c)...
2026-07-31 07:25:07,841 [INFO]   OK: PES2UG19CS274 [c]
2026-07-31 07:25:07,841 [INFO] Processing PES2UG19CS275 (.c)...
2026-07-31 07:25:12,616 [INFO]   OK: PES2UG19CS275 [c]
2026-07-31 07:25:12,616 [INFO] Processing PES2UG19CS276 (.c)...
2026-07-31 07:25:18,297 [INFO]   OK: PES2UG19CS276 [c]
2026-07-31 07:25:18,297 [INFO] Processing PES2UG19CS277 (.c)...
2026-07-31 07:25:24,006 [INFO]   OK: PES2UG19CS277 [c]
2026-07-31 07:25:24,006 [INFO] Processing PES2UG19CS279 (.c)...
2026-07-31 07:25:29,576 [INFO]   OK: PES2UG19CS279 [c]
2026-07-31 07:25:29,576 [INFO] Processing PES2UG19CS280 (.c)...
2026-07-31 07:25:35,435 [INFO]   OK: PES2UG19CS280 [c]
2026-07-31 07:25:35,436 [INFO] Processing PES2UG19CS280 (.c)...
2026-07-31 07:25:40,652 [INFO]   OK: PES2UG19CS280 [c]
2026-07-31 07:25:40,652 [INFO] Processing PES2UG19CS281 (.c)...
2026-07-31 07:25:46,579 [INFO]   OK: PES2UG19CS281 [c]
2026-07-31 07:25:46,579 [INFO] Processing PES2UG19CS283 (.c)...
2026-07-31 07:25:52,684 [INFO]   OK: PES2UG19CS283 [c]
2026-07-31 07:25:52,685 [INFO] Processing PES2UG19CS284 (.c)...
2026-07-31 07:25:58,503 [INFO]   OK: PES2UG19CS284 [c]
2026-07-31 07:25:58,504 [INFO] Processing PES2UG19CS285 (.c)...
2026-07-31 07:26:04,316 [INFO]   OK: PES2UG19CS285 [c]
2026-07-31 07:26:04,316 [INFO] Processing PES2UG19CS289 (.c)...
2026-07-31 07:26:09,635 [INFO]   OK: PES2UG19CS289 [c]
2026-07-31 07:26:09,636 [INFO] Processing PES2UG19CS293 (.c)...
2026-07-31 07:26:15,603 [INFO]   OK: PES2UG19CS293 [c]
2026-07-31 07:26:15,603 [INFO] Processing PES2UG19CS294 (.c)...
2026-07-31 07:26:21,175 [INFO]   OK: PES2UG19CS294 [c]
2026-07-31 07:26:21,175 [INFO] Processing PES2UG19CS295 (.c)...
2026-07-31 07:26:26,111 [INFO]   OK: PES2UG19CS295 [c]
2026-07-31 07:26:26,112 [INFO] Processing PES2UG19CS295 (.c)...
2026-07-31 07:26:32,236 [INFO]   OK: PES2UG19CS295 [c]
2026-07-31 07:26:32,237 [INFO] Processing PES2UG19CS296 (.c)...
2026-07-31 07:26:38,445 [INFO]   OK: PES2UG19CS296 [c]
2026-07-31 07:26:38,446 [INFO] Processing PES2UG19CS297 (.c)...
2026-07-31 07:26:44,923 [INFO]   OK: PES2UG19CS297 [c]
2026-07-31 07:26:44,924 [INFO] Processing PES2UG19CS298 (.c)...
2026-07-31 07:26:51,004 [INFO]   OK: PES2UG19CS298 [c]
2026-07-31 07:26:51,005 [INFO] Processing PES2UG19CS299 (.c)...
2026-07-31 07:26:56,679 [INFO]   OK: PES2UG19CS299 [c]
2026-07-31 07:26:56,680 [INFO] Processing PES2UG19CS300 (.c)...
2026-07-31 07:27:02,387 [INFO]   OK: PES2UG19CS300 [c]
2026-07-31 07:27:02,388 [INFO] Processing PES2UG19CS301 (.c)...
2026-07-31 07:27:08,738 [INFO]   OK: PES2UG19CS301 [c]
2026-07-31 07:27:08,739 [INFO] Processing PES2UG19CS305 (.c)...
2026-07-31 07:27:15,270 [INFO]   OK: PES2UG19CS305 [c]
2026-07-31 07:27:15,270 [INFO] Processing PES2UG19CS307 (.c)...
2026-07-31 07:27:22,085 [INFO]   OK: PES2UG19CS307 [c]
2026-07-31 07:27:22,086 [INFO] Processing PES2UG19CS309 (.c)...
2026-07-31 07:27:28,997 [INFO]   OK: PES2UG19CS309 [c]
2026-07-31 07:27:28,997 [INFO] Processing PES2UG19CS310 (.c)...
2026-07-31 07:27:34,904 [INFO]   OK: PES2UG19CS310 [c]
2026-07-31 07:27:34,904 [INFO] Processing PES2UG19CS311 (.c)...
2026-07-31 07:27:40,660 [INFO]   OK: PES2UG19CS311 [c]
2026-07-31 07:27:40,660 [INFO] Processing PES2UG19CS312 (.c)...
2026-07-31 07:27:47,072 [INFO]   OK: PES2UG19CS312 [c]
2026-07-31 07:27:47,072 [INFO] Processing PES2UG19CS313 (.c)...
2026-07-31 07:27:53,504 [INFO]   OK: PES2UG19CS313 [c]
2026-07-31 07:27:53,504 [INFO] Processing PES2UG19CS314 (.c)...
2026-07-31 07:27:58,892 [INFO]   OK: PES2UG19CS314 [c]
2026-07-31 07:27:58,892 [INFO] Processing PES2UG19CS315 (.c)...
2026-07-31 07:28:04,638 [INFO]   OK: PES2UG19CS315 [c]
2026-07-31 07:28:04,638 [INFO] Processing PES2UG19CS316 (.c)...
2026-07-31 07:28:10,378 [INFO]   OK: PES2UG19CS316 [c]
2026-07-31 07:28:10,378 [INFO] Processing PES2UG19CS317 (.c)...
2026-07-31 07:28:16,189 [INFO]   OK: PES2UG19CS317 [c]
2026-07-31 07:28:16,190 [INFO] Processing PES2UG19CS319 (.c)...
2026-07-31 07:28:22,729 [INFO]   OK: PES2UG19CS319 [c]
2026-07-31 07:28:22,730 [INFO] Processing PES2UG19CS320 (.c)...
2026-07-31 07:28:28,457 [INFO]   OK: PES2UG19CS320 [c]
2026-07-31 07:28:28,458 [INFO] Processing PES2UG19CS322 (.c)...
2026-07-31 07:28:34,095 [INFO]   OK: PES2UG19CS322 [c]
2026-07-31 07:28:34,096 [INFO] Processing PES2UG19CS324 (.c)...
2026-07-31 07:28:38,820 [INFO]   OK: PES2UG19CS324 [c]
2026-07-31 07:28:38,820 [INFO] Processing PES2UG19CS325 (.c)...
2026-07-31 07:28:44,239 [INFO]   OK: PES2UG19CS325 [c]
2026-07-31 07:28:44,239 [INFO] Processing PES2UG19CS326 (.c)...
2026-07-31 07:28:50,717 [INFO]   OK: PES2UG19CS326 [c]
2026-07-31 07:28:50,717 [INFO] Processing PES2UG19CS327 (.C)...
2026-07-31 07:28:55,542 [INFO]   OK: PES2UG19CS327 [c]
2026-07-31 07:28:55,542 [INFO] Processing PES2UG19CS327 (.c)...
2026-07-31 07:29:00,562 [INFO]   OK: PES2UG19CS327 [c]
2026-07-31 07:29:00,562 [INFO] Processing PES2UG19CS329 (.c)...
2026-07-31 07:29:06,310 [INFO]   OK: PES2UG19CS329 [c]
2026-07-31 07:29:06,311 [INFO] Processing PES2UG19CS330 (.c)...
2026-07-31 07:29:11,989 [INFO]   OK: PES2UG19CS330 [c]
2026-07-31 07:29:11,990 [INFO] Processing PES2UG19CS330 (.c)...
2026-07-31 07:29:17,347 [INFO]   OK: PES2UG19CS330 [c]
2026-07-31 07:29:17,347 [INFO] Processing PES2UG19CS332 (.c)...
2026-07-31 07:29:23,718 [INFO]   OK: PES2UG19CS332 [c]
2026-07-31 07:29:23,719 [INFO] Processing PES2UG19CS333 (.c)...
2026-07-31 07:29:29,657 [INFO]   OK: PES2UG19CS333 [c]
2026-07-31 07:29:29,658 [INFO] Processing PES2UG19CS333 (.c)...
2026-07-31 07:29:35,043 [INFO]   OK: PES2UG19CS333 [c]
2026-07-31 07:29:35,043 [INFO] Processing PES2UG19CS335 (.c)...
2026-07-31 07:29:40,930 [INFO]   OK: PES2UG19CS335 [c]
2026-07-31 07:29:40,930 [INFO] Processing PES2UG19CS336 (.c)...
2026-07-31 07:29:46,682 [INFO]   OK: PES2UG19CS336 [c]
2026-07-31 07:29:46,682 [INFO] Processing PES2UG19CS337 (.c)...
2026-07-31 07:29:52,290 [INFO]   OK: PES2UG19CS337 [c]
2026-07-31 07:29:52,290 [INFO] Processing PES2UG19CS338 (.c)...
2026-07-31 07:29:58,562 [INFO]   OK: PES2UG19CS338 [c]
2026-07-31 07:29:58,563 [INFO] Processing PES2UG19CS339 (.c)...
2026-07-31 07:30:04,026 [INFO]   OK: PES2UG19CS339 [c]
2026-07-31 07:30:04,027 [INFO] Processing PES2UG19CS340 (.c)...
2026-07-31 07:30:10,075 [INFO]   OK: PES2UG19CS340 [c]
2026-07-31 07:30:10,075 [INFO] Processing PES2UG19CS341 (.c)...
2026-07-31 07:30:15,959 [INFO]   OK: PES2UG19CS341 [c]
2026-07-31 07:30:15,959 [INFO] Processing PES2UG19CS342 (.c)...
2026-07-31 07:30:22,000 [INFO]   OK: PES2UG19CS342 [c]
2026-07-31 07:30:22,001 [INFO] Processing PES2UG19CS342 (.c)...
2026-07-31 07:30:28,081 [INFO]   OK: PES2UG19CS342 [c]
2026-07-31 07:30:28,082 [INFO] Processing PES2UG19CS342 (.c)...
2026-07-31 07:30:33,425 [INFO]   OK: PES2UG19CS342 [c]
2026-07-31 07:30:33,426 [INFO] Processing PES2UG19CS343 (.c)...
2026-07-31 07:30:39,078 [INFO]   OK: PES2UG19CS343 [c]
2026-07-31 07:30:39,079 [INFO] Processing PES2UG19CS344 (.c)...
2026-07-31 07:30:44,445 [INFO]   OK: PES2UG19CS344 [c]
2026-07-31 07:30:44,445 [INFO] Processing PES2UG19CS345 (.c)...
2026-07-31 07:30:50,533 [INFO]   OK: PES2UG19CS345 [c]
2026-07-31 07:30:50,534 [INFO] Processing PES2UG19CS346 (.c)...
2026-07-31 07:30:55,993 [INFO]   OK: PES2UG19CS346 [c]
2026-07-31 07:30:55,994 [INFO] Processing PES2UG19CS347 (.c)...
2026-07-31 07:31:02,266 [INFO]   OK: PES2UG19CS347 [c]
2026-07-31 07:31:02,267 [INFO] Processing PES2UG19CS347 (.c)...
2026-07-31 07:31:08,506 [INFO]   OK: PES2UG19CS347 [c]
2026-07-31 07:31:08,506 [INFO] Processing PES2UG19CS348 (.c)...
2026-07-31 07:31:14,109 [INFO]   OK: PES2UG19CS348 [c]
2026-07-31 07:31:14,110 [INFO] Processing PES2UG19CS349 (.c)...
2026-07-31 07:31:19,804 [INFO]   OK: PES2UG19CS349 [c]
2026-07-31 07:31:19,805 [INFO] Processing PES2UG19CS352 (.c)...
2026-07-31 07:31:25,041 [INFO]   OK: PES2UG19CS352 [c]
2026-07-31 07:31:25,042 [INFO] Processing PES2UG19CS353 (.c)...
2026-07-31 07:31:30,406 [INFO]   OK: PES2UG19CS353 [c]
2026-07-31 07:31:30,406 [INFO] Processing PES2UG19CS354 (.c)...
2026-07-31 07:31:35,132 [INFO]   OK: PES2UG19CS354 [c]
2026-07-31 07:31:35,132 [INFO] Processing PES2UG19CS354 (.c)...
2026-07-31 07:31:40,582 [INFO]   OK: PES2UG19CS354 [c]
2026-07-31 07:31:40,583 [INFO] Processing PES2UG19CS355 (.c)...
2026-07-31 07:31:46,706 [INFO]   OK: PES2UG19CS355 [c]
2026-07-31 07:31:46,706 [INFO] Processing PES2UG19CS356 (.c)...
2026-07-31 07:31:52,145 [INFO]   OK: PES2UG19CS356 [c]
2026-07-31 07:31:52,145 [INFO] Processing PES2UG19CS357 (.c)...
2026-07-31 07:31:57,571 [INFO]   OK: PES2UG19CS357 [c]
2026-07-31 07:31:57,571 [INFO] Processing PES2UG19CS358 (.c)...
2026-07-31 07:32:02,783 [INFO]   OK: PES2UG19CS358 [c]
2026-07-31 07:32:02,783 [INFO] Processing PES2UG19CS359 (.c)...
2026-07-31 07:32:08,667 [INFO]   OK: PES2UG19CS359 [c]
2026-07-31 07:32:08,667 [INFO] Processing PES2UG19CS360 (.c)...
2026-07-31 07:32:14,366 [INFO]   OK: PES2UG19CS360 [c]
2026-07-31 07:32:14,367 [INFO] Processing PES2UG19CS361 (.c)...
2026-07-31 07:32:21,063 [INFO]   OK: PES2UG19CS361 [c]
2026-07-31 07:32:21,063 [INFO] Processing PES2UG19CS363 (.c)...
2026-07-31 07:32:26,966 [INFO]   OK: PES2UG19CS363 [c]
2026-07-31 07:32:26,967 [INFO] Processing PES2UG19CS364 (.c)...
2026-07-31 07:32:32,803 [INFO]   OK: PES2UG19CS364 [c]
2026-07-31 07:32:32,803 [INFO] Processing PES2UG19CS365 (.c)...
2026-07-31 07:34:42,273 [INFO]   OK: PES2UG19CS365 [c]
2026-07-31 07:34:42,273 [INFO] Processing PES2UG19CS366 (.c)...
2026-07-31 07:32:43,875 [INFO]   OK: PES2UG19CS366 [c]
2026-07-31 07:32:43,876 [INFO] Processing PES2UG19CS370 (.c)...
2026-07-31 07:32:49,753 [INFO]   OK: PES2UG19CS370 [c]
2026-07-31 07:32:49,754 [INFO] Processing PES2UG19CS371 (.c)...
2026-07-31 07:32:55,446 [INFO]   OK: PES2UG19CS371 [c]
2026-07-31 07:32:55,446 [INFO] Processing PES2UG19CS372 (.c)...
2026-07-31 07:33:01,752 [INFO]   OK: PES2UG19CS372 [c]
2026-07-31 07:33:01,753 [INFO] Processing PES2UG19CS373 (.c)...
2026-07-31 07:33:06,499 [INFO]   OK: PES2UG19CS373 [c]
2026-07-31 07:33:06,500 [INFO] Processing PES2UG19CS375 (.c)...
2026-07-31 07:33:13,243 [INFO]   OK: PES2UG19CS375 [c]
2026-07-31 07:33:13,243 [INFO] Processing PES2UG19CS378 (.c)...
2026-07-31 07:33:19,569 [INFO]   OK: PES2UG19CS378 [c]
2026-07-31 07:33:19,570 [INFO] Processing PES2UG19CS379 (.c)...
2026-07-31 07:33:25,405 [INFO]   OK: PES2UG19CS379 [c]
2026-07-31 07:33:25,406 [INFO] Processing PES2UG19CS380 (.c)...
2026-07-31 07:33:31,185 [INFO]   OK: PES2UG19CS380 [c]
2026-07-31 07:33:31,185 [INFO] Processing PES2UG19CS381 (.c)...
2026-07-31 07:33:37,109 [INFO]   OK: PES2UG19CS381 [c]
2026-07-31 07:33:37,110 [INFO] Processing PES2UG19CS381 (.c)...
2026-07-31 07:33:42,737 [INFO]   OK: PES2UG19CS381 [c]
2026-07-31 07:33:42,737 [INFO] Processing PES2UG19CS382 (.c)...
2026-07-31 07:33:48,594 [INFO]   OK: PES2UG19CS382 [c]
2026-07-31 07:33:48,594 [INFO] Processing PES2UG19CS382 (.c)...
2026-07-31 07:33:54,355 [INFO]   OK: PES2UG19CS382 [c]
2026-07-31 07:33:54,356 [INFO] Processing PES2UG19CS383 (.c)...
2026-07-31 07:33:59,629 [INFO]   OK: PES2UG19CS383 [c]
2026-07-31 07:33:59,630 [INFO] Processing PES2UG19CS385 (.c)...
2026-07-31 07:34:05,627 [INFO]   OK: PES2UG19CS385 [c]
2026-07-31 07:34:05,628 [INFO] Processing PES2UG19CS387 (.C)...
2026-07-31 07:34:09,845 [INFO]   OK: PES2UG19CS387 [c]
2026-07-31 07:34:09,846 [INFO] Processing PES2UG19CS389 (.c)...
2026-07-31 07:34:15,785 [INFO]   OK: PES2UG19CS389 [c]
2026-07-31 07:34:15,786 [INFO] Processing PES2UG19CS389 (.c)...
2026-07-31 07:34:21,490 [INFO]   OK: PES2UG19CS389 [c]
2026-07-31 07:34:21,490 [INFO] Processing PES2UG19CS390 (.c)...
2026-07-31 07:34:27,399 [INFO]   OK: PES2UG19CS390 [c]
2026-07-31 07:34:27,399 [INFO] Processing PES2UG19CS391 (.c)...
2026-07-31 07:34:33,112 [INFO]   OK: PES2UG19CS391 [c]
2026-07-31 07:34:33,112 [INFO] Processing PES2UG19CS392 (.c)...
2026-07-31 07:34:38,038 [INFO]   OK: PES2UG19CS392 [c]
2026-07-31 07:34:38,039 [INFO] Processing PES2UG19CS393 (.c)...
2026-07-31 07:34:43,230 [INFO]   OK: PES2UG19CS393 [c]
2026-07-31 07:34:43,230 [INFO] Processing PES2UG19CS395 (.c)...
2026-07-31 07:34:48,538 [INFO]   OK: PES2UG19CS395 [c]
2026-07-31 07:34:48,539 [INFO] Processing PES2UG19CS396 (.c)...
2026-07-31 07:34:53,653 [INFO]   OK: PES2UG19CS396 [c]
2026-07-31 07:34:53,654 [INFO] Processing PES2UG19CS397 (.c)...
2026-07-31 07:37:02,490 [INFO]   OK: PES2UG19CS397 [c]
2026-07-31 07:37:02,491 [INFO] Processing PES2UG19CS398 (.c)...
2026-07-31 07:35:03,606 [INFO]   OK: PES2UG19CS398 [c]
2026-07-31 07:35:03,606 [INFO] Processing PES2UG19CS399 (.c)...
2026-07-31 07:35:08,654 [INFO]   OK: PES2UG19CS399 [c]
2026-07-31 07:35:08,655 [INFO] Processing PES2UG19CS400 (.c)...
2026-07-31 07:35:14,154 [INFO]   OK: PES2UG19CS400 [c]
2026-07-31 07:35:14,154 [INFO] Processing PES2UG19CS402 (.c)...
2026-07-31 07:37:22,525 [INFO]   OK: PES2UG19CS402 [c]
2026-07-31 07:37:22,525 [INFO] Processing PES2UG19CS470 (.c)...
2026-07-31 07:35:23,506 [INFO]   OK: PES2UG19CS470 [c]
2026-07-31 07:35:23,507 [INFO] Processing PES2UG29CS369 (.c)...
2026-07-31 07:35:28,694 [INFO]   OK: PES2UG29CS369 [c]
2026-07-31 07:35:28,694 [INFO] Processing G_PES2201800143_Week7__Kurnool_Anirudh (.c)...
2026-07-31 07:35:33,472 [INFO]   OK: G_PES2201800143_Week7__Kurnool_Anirudh [c]
2026-07-31 07:35:33,473 [INFO] Processing PES2UG19CS405 (.c)...
2026-07-31 07:35:38,385 [INFO]   OK: PES2UG19CS405 [c]
2026-07-31 07:35:38,385 [INFO] Processing PES2UG19CS406 (.c)...
2026-07-31 07:35:43,517 [INFO]   OK: PES2UG19CS406 [c]
2026-07-31 07:35:43,518 [INFO] Processing PES2UG19CS407 (.c)...
2026-07-31 07:35:48,596 [INFO]   OK: PES2UG19CS407 [c]
2026-07-31 07:35:48,597 [INFO] Processing PES2UG19CS408 (.c)...
2026-07-31 07:35:52,947 [INFO]   OK: PES2UG19CS408 [c]
2026-07-31 07:35:52,948 [INFO] Processing PES2UG19CS410 (.c)...
2026-07-31 07:35:57,913 [INFO]   OK: PES2UG19CS410 [c]
2026-07-31 07:35:57,913 [INFO] Processing PES2UG19CS411 (.c)...
2026-07-31 07:36:02,939 [INFO]   OK: PES2UG19CS411 [c]
2026-07-31 07:36:02,939 [INFO] Processing PES2UG19CS412 (.c)...
2026-07-31 07:36:08,204 [INFO]   OK: PES2UG19CS412 [c]
2026-07-31 07:36:08,204 [INFO] Processing PES2UG19CS413 (.c)...
2026-07-31 07:36:12,899 [INFO]   OK: PES2UG19CS413 [c]
2026-07-31 07:36:12,899 [INFO] Processing PES2UG19CS416 (.c)...
2026-07-31 07:36:17,812 [INFO]   OK: PES2UG19CS416 [c]
2026-07-31 07:36:17,813 [INFO] Processing PES2UG19CS417 (.c)...
2026-07-31 07:36:22,857 [INFO]   OK: PES2UG19CS417 [c]
2026-07-31 07:36:22,858 [INFO] Processing PES2UG19CS418 (.c)...
2026-07-31 07:36:27,827 [INFO]   OK: PES2UG19CS418 [c]
2026-07-31 07:36:27,828 [INFO] Processing PES2UG19CS419 (.c)...
2026-07-31 07:36:32,650 [INFO]   OK: PES2UG19CS419 [c]
2026-07-31 07:36:32,650 [INFO] Processing PES2UG19CS420 (.c)...
2026-07-31 07:36:37,569 [INFO]   OK: PES2UG19CS420 [c]
2026-07-31 07:36:37,570 [INFO] Processing PES2UG19CS421 (.c)...
2026-07-31 07:36:42,491 [INFO]   OK: PES2UG19CS421 [c]
2026-07-31 07:36:42,492 [INFO] Processing PES2UG19CS422 (.c)...
2026-07-31 07:36:47,525 [INFO]   OK: PES2UG19CS422 [c]
2026-07-31 07:36:47,526 [INFO] Processing PES2UG19CS423 (.c)...
2026-07-31 07:36:52,811 [INFO]   OK: PES2UG19CS423 [c]
2026-07-31 07:36:52,811 [INFO] Processing PES2UG19CS424 (.C)...
2026-07-31 07:36:56,676 [INFO]   OK: PES2UG19CS424 [c]
2026-07-31 07:36:56,676 [INFO] Processing PES2UG19CS425 (.c)...
2026-07-31 07:37:01,599 [INFO]   OK: PES2UG19CS425 [c]
2026-07-31 07:37:01,599 [INFO] Processing PES2UG19CS427 (.c)...
2026-07-31 07:37:05,947 [INFO]   OK: PES2UG19CS427 [c]
2026-07-31 07:37:05,948 [INFO] Processing PES2UG19CS428 (.c)...
2026-07-31 07:37:11,231 [INFO]   OK: PES2UG19CS428 [c]
2026-07-31 07:37:11,232 [INFO] Processing PES2UG19CS429 (.c)...
2026-07-31 07:37:16,331 [INFO]   OK: PES2UG19CS429 [c]
2026-07-31 07:37:16,332 [INFO] Processing PES2UG19CS430 (.c)...
2026-07-31 07:37:20,923 [INFO]   OK: PES2UG19CS430 [c]
2026-07-31 07:37:20,923 [INFO] Processing PES2UG19CS431 (.c)...
2026-07-31 07:37:25,501 [INFO]   OK: PES2UG19CS431 [c]
2026-07-31 07:37:25,501 [INFO] Processing PES2UG19CS432 (.c)...
2026-07-31 07:37:30,665 [INFO]   OK: PES2UG19CS432 [c]
2026-07-31 07:37:30,665 [INFO] Processing PES2UG19CS433 (.c)...
2026-07-31 07:37:35,534 [INFO]   OK: PES2UG19CS433 [c]
2026-07-31 07:37:35,534 [INFO] Processing PES2UG19CS434 (.c)...
2026-07-31 07:37:40,287 [INFO]   OK: PES2UG19CS434 [c]
2026-07-31 07:37:40,288 [INFO] Processing PES2UG19CS435 (.c)...
2026-07-31 07:37:44,463 [INFO]   OK: PES2UG19CS435 [c]
2026-07-31 07:37:44,463 [INFO] Processing PES2UG19CS436 (.c)...
2026-07-31 07:39:52,902 [INFO]   OK: PES2UG19CS436 [c]
2026-07-31 07:39:52,902 [INFO] Processing PES2UG19CS437 (.c)...
2026-07-31 07:37:53,917 [INFO]   OK: PES2UG19CS437 [c]
2026-07-31 07:37:53,918 [INFO] Processing PES2UG19CS438 (.c)...
2026-07-31 07:37:58,890 [INFO]   OK: PES2UG19CS438 [c]
2026-07-31 07:37:58,890 [INFO] Processing PES2UG19CS439 (.c)...
2026-07-31 07:38:03,805 [INFO]   OK: PES2UG19CS439 [c]
2026-07-31 07:38:03,806 [INFO] Processing PES2UG19CS440 (.c)...
2026-07-31 07:38:08,995 [INFO]   OK: PES2UG19CS440 [c]
2026-07-31 07:38:08,995 [INFO] Processing PES2UG19CS441 (.c)...
2026-07-31 07:40:17,794 [INFO]   OK: PES2UG19CS441 [c]
2026-07-31 07:40:17,795 [INFO] Processing PES2UG19CS442 (.c)...
2026-07-31 07:38:19,058 [INFO]   OK: PES2UG19CS442 [c]
2026-07-31 07:38:19,059 [INFO] Processing PES2UG19CS443 (.c)...
2026-07-31 07:38:23,741 [INFO]   OK: PES2UG19CS443 [c]
2026-07-31 07:38:23,742 [INFO] Processing PES2UG19CS444 (.c)...
2026-07-31 07:38:28,710 [INFO]   OK: PES2UG19CS444 [c]
2026-07-31 07:38:28,710 [INFO] Processing PES2UG19CS444 (.c)...
2026-07-31 07:38:33,839 [INFO]   OK: PES2UG19CS444 [c]
2026-07-31 07:38:33,840 [INFO] Processing PES2UG19CS445 (.c)...
2026-07-31 07:38:38,620 [INFO]   OK: PES2UG19CS445 [c]
2026-07-31 07:38:38,621 [WARNING]   IGNORED (not a recognized source file): G_PES2UG19CS446_NithyaReddy_Week7 - Vanga Bala Nava Sai Sri Nithya Reddy.pdf
2026-07-31 07:38:38,621 [INFO] Processing PES2UG19CS448 (.c)...
2026-07-31 07:38:43,105 [INFO]   OK: PES2UG19CS448 [c]
2026-07-31 07:38:43,105 [INFO] Processing PES2UG19CS449 (.c)...
2026-07-31 07:38:47,505 [INFO]   OK: PES2UG19CS449 [c]
2026-07-31 07:38:47,506 [INFO] Processing PES2UG19CS450 (.c)...
2026-07-31 07:38:52,112 [INFO]   OK: PES2UG19CS450 [c]
2026-07-31 07:38:52,113 [INFO] Processing PES2UG19CS451 (.c)...
2026-07-31 07:38:56,623 [INFO]   OK: PES2UG19CS451 [c]
2026-07-31 07:38:56,623 [INFO] Processing PES2UG19CS453 (.c)...
2026-07-31 07:39:01,625 [INFO]   OK: PES2UG19CS453 [c]
2026-07-31 07:39:01,625 [INFO] Processing PES2UG19CS454 (.c)...
2026-07-31 07:39:06,341 [INFO]   OK: PES2UG19CS454 [c]
2026-07-31 07:39:06,341 [INFO] Processing PES2UG19CS455 (.c)...
2026-07-31 07:39:11,061 [INFO]   OK: PES2UG19CS455 [c]
2026-07-31 07:39:11,062 [INFO] Processing PES2UG19CS456 (.C)...
2026-07-31 07:39:14,767 [INFO]   OK: PES2UG19CS456 [c]
2026-07-31 07:39:14,768 [INFO] Processing PES2UG19CS457 (.c)...
2026-07-31 07:39:19,780 [INFO]   OK: PES2UG19CS457 [c]
2026-07-31 07:39:19,780 [INFO] Processing PES2UG19CS459 (.c)...
2026-07-31 07:41:27,930 [INFO]   OK: PES2UG19CS459 [c]
2026-07-31 07:41:27,930 [INFO] Processing PES2UG19CS460 (.c)...
2026-07-31 07:39:28,945 [INFO]   OK: PES2UG19CS460 [c]
2026-07-31 07:39:28,945 [INFO] Processing PES2UG19CS461 (.c)...
2026-07-31 07:39:33,600 [INFO]   OK: PES2UG19CS461 [c]
2026-07-31 07:39:33,600 [INFO] Processing PES2UG19CS461 (.c)...
2026-07-31 07:39:38,577 [INFO]   OK: PES2UG19CS461 [c]
2026-07-31 07:39:38,577 [INFO] Processing PES2UG19CS462 (.c)...
2026-07-31 07:39:43,198 [INFO]   OK: PES2UG19CS462 [c]
2026-07-31 07:39:43,198 [INFO] Processing PES2UG19CS463 (.c)...
2026-07-31 07:39:47,783 [INFO]   OK: PES2UG19CS463 [c]
2026-07-31 07:39:47,783 [INFO] Processing PES2UG19CS463 (.c)...
2026-07-31 07:39:52,744 [INFO]   OK: PES2UG19CS463 [c]
2026-07-31 07:39:52,745 [INFO] Processing PES2UG19CS464 (.c)...
2026-07-31 07:39:57,428 [INFO]   OK: PES2UG19CS464 [c]
2026-07-31 07:39:57,429 [INFO] Processing PES2UG19CS465 (.c)...
2026-07-31 07:40:02,460 [INFO]   OK: PES2UG19CS465 [c]
2026-07-31 07:40:02,460 [WARNING]   IGNORED (not a recognized source file): G_PES2UG19CS467_Week7 - mani deep
2026-07-31 07:40:02,461 [WARNING]   IGNORED (not a recognized source file): G_PES2UG19CS467_Week7 - mani deep(1)
2026-07-31 07:40:02,461 [INFO] Processing PES2UG19CS902 (.c)...
2026-07-31 07:40:07,160 [INFO]   OK: PES2UG19CS902 [c]
2026-07-31 07:40:07,160 [INFO] Processing PES2UG19CS903 (.c)...
2026-07-31 07:40:11,524 [INFO]   OK: PES2UG19CS903 [c]
2026-07-31 07:40:11,524 [INFO] Processing PES2UG19CS904 (.c)...
2026-07-31 07:40:16,860 [INFO]   OK: PES2UG19CS904 [c]
2026-07-31 07:40:16,861 [INFO] Processing PES2UG19CS905 (.c)...
2026-07-31 07:40:21,266 [INFO]   OK: PES2UG19CS905 [c]
2026-07-31 07:40:21,266 [INFO] Processing PES2UG19CS906 (.c)...
2026-07-31 07:40:26,230 [INFO]   OK: PES2UG19CS906 [c]
2026-07-31 07:40:26,231 [INFO] Processing PES2UG19CS908 (.c)...
2026-07-31 07:40:31,582 [INFO]   OK: PES2UG19CS908 [c]
2026-07-31 07:40:31,582 [INFO] Processing PES2UG19CS910 (.c)...
2026-07-31 07:40:36,696 [INFO]   OK: PES2UG19CS910 [c]
2026-07-31 07:40:36,697 [INFO] Processing PES2UG19CS384 (.c)...
2026-07-31 07:40:41,952 [INFO]   OK: PES2UG19CS384 [c]
2026-07-31 07:40:41,952 [INFO] Processing queue (.h)...
2026-07-31 07:40:46,549 [INFO]   OK: queue [c]
2026-07-31 07:40:46,549 [INFO] Processing queueimp__Aftab_Hussain (.c)...
2026-07-31 07:40:51,256 [INFO]   OK: queueimp__Aftab_Hussain [c]
2026-07-31 07:40:51,257 [INFO] Processing queueimp__Ananya_Mungara (.c)...
2026-07-31 07:40:56,093 [INFO]   OK: queueimp__Ananya_Mungara [c]
2026-07-31 07:40:56,093 [INFO] Processing queueimp__Anwesh_Bhagat (.c)...
2026-07-31 07:41:00,946 [INFO]   OK: queueimp__Anwesh_Bhagat [c]
2026-07-31 07:41:00,947 [INFO] Processing queueimp__Aryan_Kumar (.c)...
2026-07-31 07:41:05,464 [INFO]   OK: queueimp__Aryan_Kumar [c]
2026-07-31 07:41:05,464 [INFO] Processing queueimp__Chinmay (.c)...
2026-07-31 07:41:10,686 [INFO]   OK: queueimp__Chinmay [c]
2026-07-31 07:41:10,686 [INFO] Processing queueimp__Dhruv_KP (.c)...
2026-07-31 07:41:15,214 [INFO]   OK: queueimp__Dhruv_KP [c]
2026-07-31 07:41:15,215 [INFO] Processing queueimp__Jaywanth_Gowda (.c)...
2026-07-31 07:41:20,298 [INFO]   OK: queueimp__Jaywanth_Gowda [c]
2026-07-31 07:41:20,299 [INFO] Processing queueimp__Keerthi_Talluri (.c)...
2026-07-31 07:41:25,103 [INFO]   OK: queueimp__Keerthi_Talluri [c]
2026-07-31 07:41:25,103 [INFO] Processing queueimp__Netra_shaligram (.c)...
2026-07-31 07:41:31,142 [INFO]   OK: queueimp__Netra_shaligram [c]
2026-07-31 07:41:31,143 [INFO] Processing queueimp__Nithin (.c)...
2026-07-31 07:41:37,102 [INFO]   OK: queueimp__Nithin [c]
2026-07-31 07:41:37,102 [INFO] Processing queueimp__Nivedhitaa_ranganatham (.c)...
2026-07-31 07:41:43,633 [INFO]   OK: queueimp__Nivedhitaa_ranganatham [c]
2026-07-31 07:41:43,634 [INFO] Processing queueimp__Pihoo_Verma (.c)...
2026-07-31 07:43:53,120 [INFO]   OK: queueimp__Pihoo_Verma [c]
2026-07-31 07:43:53,120 [INFO] Processing queueimp__Pradish_Kapur (.c)...
2026-07-31 07:41:55,174 [INFO]   OK: queueimp__Pradish_Kapur [c]
2026-07-31 07:41:55,175 [INFO] Processing queueimp__Rishab_Addi (.c)...
2026-07-31 07:42:00,308 [INFO]   OK: queueimp__Rishab_Addi [c]
2026-07-31 07:42:00,309 [INFO] Processing queueimp__spoorthi_ambrish (.c)...
2026-07-31 07:42:06,190 [INFO]   OK: queueimp__spoorthi_ambrish [c]
2026-07-31 07:42:06,190 [INFO] Processing queueimp__Tejas_Rt (.c)...
2026-07-31 07:42:11,513 [INFO]   OK: queueimp__Tejas_Rt [c]
2026-07-31 07:42:11,513 [INFO] Processing queuein__Amit_Pujari (.c)...
2026-07-31 07:42:17,084 [INFO]   OK: queuein__Amit_Pujari [c]
2026-07-31 07:42:17,084 [INFO] Processing PES2UG19CS388 (.c)...
2026-07-31 07:42:22,421 [INFO]   OK: PES2UG19CS388 [c]
2026-07-31 07:42:22,430 [INFO] Done. 381 succeeded, 0 failed, 10 non-source files ignored.
2026-07-31 07:42:28,352 [INFO] Found 410 files in /mnt/c/Users/admin/Downloads/lab_ec/lab_ec/week8/A
2026-07-31 07:42:28,352 [WARNING]   IGNORED (not a recognized source file): 3a - Prof. SWATI G PESU-EC-CSE.zip
2026-07-31 07:42:28,352 [INFO] Processing PES2UG19CS001 (.c)...
2026-07-31 07:42:32,912 [INFO]   OK: PES2UG19CS001 [c]
2026-07-31 07:42:32,912 [INFO] Processing PES2UG19CS002 (.c)...
2026-07-31 07:42:38,270 [INFO]   OK: PES2UG19CS002 [c]
2026-07-31 07:42:38,271 [INFO] Processing PES2UG19CS003 (.c)...
2026-07-31 07:42:43,904 [INFO]   OK: PES2UG19CS003 [c]
2026-07-31 07:42:43,904 [INFO] Processing PES2UG19CS004 (.c)...
2026-07-31 07:42:49,018 [INFO]   OK: PES2UG19CS004 [c]
2026-07-31 07:42:49,019 [INFO] Processing PES2UG19CS005 (.c)...
2026-07-31 07:44:58,218 [INFO]   OK: PES2UG19CS005 [c]
2026-07-31 07:44:58,219 [INFO] Processing PES2UG19CS007 (.c)...
2026-07-31 07:42:59,841 [INFO]   OK: PES2UG19CS007 [c]
2026-07-31 07:42:59,842 [INFO] Processing PES2UG19CS008 (.c)...
2026-07-31 07:43:04,954 [INFO]   OK: PES2UG19CS008 [c]
2026-07-31 07:43:04,954 [INFO] Processing PES2UG19CS009 (.c)...
2026-07-31 07:43:10,271 [INFO]   OK: PES2UG19CS009 [c]
2026-07-31 07:43:10,272 [INFO] Processing PES2UG19CS010 (.c)...
2026-07-31 07:43:16,349 [INFO]   OK: PES2UG19CS010 [c]
2026-07-31 07:43:16,350 [INFO] Processing PES2UG19CS011 (.c)...
2026-07-31 07:43:21,974 [INFO]   OK: PES2UG19CS011 [c]
2026-07-31 07:43:21,975 [INFO] Processing PES2UG19CS012 (.c)...
2026-07-31 07:43:27,284 [INFO]   OK: PES2UG19CS012 [c]
2026-07-31 07:43:27,285 [INFO] Processing PES2UG19CS015 (.c)...
2026-07-31 07:43:32,266 [INFO]   OK: PES2UG19CS015 [c]
2026-07-31 07:43:32,267 [INFO] Processing PES2UG19CS016 (.c)...
2026-07-31 07:43:38,015 [INFO]   OK: PES2UG19CS016 [c]
2026-07-31 07:43:38,016 [INFO] Processing PES2UG19CS017 (.c)...
2026-07-31 07:43:43,882 [INFO]   OK: PES2UG19CS017 [c]
2026-07-31 07:43:43,882 [INFO] Processing PES2UG19CS018 (.c)...
2026-07-31 07:43:49,974 [INFO]   OK: PES2UG19CS018 [c]
2026-07-31 07:43:49,974 [INFO] Processing PES2UG19CS020 (.c)...
2026-07-31 07:43:55,988 [INFO]   OK: PES2UG19CS020 [c]
2026-07-31 07:43:55,988 [INFO] Processing PES2UG19CS021 (.c)...
2026-07-31 07:44:02,239 [INFO]   OK: PES2UG19CS021 [c]
2026-07-31 07:44:02,240 [INFO] Processing PES2UG19CS023 (.c)...
2026-07-31 07:44:07,710 [INFO]   OK: PES2UG19CS023 [c]
2026-07-31 07:44:07,710 [INFO] Processing PES2UG19CS024 (.c)...
2026-07-31 07:44:13,817 [INFO]   OK: PES2UG19CS024 [c]
2026-07-31 07:44:13,818 [INFO] Processing PES2UG19CS026 (.c)...
2026-07-31 07:44:19,829 [INFO]   OK: PES2UG19CS026 [c]
2026-07-31 07:44:19,829 [INFO] Processing PES2UG19CS027 (.c)...
2026-07-31 07:44:25,739 [INFO]   OK: PES2UG19CS027 [c]
2026-07-31 07:44:25,740 [INFO] Processing PES2UG19CS027 (.c)...
2026-07-31 07:44:31,601 [INFO]   OK: PES2UG19CS027 [c]
2026-07-31 07:44:31,602 [INFO] Processing PES2UG19CS028 (.c)...
2026-07-31 07:44:37,679 [INFO]   OK: PES2UG19CS028 [c]
2026-07-31 07:44:37,679 [INFO] Processing PES2UG19CS028 (.c)...
2026-07-31 07:44:43,229 [INFO]   OK: PES2UG19CS028 [c]
2026-07-31 07:44:43,230 [INFO] Processing PES2UG19CS029 (.c)...
2026-07-31 07:44:49,550 [INFO]   OK: PES2UG19CS029 [c]
2026-07-31 07:44:49,550 [INFO] Processing PES2UG19CS030 (.c)...
2026-07-31 07:44:55,642 [INFO]   OK: PES2UG19CS030 [c]
2026-07-31 07:44:55,643 [INFO] Processing PES2UG19CS031 (.c)...
2026-07-31 07:45:00,600 [INFO]   OK: PES2UG19CS031 [c]
2026-07-31 07:45:00,601 [INFO] Processing PES2UG19CS032 (.c)...
2026-07-31 07:45:05,337 [INFO]   OK: PES2UG19CS032 [c]
2026-07-31 07:45:05,338 [INFO] Processing PES2UG19CS034 (.c)...
2026-07-31 07:45:10,398 [INFO]   OK: PES2UG19CS034 [c]
2026-07-31 07:45:10,398 [INFO] Processing PES2UG19CS035 (.c)...
2026-07-31 07:45:15,610 [INFO]   OK: PES2UG19CS035 [c]
2026-07-31 07:45:15,611 [INFO] Processing PES2UG19CS036 (.c)...
2026-07-31 07:45:21,634 [INFO]   OK: PES2UG19CS036 [c]
2026-07-31 07:45:21,634 [INFO] Processing PES2UG19CS036 (.c)...
2026-07-31 07:45:27,202 [INFO]   OK: PES2UG19CS036 [c]
2026-07-31 07:45:27,202 [INFO] Processing PES2UG19CS037 (.c)...
2026-07-31 07:45:32,938 [INFO]   OK: PES2UG19CS037 [c]
2026-07-31 07:45:32,939 [INFO] Processing PES2UG19CS037 (.c)...
2026-07-31 07:45:38,185 [INFO]   OK: PES2UG19CS037 [c]
2026-07-31 07:45:38,186 [INFO] Processing PES2UG19CS038 (.c)...
2026-07-31 07:45:43,663 [INFO]   OK: PES2UG19CS038 [c]
2026-07-31 07:45:43,664 [INFO] Processing PES2UG19CS039 (.c)...
2026-07-31 07:45:49,424 [INFO]   OK: PES2UG19CS039 [c]
2026-07-31 07:45:49,424 [INFO] Processing PES2UG19CS041 (.c)...
2026-07-31 07:47:58,713 [INFO]   OK: PES2UG19CS041 [c]
2026-07-31 07:47:58,713 [INFO] Processing PES2UG19CS042 (.c)...
2026-07-31 07:46:00,158 [INFO]   OK: PES2UG19CS042 [c]
2026-07-31 07:46:00,158 [INFO] Processing PES2UG19CS043 (.c)...
2026-07-31 07:46:06,371 [INFO]   OK: PES2UG19CS043 [c]
2026-07-31 07:46:06,371 [INFO] Processing PES2UG19CS044 (.c)...
2026-07-31 07:46:11,875 [INFO]   OK: PES2UG19CS044 [c]
2026-07-31 07:46:11,875 [INFO] Processing PES2UG19CS045 (.c)...
2026-07-31 07:46:16,782 [INFO]   OK: PES2UG19CS045 [c]
2026-07-31 07:46:16,782 [INFO] Processing PES2UG19CS046 (.c)...
2026-07-31 07:46:22,377 [INFO]   OK: PES2UG19CS046 [c]
2026-07-31 07:46:22,378 [INFO] Processing PES2UG19CS047 (.c)...
2026-07-31 07:46:28,462 [INFO]   OK: PES2UG19CS047 [c]
2026-07-31 07:46:28,463 [INFO] Processing PES2UG19CS048 (.c)...
2026-07-31 07:46:34,544 [INFO]   OK: PES2UG19CS048 [c]
2026-07-31 07:46:34,544 [INFO] Processing PES2UG19CS049 (.c)...
2026-07-31 07:46:40,619 [INFO]   OK: PES2UG19CS049 [c]
2026-07-31 07:46:40,620 [INFO] Processing PES2UG19CS050 (.c)...
2026-07-31 07:46:46,008 [INFO]   OK: PES2UG19CS050 [c]
2026-07-31 07:46:46,008 [INFO] Processing PES2UG19CS051 (.c)...
2026-07-31 07:46:51,300 [INFO]   OK: PES2UG19CS051 [c]
2026-07-31 07:46:51,300 [INFO] Processing PES2UG19CS052 (.c)...
2026-07-31 07:46:57,557 [INFO]   OK: PES2UG19CS052 [c]
2026-07-31 07:46:57,558 [INFO] Processing PES2UG19CS053 (.c)...
2026-07-31 07:47:02,584 [INFO]   OK: PES2UG19CS053 [c]
2026-07-31 07:47:02,585 [INFO] Processing PES2UG19CS054 (.c)...
2026-07-31 07:47:08,258 [INFO]   OK: PES2UG19CS054 [c]
2026-07-31 07:47:08,258 [INFO] Processing PES2UG19CS055 (.c)...
2026-07-31 07:47:13,402 [INFO]   OK: PES2UG19CS055 [c]
2026-07-31 07:47:13,402 [INFO] Processing PES2UG19CS056 (.c)...
2026-07-31 07:47:19,354 [INFO]   OK: PES2UG19CS056 [c]
2026-07-31 07:47:19,354 [INFO] Processing PES2UG19CS057 (.c)...
2026-07-31 07:47:25,443 [INFO]   OK: PES2UG19CS057 [c]
2026-07-31 07:47:25,443 [INFO] Processing PES2UG19CS058 (.c)...
2026-07-31 07:47:30,617 [INFO]   OK: PES2UG19CS058 [c]
2026-07-31 07:47:30,618 [INFO] Processing PES2UG19CS059 (.c)...
2026-07-31 07:47:36,284 [INFO]   OK: PES2UG19CS059 [c]
2026-07-31 07:47:36,284 [INFO] Processing PES2UG19CS060 (.c)...
2026-07-31 07:47:41,889 [INFO]   OK: PES2UG19CS060 [c]
2026-07-31 07:47:41,890 [INFO] Processing PES2UG19CS061 (.c)...
2026-07-31 07:47:47,304 [INFO]   OK: PES2UG19CS061 [c]
2026-07-31 07:47:47,304 [INFO] Processing PES2UG19CS062 (.c)...
2026-07-31 07:47:53,369 [INFO]   OK: PES2UG19CS062 [c]
2026-07-31 07:47:53,369 [INFO] Processing PES2UG19CS063 (.c)...
2026-07-31 07:47:59,268 [INFO]   OK: PES2UG19CS063 [c]
2026-07-31 07:47:59,269 [INFO] Processing PES2UG19CS064 (.c)...
2026-07-31 07:50:08,905 [INFO]   OK: PES2UG19CS064 [c]
2026-07-31 07:50:08,906 [INFO] Processing PES2UG19CS065 (.c)...
2026-07-31 07:48:11,056 [INFO]   OK: PES2UG19CS065 [c]
2026-07-31 07:48:11,056 [INFO] Processing PES2UG19CS066 (.c)...
2026-07-31 07:48:17,041 [INFO]   OK: PES2UG19CS066 [c]
2026-07-31 07:48:17,042 [INFO] Processing PES2UG19CS328 (.c)...
2026-07-31 07:48:22,563 [INFO]   OK: PES2UG19CS328 [c]
2026-07-31 07:48:22,564 [INFO] Processing bst (.h)...
2026-07-31 07:48:27,503 [INFO]   OK: bst [c]
2026-07-31 07:48:27,503 [WARNING]   IGNORED (not a recognized source file): bstimp - spoorthi ambrish.txt
2026-07-31 07:48:27,503 [INFO] Processing bstimp__G_U_Deepak (.c)...
2026-07-31 07:50:36,784 [INFO]   OK: bstimp__G_U_Deepak [c]
2026-07-31 07:50:36,785 [INFO] Processing B_PES2UG19CCS083_Week8__Sai_Suraj (.c)...
2026-07-31 07:50:41,969 [INFO]   OK: B_PES2UG19CCS083_Week8__Sai_Suraj [c]
2026-07-31 07:50:41,969 [INFO] Processing PES2UG19CS067 (.c)...
2026-07-31 07:50:47,062 [INFO]   OK: PES2UG19CS067 [c]
2026-07-31 07:50:47,062 [INFO] Processing PES2UG19CS068 (.c)...
2026-07-31 07:48:48,689 [INFO]   OK: PES2UG19CS068 [c]
2026-07-31 07:48:48,689 [INFO] Processing PES2UG19CS068 (.c)...
2026-07-31 07:48:53,653 [INFO]   OK: PES2UG19CS068 [c]
2026-07-31 07:48:53,653 [INFO] Processing PES2UG19CS069 (.c)...
2026-07-31 07:48:58,807 [INFO]   OK: PES2UG19CS069 [c]
2026-07-31 07:48:58,808 [INFO] Processing PES2UG19CS073 (.c)...
2026-07-31 07:49:03,263 [INFO]   OK: PES2UG19CS073 [c]
2026-07-31 07:49:03,264 [INFO] Processing PES2UG19CS074 (.c)...
2026-07-31 07:49:07,944 [INFO]   OK: PES2UG19CS074 [c]
2026-07-31 07:49:07,944 [INFO] Processing PES2UG19CS075 (.c)...
2026-07-31 07:49:13,609 [INFO]   OK: PES2UG19CS075 [c]
2026-07-31 07:49:13,609 [INFO] Processing PES2UG19CS076 (.c)...
2026-07-31 07:49:18,632 [INFO]   OK: PES2UG19CS076 [c]
2026-07-31 07:49:18,632 [INFO] Processing PES2UG19CS077 (.c)...
2026-07-31 07:49:25,122 [INFO]   OK: PES2UG19CS077 [c]
2026-07-31 07:49:25,123 [INFO] Processing PES2UG19CS078 (.c)...
2026-07-31 07:49:30,828 [INFO]   OK: PES2UG19CS078 [c]
2026-07-31 07:49:30,829 [INFO] Processing PES2UG19CS079 (.c)...
2026-07-31 07:49:36,028 [INFO]   OK: PES2UG19CS079 [c]
2026-07-31 07:49:36,029 [INFO] Processing PES2UG19CS082 (.C)...
2026-07-31 07:51:44,034 [INFO]   OK: PES2UG19CS082 [c]
2026-07-31 07:51:44,035 [INFO] Processing PES2UG19CS084 (.c)...
2026-07-31 07:49:45,612 [INFO]   OK: PES2UG19CS084 [c]
2026-07-31 07:49:45,612 [INFO] Processing PES2UG19CS086 (.c)...
2026-07-31 07:49:50,817 [INFO]   OK: PES2UG19CS086 [c]
2026-07-31 07:49:50,817 [INFO] Processing PES2UG19CS087 (.c)...
2026-07-31 07:49:56,160 [INFO]   OK: PES2UG19CS087 [c]
2026-07-31 07:49:56,160 [INFO] Processing PES2UG19CS088 (.c)...
2026-07-31 07:50:01,188 [INFO]   OK: PES2UG19CS088 [c]
2026-07-31 07:50:01,188 [INFO] Processing PES2UG19CS089 (.c)...
2026-07-31 07:50:06,308 [INFO]   OK: PES2UG19CS089 [c]
2026-07-31 07:50:06,309 [INFO] Processing PES2UG19CS091 (.c)...
2026-07-31 07:50:11,942 [INFO]   OK: PES2UG19CS091 [c]
2026-07-31 07:50:11,943 [INFO] Processing PES2UG19CS091 (.c)...
2026-07-31 07:50:17,283 [INFO]   OK: PES2UG19CS091 [c]
2026-07-31 07:50:17,283 [INFO] Processing PES2UG19CS092 (.c)...
2026-07-31 07:50:22,870 [INFO]   OK: PES2UG19CS092 [c]
2026-07-31 07:50:22,871 [INFO] Processing PES2UG19CS093 (.c)...
2026-07-31 07:50:28,351 [INFO]   OK: PES2UG19CS093 [c]
2026-07-31 07:50:28,352 [INFO] Processing PES2UG19CS095 (.c)...
2026-07-31 07:50:33,944 [INFO]   OK: PES2UG19CS095 [c]
2026-07-31 07:50:33,944 [INFO] Processing PES2UG19CS097 (.c)...
2026-07-31 07:50:39,331 [INFO]   OK: PES2UG19CS097 [c]
2026-07-31 07:50:39,331 [INFO] Processing PES2UG19CS098 (.c)...
2026-07-31 07:50:44,300 [INFO]   OK: PES2UG19CS098 [c]
2026-07-31 07:50:44,301 [INFO] Processing PES2UG19CS099 (.c)...
2026-07-31 07:50:49,446 [INFO]   OK: PES2UG19CS099 [c]
2026-07-31 07:50:49,447 [INFO] Processing PES2UG19CS100 (.c)...
2026-07-31 07:50:54,068 [INFO]   OK: PES2UG19CS100 [c]
2026-07-31 07:50:54,068 [INFO] Processing PES2UG19CS101 (.c)...
2026-07-31 07:50:59,481 [INFO]   OK: PES2UG19CS101 [c]
2026-07-31 07:50:59,481 [INFO] Processing PES2UG19CS102 (.c)...
2026-07-31 07:51:04,356 [INFO]   OK: PES2UG19CS102 [c]
2026-07-31 07:51:04,357 [INFO] Processing PES2UG19CS103 (.c)...
2026-07-31 07:51:09,619 [INFO]   OK: PES2UG19CS103 [c]
2026-07-31 07:51:09,620 [INFO] Processing PES2UG19CS104 (.c)...
2026-07-31 07:53:19,137 [INFO]   OK: PES2UG19CS104 [c]
2026-07-31 07:53:19,137 [INFO] Processing PES2UG19CS105 (.c)...
2026-07-31 07:53:25,104 [INFO]   OK: PES2UG19CS105 [c]
2026-07-31 07:53:25,104 [INFO] Processing PES2UG19CS106 (.c)...
2026-07-31 07:53:30,344 [INFO]   OK: PES2UG19CS106 [c]
2026-07-31 07:53:30,344 [INFO] Processing PES2UG19CS109 (.c)...
2026-07-31 07:53:35,511 [INFO]   OK: PES2UG19CS109 [c]
2026-07-31 07:53:35,511 [INFO] Processing PES2UG19CS110 (.c)...
2026-07-31 07:51:36,832 [INFO]   OK: PES2UG19CS110 [c]
2026-07-31 07:51:36,833 [INFO] Processing PES2UG19CS111 (.c)...
2026-07-31 07:51:42,139 [INFO]   OK: PES2UG19CS111 [c]
2026-07-31 07:51:42,140 [INFO] Processing PES2UG19CS112 (.c)...
2026-07-31 07:51:46,722 [INFO]   OK: PES2UG19CS112 [c]
2026-07-31 07:51:46,723 [INFO] Processing PES2UG19CS113 (.c)...
2026-07-31 07:51:51,632 [INFO]   OK: PES2UG19CS113 [c]
2026-07-31 07:51:51,632 [INFO] Processing PES2UG19CS114 (.c)...
2026-07-31 07:51:57,674 [INFO]   OK: PES2UG19CS114 [c]
2026-07-31 07:51:57,675 [INFO] Processing PES2UG19CS117 (.c)...
2026-07-31 07:52:02,890 [INFO]   OK: PES2UG19CS117 [c]
2026-07-31 07:52:02,891 [INFO] Processing PES2UG19CS118 (.c)...
2026-07-31 07:52:08,718 [INFO]   OK: PES2UG19CS118 [c]
2026-07-31 07:52:08,719 [INFO] Processing PES2UG19CS119 (.c)...
2026-07-31 07:52:14,089 [INFO]   OK: PES2UG19CS119 [c]
2026-07-31 07:52:14,089 [INFO] Processing PES2UG19CS120 (.c)...
2026-07-31 07:52:20,098 [INFO]   OK: PES2UG19CS120 [c]
2026-07-31 07:52:20,099 [INFO] Processing PES2UG19CS122 (.c)...
2026-07-31 07:52:26,153 [INFO]   OK: PES2UG19CS122 [c]
2026-07-31 07:52:26,154 [INFO] Processing PES2UG19CS125 (.c)...
2026-07-31 07:52:31,542 [INFO]   OK: PES2UG19CS125 [c]
2026-07-31 07:52:31,543 [INFO] Processing PES2UG19CS126 (.c)...
2026-07-31 07:52:36,662 [INFO]   OK: PES2UG19CS126 [c]
2026-07-31 07:52:36,662 [INFO] Processing PES2UG19CS127 (.c)...
2026-07-31 07:52:41,713 [INFO]   OK: PES2UG19CS127 [c]
2026-07-31 07:52:41,713 [INFO] Processing PES2UG19CS129 (.c)...
2026-07-31 07:52:47,452 [INFO]   OK: PES2UG19CS129 [c]
2026-07-31 07:52:47,453 [INFO] Processing PES2UG19CS130 (.c)...
2026-07-31 07:52:52,983 [INFO]   OK: PES2UG19CS130 [c]
2026-07-31 07:52:52,984 [INFO] Processing PES2UG19CS131 (.c)...
2026-07-31 07:52:58,729 [INFO]   OK: PES2UG19CS131 [c]
2026-07-31 07:52:58,730 [INFO] Processing PES2UG19CS132 (.c)...
2026-07-31 07:53:03,447 [INFO]   OK: PES2UG19CS132 [c]
2026-07-31 07:53:03,447 [INFO] Processing PES2UG19CS134 (.c)...
2026-07-31 07:53:08,392 [INFO]   OK: PES2UG19CS134 [c]
2026-07-31 07:53:08,393 [INFO] Processing PES2UG19CS394 (.c)...
2026-07-31 07:53:13,991 [INFO]   OK: PES2UG19CS394 [c]
2026-07-31 07:53:13,992 [INFO] Processing PES2UG19CS452 (.c)...
2026-07-31 07:53:19,888 [INFO]   OK: PES2UG19CS452 [c]
2026-07-31 07:53:19,888 [INFO] Processing PES2UG19CS133 (.c)...
2026-07-31 07:53:25,074 [INFO]   OK: PES2UG19CS133 [c]
2026-07-31 07:53:25,074 [INFO] Processing PES2UG19CS135 (.c)...
2026-07-31 07:53:31,341 [INFO]   OK: PES2UG19CS135 [c]
2026-07-31 07:53:31,341 [INFO] Processing PES2UG19CS136 (.c)...
2026-07-31 07:53:36,741 [INFO]   OK: PES2UG19CS136 [c]
2026-07-31 07:53:36,741 [INFO] Processing PES2UG19CS137 (.c)...
2026-07-31 07:53:41,921 [INFO]   OK: PES2UG19CS137 [c]
2026-07-31 07:53:41,921 [INFO] Processing PES2UG19CS138 (.c)...
2026-07-31 07:53:46,606 [INFO]   OK: PES2UG19CS138 [c]
2026-07-31 07:53:46,607 [INFO] Processing PES2UG19CS143 (.c)...
2026-07-31 07:53:52,204 [INFO]   OK: PES2UG19CS143 [c]
2026-07-31 07:53:52,204 [INFO] Processing PES2UG19CS145 (.c)...
2026-07-31 07:53:56,894 [INFO]   OK: PES2UG19CS145 [c]
2026-07-31 07:53:56,894 [INFO] Processing PES2UG19CS145 (.c)...
2026-07-31 07:54:01,962 [INFO]   OK: PES2UG19CS145 [c]
2026-07-31 07:54:01,962 [INFO] Processing PES2UG19CS146 (.c)...
2026-07-31 07:54:07,352 [INFO]   OK: PES2UG19CS146 [c]
2026-07-31 07:54:07,352 [INFO] Processing PES2UG19CS147 (.c)...
2026-07-31 07:54:13,223 [INFO]   OK: PES2UG19CS147 [c]
2026-07-31 07:54:13,223 [INFO] Processing PES2UG19CS149 (.c)...
2026-07-31 07:54:18,777 [INFO]   OK: PES2UG19CS149 [c]
2026-07-31 07:54:18,777 [INFO] Processing PES2UG19CS150 (.c)...
2026-07-31 07:54:23,696 [INFO]   OK: PES2UG19CS150 [c]
2026-07-31 07:54:23,697 [INFO] Processing PES2UG19CS151 (.c)...
2026-07-31 07:54:29,163 [INFO]   OK: PES2UG19CS151 [c]
2026-07-31 07:54:29,163 [INFO] Processing PES2UG19CS152 (.c)...
2026-07-31 07:54:34,443 [INFO]   OK: PES2UG19CS152 [c]
2026-07-31 07:54:34,444 [INFO] Processing PES2UG19CS153 (.c)...
2026-07-31 07:54:39,679 [INFO]   OK: PES2UG19CS153 [c]
2026-07-31 07:54:39,680 [INFO] Processing PES2UG19CS156 (.c)...
2026-07-31 07:54:45,277 [INFO]   OK: PES2UG19CS156 [c]
2026-07-31 07:54:45,277 [INFO] Processing PES2UG19CS157 (.c)...
2026-07-31 07:54:51,519 [INFO]   OK: PES2UG19CS157 [c]
2026-07-31 07:54:51,520 [INFO] Processing PES2UG19CS157 (.c)...
2026-07-31 07:54:56,203 [INFO]   OK: PES2UG19CS157 [c]
2026-07-31 07:54:56,203 [INFO] Processing PES2UG19CS160 (.c)...
2026-07-31 07:55:01,648 [INFO]   OK: PES2UG19CS160 [c]
2026-07-31 07:55:01,649 [INFO] Processing PES2UG19CS161 (.c)...
2026-07-31 07:55:06,447 [INFO]   OK: PES2UG19CS161 [c]
2026-07-31 07:55:06,448 [INFO] Processing PES2UG19CS163 (.c)...
2026-07-31 07:55:11,260 [INFO]   OK: PES2UG19CS163 [c]
2026-07-31 07:55:11,261 [INFO] Processing PES2UG19CS164 (.c)...
2026-07-31 07:55:16,632 [INFO]   OK: PES2UG19CS164 [c]
2026-07-31 07:55:16,633 [INFO] Processing PES2UG19CS165 (.c)...
2026-07-31 07:55:22,094 [INFO]   OK: PES2UG19CS165 [c]
2026-07-31 07:55:22,095 [INFO] Processing PES2UG19CS166 (.c)...
2026-07-31 07:55:27,332 [INFO]   OK: PES2UG19CS166 [c]
2026-07-31 07:55:27,333 [INFO] Processing PES2UG19CS167 (.c)...
2026-07-31 07:55:33,160 [INFO]   OK: PES2UG19CS167 [c]
2026-07-31 07:55:33,160 [INFO] Processing PES2UG19CS168 (.c)...
2026-07-31 07:55:39,353 [INFO]   OK: PES2UG19CS168 [c]
2026-07-31 07:55:39,353 [INFO] Processing PES2UG19CS168 (.c)...
2026-07-31 07:55:44,605 [INFO]   OK: PES2UG19CS168 [c]
2026-07-31 07:55:44,605 [INFO] Processing PES2UG19CS169 (.c)...
2026-07-31 07:55:50,270 [INFO]   OK: PES2UG19CS169 [c]
2026-07-31 07:55:50,271 [INFO] Processing PES2UG19CS170 (.c)...
2026-07-31 07:57:59,643 [INFO]   OK: PES2UG19CS170 [c]
2026-07-31 07:57:59,643 [INFO] Processing PES2UG19CS171 (.c)...
2026-07-31 07:56:01,255 [INFO]   OK: PES2UG19CS171 [c]
2026-07-31 07:56:01,255 [INFO] Processing PES2UG19CS172 (.c)...
2026-07-31 07:56:06,489 [INFO]   OK: PES2UG19CS172 [c]
2026-07-31 07:56:06,490 [INFO] Processing PES2UG19CS175 (.c)...
2026-07-31 07:56:11,562 [INFO]   OK: PES2UG19CS175 [c]
2026-07-31 07:56:11,562 [WARNING]   IGNORED (not a recognized source file): C_PES2UG19CS176_WEEK8 - Nithin Kapa
2026-07-31 07:56:11,563 [INFO] Processing PES2UG19CS177 (.c)...
2026-07-31 07:56:16,925 [INFO]   OK: PES2UG19CS177 [c]
2026-07-31 07:56:16,925 [INFO] Processing PES2UG19CS178 (.c)...
2026-07-31 07:56:22,152 [INFO]   OK: PES2UG19CS178 [c]
2026-07-31 07:56:22,152 [INFO] Processing PES2UG19CS179 (.c)...
2026-07-31 07:56:27,633 [INFO]   OK: PES2UG19CS179 [c]
2026-07-31 07:56:27,634 [INFO] Processing PES2UG19CS181 (.c)...
2026-07-31 07:56:32,906 [INFO]   OK: PES2UG19CS181 [c]
2026-07-31 07:56:32,907 [INFO] Processing PES2UG19CS183 (.c)...
2026-07-31 07:56:38,769 [INFO]   OK: PES2UG19CS183 [c]
2026-07-31 07:56:38,769 [INFO] Processing PES2UG19CS184 (.c)...
2026-07-31 07:56:44,394 [INFO]   OK: PES2UG19CS184 [c]
2026-07-31 07:56:44,395 [INFO] Processing PES2UG19CS185 (.c)...
2026-07-31 07:56:50,012 [INFO]   OK: PES2UG19CS185 [c]
2026-07-31 07:56:50,012 [INFO] Processing PES2UG19CS186 (.c)...
2026-07-31 07:56:55,292 [INFO]   OK: PES2UG19CS186 [c]
2026-07-31 07:56:55,292 [INFO] Processing PES2UG19CS188 (.c)...
2026-07-31 07:57:00,734 [INFO]   OK: PES2UG19CS188 [c]
2026-07-31 07:57:00,734 [INFO] Processing PES2UG19CS189 (.c)...
2026-07-31 07:57:06,387 [INFO]   OK: PES2UG19CS189 [c]
2026-07-31 07:57:06,388 [INFO] Processing PES2UG19CS191 (.c)...
2026-07-31 07:57:11,905 [INFO]   OK: PES2UG19CS191 [c]
2026-07-31 07:57:11,905 [INFO] Processing PES2UG19CS192 (.c)...
2026-07-31 07:57:17,678 [INFO]   OK: PES2UG19CS192 [c]
2026-07-31 07:57:17,679 [INFO] Processing PES2UG19CS193 (.c)...
2026-07-31 07:57:23,843 [INFO]   OK: PES2UG19CS193 [c]
2026-07-31 07:57:23,843 [INFO] Processing PES2UG19CS194 (.c)...
2026-07-31 07:57:28,749 [INFO]   OK: PES2UG19CS194 [c]
2026-07-31 07:57:28,749 [INFO] Processing PES2UG19CS195 (.c)...
2026-07-31 07:57:34,011 [INFO]   OK: PES2UG19CS195 [c]
2026-07-31 07:57:34,011 [INFO] Processing PES2UG19CS196 (.c)...
2026-07-31 07:57:39,555 [INFO]   OK: PES2UG19CS196 [c]
2026-07-31 07:57:39,555 [INFO] Processing PES2UG19CS197 (.c)...
2026-07-31 07:57:44,526 [INFO]   OK: PES2UG19CS197 [c]
2026-07-31 07:57:44,526 [INFO] Processing PES2UG19CS198 (.c)...
2026-07-31 07:57:49,791 [INFO]   OK: PES2UG19CS198 [c]
2026-07-31 07:57:49,791 [INFO] Processing PES2UG19CS278 (.c)...
2026-07-31 07:57:54,852 [INFO]   OK: PES2UG19CS278 [c]
2026-07-31 07:57:54,852 [INFO] Processing PES2UG19CS350 (.c)...
2026-07-31 07:58:00,409 [INFO]   OK: PES2UG19CS350 [c]
2026-07-31 07:58:00,410 [WARNING]   IGNORED (not a recognized source file): day8_EC_DS.zip
2026-07-31 07:58:00,410 [INFO] Processing PES2UG19CS415 (.c)...
2026-07-31 08:00:09,880 [INFO]   OK: PES2UG19CS415 [c]
2026-07-31 08:00:09,881 [INFO] Processing PES2UG19CS022 (.c)...
2026-07-31 07:58:11,592 [INFO]   OK: PES2UG19CS022 [c]
2026-07-31 07:58:11,592 [INFO] Processing PES2UG19CS200 (.c)...
2026-07-31 08:00:20,007 [INFO]   OK: PES2UG19CS200 [c]
2026-07-31 08:00:20,007 [INFO] Processing PES2UG19CS201 (.c)...
2026-07-31 07:58:20,906 [INFO]   OK: PES2UG19CS201 [c]
2026-07-31 07:58:20,906 [INFO] Processing PES2UG19CS202 (.c)...
2026-07-31 07:58:25,404 [INFO]   OK: PES2UG19CS202 [c]
2026-07-31 07:58:25,404 [INFO] Processing PES2UG19CS203 (.c)...
2026-07-31 07:58:30,710 [INFO]   OK: PES2UG19CS203 [c]
2026-07-31 07:58:30,710 [WARNING]   IGNORED (not a recognized source file): D_PES2UG19CS205_WEEK8.C - Rishitha Chowdary.txt
2026-07-31 07:58:30,711 [INFO] Processing PES2UG19CS206 (.c)...
2026-07-31 07:58:35,550 [INFO]   OK: PES2UG19CS206 [c]
2026-07-31 07:58:35,550 [INFO] Processing PES2UG19CS207 (.c)...
2026-07-31 07:58:41,112 [INFO]   OK: PES2UG19CS207 [c]
2026-07-31 07:58:41,113 [INFO] Processing PES2UG19CS208 (.c)...
2026-07-31 07:58:46,127 [INFO]   OK: PES2UG19CS208 [c]
2026-07-31 07:58:46,127 [INFO] Processing PES2UG19CS209 (.c)...
2026-07-31 08:00:55,051 [INFO]   OK: PES2UG19CS209 [c]
2026-07-31 08:00:55,052 [INFO] Processing PES2UG19CS210 (.c)...
2026-07-31 07:58:56,048 [INFO]   OK: PES2UG19CS210 [c]
2026-07-31 07:58:56,049 [INFO] Processing PES2UG19CS211 (.c)...
2026-07-31 08:01:04,911 [INFO]   OK: PES2UG19CS211 [c]
2026-07-31 08:01:04,912 [INFO] Processing PES2UG19CS212 (.c)...
2026-07-31 07:59:06,528 [INFO]   OK: PES2UG19CS212 [c]
2026-07-31 07:59:06,528 [INFO] Processing PES2UG19CS213 (.c)...
2026-07-31 07:59:11,427 [INFO]   OK: PES2UG19CS213 [c]
2026-07-31 07:59:11,427 [INFO] Processing PES2UG19CS214 (.c)...
2026-07-31 07:59:16,508 [INFO]   OK: PES2UG19CS214 [c]
2026-07-31 07:59:16,509 [INFO] Processing PES2UG19CS215 (.c)...
2026-07-31 07:59:22,184 [INFO]   OK: PES2UG19CS215 [c]
2026-07-31 07:59:22,184 [INFO] Processing PES2UG19CS217 (.c)...
2026-07-31 07:59:27,713 [INFO]   OK: PES2UG19CS217 [c]
2026-07-31 07:59:27,713 [INFO] Processing PES2UG19CS220 (.c)...
2026-07-31 07:59:33,742 [INFO]   OK: PES2UG19CS220 [c]
2026-07-31 07:59:33,743 [INFO] Processing PES2UG19CS222 (.c)...
2026-07-31 07:59:39,222 [INFO]   OK: PES2UG19CS222 [c]
2026-07-31 07:59:39,222 [INFO] Processing PES2UG19CS223 (.c)...
2026-07-31 07:59:44,172 [INFO]   OK: PES2UG19CS223 [c]
2026-07-31 07:59:44,173 [INFO] Processing PES2UG19CS225 (.c)...
2026-07-31 07:59:49,906 [INFO]   OK: PES2UG19CS225 [c]
2026-07-31 07:59:49,906 [INFO] Processing PES2UG19CS227 (.c)...
2026-07-31 07:59:55,344 [INFO]   OK: PES2UG19CS227 [c]
2026-07-31 07:59:55,344 [INFO] Processing PES2UG19CS228 (.c)...
2026-07-31 08:00:00,082 [INFO]   OK: PES2UG19CS228 [c]
2026-07-31 08:00:00,082 [WARNING]   IGNORED (not a recognized source file): D_PES2UG19CS229_Week8 - Mehak Mittal.pdf
2026-07-31 08:00:00,083 [INFO] Processing PES2UG19CS230 (.c)...
2026-07-31 08:00:04,703 [INFO]   OK: PES2UG19CS230 [c]
2026-07-31 08:00:04,703 [INFO] Processing PES2UG19CS233 (.c)...
2026-07-31 08:00:09,418 [INFO]   OK: PES2UG19CS233 [c]
2026-07-31 08:00:09,419 [INFO] Processing PES2UG19CS235 (.c)...
2026-07-31 08:00:14,139 [INFO]   OK: PES2UG19CS235 [c]
2026-07-31 08:00:14,140 [INFO] Processing PES2UG19CS237 (.c)...
2026-07-31 08:00:19,235 [INFO]   OK: PES2UG19CS237 [c]
2026-07-31 08:00:19,236 [INFO] Processing PES2UG19CS237 (.c)...
2026-07-31 08:00:24,205 [INFO]   OK: PES2UG19CS237 [c]
2026-07-31 08:00:24,206 [INFO] Processing PES2UG19CS239 (.c)...
2026-07-31 08:00:29,016 [INFO]   OK: PES2UG19CS239 [c]
2026-07-31 08:00:29,016 [INFO] Processing PES2UG19CS240 (.c)...
2026-07-31 08:00:34,442 [INFO]   OK: PES2UG19CS240 [c]
2026-07-31 08:00:34,442 [INFO] Processing PES2UG19CS241 (.c)...
2026-07-31 08:00:38,824 [INFO]   OK: PES2UG19CS241 [c]
2026-07-31 08:00:38,825 [INFO] Processing PES2UG19CS243 (.c)...
2026-07-31 08:00:43,702 [INFO]   OK: PES2UG19CS243 [c]
2026-07-31 08:00:43,702 [INFO] Processing PES2UG19CS244 (.c)...
2026-07-31 08:00:48,722 [INFO]   OK: PES2UG19CS244 [c]
2026-07-31 08:00:48,723 [INFO] Processing PES2UG19CS245 (.c)...
2026-07-31 08:00:54,008 [INFO]   OK: PES2UG19CS245 [c]
2026-07-31 08:00:54,008 [INFO] Processing PES2UG19CS246 (.c)...
2026-07-31 08:00:59,065 [INFO]   OK: PES2UG19CS246 [c]
2026-07-31 08:00:59,065 [INFO] Processing PES2UG19CS248 (.c)...
2026-07-31 08:01:03,768 [INFO]   OK: PES2UG19CS248 [c]
2026-07-31 08:01:03,769 [WARNING]   IGNORED (not a recognized source file): D_PES2UG19CS249_WEEK8 - Naveen Nelogal(1).zip
2026-07-31 08:01:03,769 [WARNING]   IGNORED (not a recognized source file): D_PES2UG19CS249_WEEK8 - Naveen Nelogal.zip
2026-07-31 08:01:03,769 [INFO] Processing PES2UG19CS250 (.c)...
2026-07-31 08:01:08,111 [INFO]   OK: PES2UG19CS250 [c]
2026-07-31 08:01:08,111 [INFO] Processing PES2UG19CS251 (.c)...
2026-07-31 08:01:13,088 [INFO]   OK: PES2UG19CS251 [c]
2026-07-31 08:01:13,088 [INFO] Processing PES2UG19CS252 (.c)...
2026-07-31 08:01:18,050 [INFO]   OK: PES2UG19CS252 [c]
2026-07-31 08:01:18,050 [INFO] Processing PES2UG19CS253 (.c)...
2026-07-31 08:01:22,999 [INFO]   OK: PES2UG19CS253 [c]
2026-07-31 08:01:22,999 [INFO] Processing PES2UG19CS254 (.c)...
2026-07-31 08:01:27,519 [INFO]   OK: PES2UG19CS254 [c]
2026-07-31 08:01:27,520 [INFO] Processing PES2UG19CS255 (.c)...
2026-07-31 08:01:32,200 [INFO]   OK: PES2UG19CS255 [c]
2026-07-31 08:01:32,200 [INFO] Processing PES2UG19CS256 (.c)...
2026-07-31 08:01:37,194 [INFO]   OK: PES2UG19CS256 [c]
2026-07-31 08:01:37,194 [INFO] Processing PES2UG19CS257 (.c)...
2026-07-31 08:01:42,267 [INFO]   OK: PES2UG19CS257 [c]
2026-07-31 08:01:42,267 [INFO] Processing PES2UG19CS257 (.c)...
2026-07-31 08:03:50,402 [INFO]   OK: PES2UG19CS257 [c]
2026-07-31 08:03:50,403 [INFO] Processing PES2UG19CS258 (.c)...
2026-07-31 08:01:51,702 [INFO]   OK: PES2UG19CS258 [c]
2026-07-31 08:01:51,702 [WARNING]   IGNORED (not a recognized source file): D_PES2UG19CS259_Week8.c - Nikhitha Ks.txt
2026-07-31 08:01:51,702 [INFO] Processing PES2UG19CS261 (.c)...
2026-07-31 08:01:56,529 [INFO]   OK: PES2UG19CS261 [c]
2026-07-31 08:01:56,529 [INFO] Processing PES2UG19CS262 (.c)...
2026-07-31 08:04:05,318 [INFO]   OK: PES2UG19CS262 [c]
2026-07-31 08:04:05,319 [INFO] Processing PES2UG19CS263 (.c)...
2026-07-31 08:02:06,324 [INFO]   OK: PES2UG19CS263 [c]
2026-07-31 08:02:06,324 [INFO] Processing PES2UG19CS471 (.c)...
2026-07-31 08:02:11,262 [INFO]   OK: PES2UG19CS471 [c]
2026-07-31 08:02:11,262 [INFO] Processing PES2UG29CS247 (.c)...
2026-07-31 08:02:16,295 [INFO]   OK: PES2UG29CS247 [c]
2026-07-31 08:02:16,296 [INFO] Processing PES2UG19CS265 (.c)...
2026-07-31 08:04:25,289 [INFO]   OK: PES2UG19CS265 [c]
2026-07-31 08:04:25,290 [INFO] Processing PES2UG19CS266 (.c)...
2026-07-31 08:02:26,228 [INFO]   OK: PES2UG19CS266 [c]
2026-07-31 08:02:26,228 [INFO] Processing PES2UG19CS267 (.c)...
2026-07-31 08:02:31,020 [INFO]   OK: PES2UG19CS267 [c]
2026-07-31 08:02:31,020 [INFO] Processing PES2UG19CS268 (.c)...
2026-07-31 08:02:36,128 [INFO]   OK: PES2UG19CS268 [c]
2026-07-31 08:02:36,129 [INFO] Processing PES2UG19CS269 (.c)...
2026-07-31 08:02:41,316 [INFO]   OK: PES2UG19CS269 [c]
2026-07-31 08:02:41,317 [INFO] Processing PES2UG19CS270 (.c)...
2026-07-31 08:02:46,001 [INFO]   OK: PES2UG19CS270 [c]
2026-07-31 08:02:46,001 [INFO] Processing PES2UG19CS272 (.c)...
2026-07-31 08:02:50,269 [INFO]   OK: PES2UG19CS272 [c]
2026-07-31 08:02:50,270 [INFO] Processing PES2UG19CS273 (.c)...
2026-07-31 08:02:55,237 [INFO]   OK: PES2UG19CS273 [c]
2026-07-31 08:02:55,238 [INFO] Processing PES2UG19CS274 (.c)...
2026-07-31 08:03:00,262 [INFO]   OK: PES2UG19CS274 [c]
2026-07-31 08:03:00,263 [INFO] Processing PES2UG19CS275 (.c)...
2026-07-31 08:03:06,927 [INFO]   OK: PES2UG19CS275 [c]
2026-07-31 08:03:06,927 [INFO] Processing PES2UG19CS277 (.c)...
2026-07-31 08:03:11,138 [INFO]   OK: PES2UG19CS277 [c]
2026-07-31 08:03:11,139 [INFO] Processing PES2UG19CS279 (.c)...
2026-07-31 08:03:14,870 [INFO]   OK: PES2UG19CS279 [c]
2026-07-31 08:03:14,870 [WARNING]   IGNORED (not a recognized source file): E_PES2UG19CS280_Week8 - Pawan Prasad.pdf
2026-07-31 08:03:14,871 [INFO] Processing PES2UG19CS280 (.c)...
2026-07-31 08:03:19,426 [INFO]   OK: PES2UG19CS280 [c]
2026-07-31 08:03:19,426 [INFO] Processing PES2UG19CS281 (.c)...
2026-07-31 08:03:24,310 [INFO]   OK: PES2UG19CS281 [c]
2026-07-31 08:03:24,310 [INFO] Processing PES2UG19CS282 (.c)...
2026-07-31 08:03:29,222 [INFO]   OK: PES2UG19CS282 [c]
2026-07-31 08:03:29,222 [INFO] Processing PES2UG19CS283 (.C)...
2026-07-31 08:03:32,555 [INFO]   OK: PES2UG19CS283 [c]
2026-07-31 08:03:32,555 [INFO] Processing PES2UG19CS284 (.c)...
2026-07-31 08:03:36,907 [INFO]   OK: PES2UG19CS284 [c]
2026-07-31 08:03:36,908 [INFO] Processing PES2UG19CS285 (.c)...
2026-07-31 08:03:41,144 [INFO]   OK: PES2UG19CS285 [c]
2026-07-31 08:03:41,144 [INFO] Processing PES2UG19CS285 (.c)...
2026-07-31 08:03:45,199 [INFO]   OK: PES2UG19CS285 [c]
2026-07-31 08:03:45,199 [INFO] Processing PES2UG19CS286 (.c)...
2026-07-31 08:03:49,303 [INFO]   OK: PES2UG19CS286 [c]
2026-07-31 08:03:49,303 [INFO] Processing PES2UG19CS293 (.c)...
2026-07-31 08:03:54,168 [INFO]   OK: PES2UG19CS293 [c]
2026-07-31 08:03:54,169 [INFO] Processing PES2UG19CS294 (.c)...
2026-07-31 08:03:59,239 [INFO]   OK: PES2UG19CS294 [c]
2026-07-31 08:03:59,239 [INFO] Processing PES2UG19CS295 (.c)...
2026-07-31 08:04:04,116 [INFO]   OK: PES2UG19CS295 [c]
2026-07-31 08:04:04,117 [INFO] Processing PES2UG19CS296 (.c)...
2026-07-31 08:04:09,194 [INFO]   OK: PES2UG19CS296 [c]
2026-07-31 08:04:09,194 [INFO] Processing PES2UG19CS297 (.c)...
2026-07-31 08:04:14,059 [INFO]   OK: PES2UG19CS297 [c]
2026-07-31 08:04:14,059 [INFO] Processing PES2UG19CS298 (.c)...
2026-07-31 08:04:19,087 [INFO]   OK: PES2UG19CS298 [c]
2026-07-31 08:04:19,088 [INFO] Processing PES2UG19CS299 (.c)...
2026-07-31 08:04:24,834 [INFO]   OK: PES2UG19CS299 [c]
2026-07-31 08:04:24,834 [INFO] Processing PES2UG19CS301 (.c)...
2026-07-31 08:04:29,966 [INFO]   OK: PES2UG19CS301 [c]
2026-07-31 08:04:29,966 [INFO] Processing PES2UG19CS305 (.c)...
2026-07-31 08:04:35,037 [INFO]   OK: PES2UG19CS305 [c]
2026-07-31 08:04:35,038 [INFO] Processing PES2UG19CS305 (.c)...
2026-07-31 08:04:40,539 [INFO]   OK: PES2UG19CS305 [c]
2026-07-31 08:04:40,540 [INFO] Processing PES2UG19CS307 (.c)...
2026-07-31 08:06:50,650 [INFO]   OK: PES2UG19CS307 [c]
2026-07-31 08:06:50,650 [INFO] Processing PES2UG19CS309 (.c)...
2026-07-31 08:04:52,461 [INFO]   OK: PES2UG19CS309 [c]
2026-07-31 08:04:52,462 [INFO] Processing PES2UG19CS309 (.c)...
2026-07-31 08:04:57,417 [INFO]   OK: PES2UG19CS309 [c]
2026-07-31 08:04:57,418 [INFO] Processing PES2UG19CS310 (.c)...
2026-07-31 08:05:02,504 [INFO]   OK: PES2UG19CS310 [c]
2026-07-31 08:05:02,505 [INFO] Processing PES2UG19CS313 (.c)...
2026-07-31 08:05:07,454 [INFO]   OK: PES2UG19CS313 [c]
2026-07-31 08:05:07,455 [INFO] Processing PES2UG19CS314 (.c)...
2026-07-31 08:05:12,691 [INFO]   OK: PES2UG19CS314 [c]
2026-07-31 08:05:12,692 [INFO] Processing PES2UG19CS315 (.c)...
2026-07-31 08:05:18,675 [INFO]   OK: PES2UG19CS315 [c]
2026-07-31 08:05:18,676 [INFO] Processing PES2UG19CS316 (.c)...
2026-07-31 08:05:24,804 [INFO]   OK: PES2UG19CS316 [c]
2026-07-31 08:05:24,804 [INFO] Processing PES2UG19CS317 (.c)...
2026-07-31 08:05:30,230 [INFO]   OK: PES2UG19CS317 [c]
2026-07-31 08:05:30,231 [INFO] Processing PES2UG19CS319 (.c)...
2026-07-31 08:05:36,544 [INFO]   OK: PES2UG19CS319 [c]
2026-07-31 08:05:36,545 [INFO] Processing PES2UG19CS322 (.c)...
2026-07-31 08:07:45,631 [INFO]   OK: PES2UG19CS322 [c]
2026-07-31 08:07:45,632 [INFO] Processing PES2UG19CS323 (.c)...
2026-07-31 08:07:50,704 [INFO]   OK: PES2UG19CS323 [c]
2026-07-31 08:07:50,705 [INFO] Processing PES2UG19CS324 (.c)...
2026-07-31 08:05:51,806 [INFO]   OK: PES2UG19CS324 [c]
2026-07-31 08:05:51,806 [INFO] Processing PES2UG19CS325 (.c)...
2026-07-31 08:05:57,486 [INFO]   OK: PES2UG19CS325 [c]
2026-07-31 08:05:57,487 [INFO] Processing PES2UG19CS326 (.c)...
2026-07-31 08:06:03,088 [INFO]   OK: PES2UG19CS326 [c]
2026-07-31 08:06:03,089 [INFO] Processing PES2UG19CS327 (.c)...
2026-07-31 08:06:07,530 [INFO]   OK: PES2UG19CS327 [c]
2026-07-31 08:06:07,530 [INFO] Processing PES2UG19CS329 (.c)...
2026-07-31 08:08:15,768 [INFO]   OK: PES2UG19CS329 [c]
2026-07-31 08:08:15,769 [INFO] Processing PES2UG19CS330 (.c)...
2026-07-31 08:06:16,962 [INFO]   OK: PES2UG19CS330 [c]
2026-07-31 08:06:16,963 [INFO] Processing PES2UG19CS332 (.c)...
2026-07-31 08:06:21,750 [INFO]   OK: PES2UG19CS332 [c]
2026-07-31 08:06:21,750 [INFO] Processing E_PES2UG19SC289_WEEK8__pranjal_kumar (.c)...
2026-07-31 08:06:27,648 [INFO]   OK: E_PES2UG19SC289_WEEK8__pranjal_kumar [c]
2026-07-31 08:06:27,648 [INFO] Processing F_PES2UG19339_Week8__Roshni_Govind (.c)...
2026-07-31 08:06:32,840 [INFO]   OK: F_PES2UG19339_Week8__Roshni_Govind [c]
2026-07-31 08:06:32,841 [INFO] Processing PES2UG19CS335 (.c)...
2026-07-31 08:06:38,268 [INFO]   OK: PES2UG19CS335 [c]
2026-07-31 08:06:38,268 [INFO] Processing PES2UG19CS336 (.c)...
2026-07-31 08:06:44,521 [INFO]   OK: PES2UG19CS336 [c]
2026-07-31 08:06:44,522 [INFO] Processing PES2UG19CS337 (.c)...
2026-07-31 08:06:50,391 [INFO]   OK: PES2UG19CS337 [c]
2026-07-31 08:06:50,391 [INFO] Processing PES2UG19CS341 (.c)...
2026-07-31 08:06:56,047 [INFO]   OK: PES2UG19CS341 [c]
2026-07-31 08:06:56,047 [INFO] Processing PES2UG19CS342 (.c)...
2026-07-31 08:07:01,118 [INFO]   OK: PES2UG19CS342 [c]
2026-07-31 08:07:01,119 [INFO] Processing PES2UG19CS342 (.c)...
2026-07-31 08:07:06,582 [INFO]   OK: PES2UG19CS342 [c]
2026-07-31 08:07:06,582 [INFO] Processing PES2UG19CS343 (.c)...
2026-07-31 08:07:12,395 [INFO]   OK: PES2UG19CS343 [c]
2026-07-31 08:07:12,395 [INFO] Processing PES2UG19CS344 (.c)...
2026-07-31 08:07:18,457 [INFO]   OK: PES2UG19CS344 [c]
2026-07-31 08:07:18,458 [INFO] Processing PES2UG19CS345 (.c)...
2026-07-31 08:07:23,838 [INFO]   OK: PES2UG19CS345 [c]
2026-07-31 08:07:23,838 [INFO] Processing PES2UG19CS346 (.c)...
2026-07-31 08:07:30,204 [INFO]   OK: PES2UG19CS346 [c]
2026-07-31 08:07:30,204 [INFO] Processing PES2UG19CS347 (.c)...
2026-07-31 08:07:35,887 [INFO]   OK: PES2UG19CS347 [c]
2026-07-31 08:07:35,888 [INFO] Processing PES2UG19CS348 (.c)...
2026-07-31 08:07:41,378 [INFO]   OK: PES2UG19CS348 [c]
2026-07-31 08:07:41,378 [INFO] Processing PES2UG19CS349 (.c)...
2026-07-31 08:07:47,338 [INFO]   OK: PES2UG19CS349 [c]
2026-07-31 08:07:47,338 [INFO] Processing PES2UG19CS349 (.c)...
2026-07-31 08:07:52,765 [INFO]   OK: PES2UG19CS349 [c]
2026-07-31 08:07:52,765 [INFO] Processing PES2UG19CS352 (.c)...
2026-07-31 08:07:58,343 [INFO]   OK: PES2UG19CS352 [c]
2026-07-31 08:07:58,343 [INFO] Processing PES2UG19CS353 (.c)...
2026-07-31 08:08:03,975 [INFO]   OK: PES2UG19CS353 [c]
2026-07-31 08:08:03,975 [INFO] Processing PES2UG19CS354 (.c)...
2026-07-31 08:08:08,509 [INFO]   OK: PES2UG19CS354 [c]
2026-07-31 08:08:08,509 [INFO] Processing PES2UG19CS355 (.c)...
2026-07-31 08:08:13,491 [INFO]   OK: PES2UG19CS355 [c]
2026-07-31 08:08:13,492 [INFO] Processing PES2UG19CS356 (.c)...
2026-07-31 08:08:19,004 [INFO]   OK: PES2UG19CS356 [c]
2026-07-31 08:08:19,004 [INFO] Processing PES2UG19CS357 (.c)...
2026-07-31 08:08:24,570 [INFO]   OK: PES2UG19CS357 [c]
2026-07-31 08:08:24,571 [INFO] Processing PES2UG19CS358 (.c)...
2026-07-31 08:08:29,381 [INFO]   OK: PES2UG19CS358 [c]
2026-07-31 08:08:29,381 [INFO] Processing PES2UG19CS359 (.c)...
2026-07-31 08:08:34,354 [INFO]   OK: PES2UG19CS359 [c]
2026-07-31 08:08:34,355 [INFO] Processing PES2UG19CS360 (.c)...
2026-07-31 08:08:39,828 [INFO]   OK: PES2UG19CS360 [c]
2026-07-31 08:08:39,829 [INFO] Processing PES2UG19CS361 (.c)...
2026-07-31 08:08:45,803 [INFO]   OK: PES2UG19CS361 [c]
2026-07-31 08:08:45,803 [INFO] Processing PES2UG19CS363 (.c)...
2026-07-31 08:08:51,559 [INFO]   OK: PES2UG19CS363 [c]
2026-07-31 08:08:51,559 [INFO] Processing PES2UG19CS364 (.c)...
2026-07-31 08:08:57,246 [INFO]   OK: PES2UG19CS364 [c]
2026-07-31 08:08:57,246 [INFO] Processing PES2UG19CS365 (.c)...
2026-07-31 08:11:06,095 [INFO]   OK: PES2UG19CS365 [c]
2026-07-31 08:11:06,096 [INFO] Processing PES2UG19CS366 (.c)...
2026-07-31 08:09:07,581 [INFO]   OK: PES2UG19CS366 [c]
2026-07-31 08:09:07,582 [INFO] Processing PES2UG19CS369 (.c)...
2026-07-31 08:09:13,149 [INFO]   OK: PES2UG19CS369 [c]
2026-07-31 08:09:13,150 [INFO] Processing PES2UG19CS370 (.c)...
2026-07-31 08:09:18,937 [INFO]   OK: PES2UG19CS370 [c]
2026-07-31 08:09:18,937 [INFO] Processing PES2UG19CS371 (.c)...
2026-07-31 08:09:24,805 [INFO]   OK: PES2UG19CS371 [c]
2026-07-31 08:09:24,805 [INFO] Processing PES2UG19CS372 (.c)...
2026-07-31 08:09:30,276 [INFO]   OK: PES2UG19CS372 [c]
2026-07-31 08:09:30,276 [INFO] Processing PES2UG19CS373 (.c)...
2026-07-31 08:09:36,285 [INFO]   OK: PES2UG19CS373 [c]
2026-07-31 08:09:36,285 [INFO] Processing PES2UG19CS375 (.c)...
2026-07-31 08:09:41,407 [INFO]   OK: PES2UG19CS375 [c]
2026-07-31 08:09:41,407 [INFO] Processing PES2UG19CS378 (.c)...
2026-07-31 08:09:46,383 [INFO]   OK: PES2UG19CS378 [c]
2026-07-31 08:09:46,383 [INFO] Processing PES2UG19CS379 (.c)...
2026-07-31 08:09:51,917 [INFO]   OK: PES2UG19CS379 [c]
2026-07-31 08:09:51,917 [INFO] Processing PES2UG19CS380 (.c)...
2026-07-31 08:09:57,966 [INFO]   OK: PES2UG19CS380 [c]
2026-07-31 08:09:57,967 [INFO] Processing PES2UG19CS381 (.c)...
2026-07-31 08:10:03,301 [INFO]   OK: PES2UG19CS381 [c]
2026-07-31 08:10:03,302 [INFO] Processing PES2UG19CS382 (.c)...
2026-07-31 08:10:08,158 [INFO]   OK: PES2UG19CS382 [c]
2026-07-31 08:10:08,158 [INFO] Processing PES2UG19CS383 (.c)...
2026-07-31 08:10:14,125 [INFO]   OK: PES2UG19CS383 [c]
2026-07-31 08:10:14,125 [INFO] Processing PES2UG19CS384 (.c)...
2026-07-31 08:10:19,787 [INFO]   OK: PES2UG19CS384 [c]
2026-07-31 08:10:19,788 [INFO] Processing PES2UG19CS387 (.c)...
2026-07-31 08:10:25,295 [INFO]   OK: PES2UG19CS387 [c]
2026-07-31 08:10:25,296 [INFO] Processing PES2UG19CS389 (.c)...
2026-07-31 08:10:31,121 [INFO]   OK: PES2UG19CS389 [c]
2026-07-31 08:10:31,121 [INFO] Processing PES2UG19CS390 (.c)...
2026-07-31 08:10:36,784 [INFO]   OK: PES2UG19CS390 [c]
2026-07-31 08:10:36,784 [INFO] Processing PES2UG19CS391 (.c)...
2026-07-31 08:10:42,769 [INFO]   OK: PES2UG19CS391 [c]
2026-07-31 08:10:42,769 [INFO] Processing PES2UG19CS392 (.c)...
2026-07-31 08:10:48,675 [INFO]   OK: PES2UG19CS392 [c]
2026-07-31 08:10:48,676 [INFO] Processing PES2UG19CS393 (.c)...
2026-07-31 08:10:54,225 [INFO]   OK: PES2UG19CS393 [c]
2026-07-31 08:10:54,225 [INFO] Processing PES2UG19CS395 (.c)...
2026-07-31 08:10:59,385 [INFO]   OK: PES2UG19CS395 [c]
2026-07-31 08:10:59,386 [INFO] Processing PES2UG19CS396 (.c)...
2026-07-31 08:11:04,853 [INFO]   OK: PES2UG19CS396 [c]
2026-07-31 08:11:04,853 [INFO] Processing PES2UG19CS397 (.c)...
2026-07-31 08:11:10,323 [INFO]   OK: PES2UG19CS397 [c]
2026-07-31 08:11:10,324 [INFO] Processing PES2UG19CS398 (.c)...
2026-07-31 08:11:15,934 [INFO]   OK: PES2UG19CS398 [c]
2026-07-31 08:11:15,935 [INFO] Processing PES2UG19CS399 (.c)...
2026-07-31 08:11:21,112 [INFO]   OK: PES2UG19CS399 [c]
2026-07-31 08:11:21,112 [INFO] Processing PES2UG19CS402 (.c)...
2026-07-31 08:11:26,128 [INFO]   OK: PES2UG19CS402 [c]
2026-07-31 08:11:26,128 [INFO] Processing PES2UG19CS470 (.c)...
2026-07-31 08:11:31,530 [INFO]   OK: PES2UG19CS470 [c]
2026-07-31 08:11:31,530 [INFO] Processing G_PES2201800143_Week8__Kurnool_Anirudh (.c)...
2026-07-31 08:11:37,251 [INFO]   OK: G_PES2201800143_Week8__Kurnool_Anirudh [c]
2026-07-31 08:11:37,252 [INFO] Processing G_PES2UG19CCS467_Week8__mani_deep (.c)...
2026-07-31 08:11:42,583 [INFO]   OK: G_PES2UG19CCS467_Week8__mani_deep [c]
2026-07-31 08:11:42,583 [INFO] Processing PES2UG19CS403 (.c)...
2026-07-31 08:13:51,325 [INFO]   OK: PES2UG19CS403 [c]
2026-07-31 08:13:51,325 [INFO] Processing PES2UG19CS405 (.c)...
2026-07-31 08:11:52,571 [INFO]   OK: PES2UG19CS405 [c]
2026-07-31 08:11:52,571 [INFO] Processing PES2UG19CS406 (.c)...
2026-07-31 08:11:58,089 [INFO]   OK: PES2UG19CS406 [c]
2026-07-31 08:11:58,090 [INFO] Processing PES2UG19CS407 (.c)...
2026-07-31 08:12:03,273 [INFO]   OK: PES2UG19CS407 [c]
2026-07-31 08:12:03,274 [INFO] Processing PES2UG19CS408 (.c)...
2026-07-31 08:12:08,546 [INFO]   OK: PES2UG19CS408 [c]
2026-07-31 08:12:08,547 [INFO] Processing PES2UG19CS410 (.c)...
2026-07-31 08:12:14,026 [INFO]   OK: PES2UG19CS410 [c]
2026-07-31 08:12:14,026 [INFO] Processing PES2UG19CS411 (.c)...
2026-07-31 08:12:19,421 [INFO]   OK: PES2UG19CS411 [c]
2026-07-31 08:12:19,421 [INFO] Processing PES2UG19CS412 (.c)...
2026-07-31 08:12:25,266 [INFO]   OK: PES2UG19CS412 [c]
2026-07-31 08:12:25,266 [INFO] Processing PES2UG19CS413 (.c)...
2026-07-31 08:12:29,935 [INFO]   OK: PES2UG19CS413 [c]
2026-07-31 08:12:29,935 [INFO] Processing PES2UG19CS416 (.c)...
2026-07-31 08:12:35,328 [INFO]   OK: PES2UG19CS416 [c]
2026-07-31 08:12:35,328 [INFO] Processing PES2UG19CS417 (.c)...
2026-07-31 08:12:40,337 [INFO]   OK: PES2UG19CS417 [c]
2026-07-31 08:12:40,338 [INFO] Processing PES2UG19CS418 (.c)...
2026-07-31 08:12:45,954 [INFO]   OK: PES2UG19CS418 [c]
2026-07-31 08:12:45,955 [INFO] Processing PES2UG19CS418 (.c)...
2026-07-31 08:12:51,227 [INFO]   OK: PES2UG19CS418 [c]
2026-07-31 08:12:51,227 [INFO] Processing PES2UG19CS419 (.c)...
2026-07-31 08:12:56,062 [INFO]   OK: PES2UG19CS419 [c]
2026-07-31 08:12:56,062 [INFO] Processing PES2UG19CS419 (.c)...
2026-07-31 08:13:01,069 [INFO]   OK: PES2UG19CS419 [c]
2026-07-31 08:13:01,069 [INFO] Processing PES2UG19CS420 (.c)...
2026-07-31 08:13:06,132 [INFO]   OK: PES2UG19CS420 [c]
2026-07-31 08:13:06,132 [INFO] Processing PES2UG19CS421 (.c)...
2026-07-31 08:15:15,297 [INFO]   OK: PES2UG19CS421 [c]
2026-07-31 08:15:15,298 [INFO] Processing PES2UG19CS422 (.c)...
2026-07-31 08:15:20,708 [INFO]   OK: PES2UG19CS422 [c]
2026-07-31 08:15:20,709 [INFO] Processing PES2UG19CS423 (.c)...
2026-07-31 08:15:25,822 [INFO]   OK: PES2UG19CS423 [c]
2026-07-31 08:15:25,823 [INFO] Processing PES2UG19CS424 (.C)...
2026-07-31 08:13:26,428 [INFO]   OK: PES2UG19CS424 [c]
2026-07-31 08:13:26,429 [INFO] Processing PES2UG19CS425 (.c)...
2026-07-31 08:13:31,477 [INFO]   OK: PES2UG19CS425 [c]
2026-07-31 08:13:31,477 [INFO] Processing PES2UG19CS427 (.c)...
2026-07-31 08:13:37,281 [INFO]   OK: PES2UG19CS427 [c]
2026-07-31 08:13:37,281 [INFO] Processing PES2UG19CS428 (.c)...
2026-07-31 08:13:43,107 [INFO]   OK: PES2UG19CS428 [c]
2026-07-31 08:13:43,107 [INFO] Processing PES2UG19CS429 (.c)...
2026-07-31 08:13:48,169 [INFO]   OK: PES2UG19CS429 [c]
2026-07-31 08:13:48,170 [INFO] Processing PES2UG19CS430 (.c)...
2026-07-31 08:13:53,395 [INFO]   OK: PES2UG19CS430 [c]
2026-07-31 08:13:53,396 [INFO] Processing PES2UG19CS431 (.c)...
2026-07-31 08:13:59,058 [INFO]   OK: PES2UG19CS431 [c]
2026-07-31 08:13:59,058 [INFO] Processing PES2UG19CS432 (.c)...
2026-07-31 08:14:04,160 [INFO]   OK: PES2UG19CS432 [c]
2026-07-31 08:14:04,161 [INFO] Processing PES2UG19CS432 (.c)...
2026-07-31 08:14:09,649 [INFO]   OK: PES2UG19CS432 [c]
2026-07-31 08:14:09,649 [INFO] Processing PES2UG19CS433 (.c)...
2026-07-31 08:14:14,851 [INFO]   OK: PES2UG19CS433 [c]
2026-07-31 08:14:14,852 [INFO] Processing PES2UG19CS434 (.c)...
2026-07-31 08:14:19,397 [INFO]   OK: PES2UG19CS434 [c]
2026-07-31 08:14:19,397 [INFO] Processing PES2UG19CS435 (.c)...
2026-07-31 08:14:22,403 [INFO]   OK: PES2UG19CS435 [c]
2026-07-31 08:14:22,403 [INFO] Processing PES2UG19CS436 (.c)...
2026-07-31 08:14:25,547 [INFO]   OK: PES2UG19CS436 [c]
2026-07-31 08:14:25,547 [INFO] Processing PES2UG19CS437 (.c)...
2026-07-31 08:14:28,172 [INFO]   OK: PES2UG19CS437 [c]
2026-07-31 08:14:28,172 [INFO] Processing PES2UG19CS438 (.c)...
2026-07-31 08:14:30,469 [INFO]   OK: PES2UG19CS438 [c]
2026-07-31 08:14:30,470 [INFO] Processing PES2UG19CS439 (.c)...
2026-07-31 08:14:32,632 [INFO]   OK: PES2UG19CS439 [c]
2026-07-31 08:14:32,632 [INFO] Processing PES2UG19CS440 (.c)...
2026-07-31 08:14:34,948 [INFO]   OK: PES2UG19CS440 [c]
2026-07-31 08:14:34,948 [INFO] Processing PES2UG19CS442 (.c)...
2026-07-31 08:14:37,187 [INFO]   OK: PES2UG19CS442 [c]
2026-07-31 08:14:37,187 [INFO] Processing PES2UG19CS444 (.c)...
2026-07-31 08:14:39,658 [INFO]   OK: PES2UG19CS444 [c]
2026-07-31 08:14:39,658 [INFO] Processing PES2UG19CS444 (.c)...
2026-07-31 08:14:41,978 [INFO]   OK: PES2UG19CS444 [c]
2026-07-31 08:14:41,978 [INFO] Processing PES2UG19CS445 (.c)...
2026-07-31 08:14:44,403 [INFO]   OK: PES2UG19CS445 [c]
2026-07-31 08:14:44,404 [INFO] Processing PES2UG19CS446 (.c)...
2026-07-31 08:14:46,811 [INFO]   OK: PES2UG19CS446 [c]
2026-07-31 08:14:46,811 [INFO] Processing PES2UG19CS448 (.c)...
2026-07-31 08:14:49,138 [INFO]   OK: PES2UG19CS448 [c]
2026-07-31 08:14:49,139 [INFO] Processing PES2UG19CS449 (.c)...
2026-07-31 08:14:51,473 [INFO]   OK: PES2UG19CS449 [c]
2026-07-31 08:14:51,474 [INFO] Processing PES2UG19CS450 (.c)...
2026-07-31 08:14:53,793 [INFO]   OK: PES2UG19CS450 [c]
2026-07-31 08:14:53,793 [INFO] Processing PES2UG19CS451 (.c)...
2026-07-31 08:14:56,367 [INFO]   OK: PES2UG19CS451 [c]
2026-07-31 08:14:56,368 [INFO] Processing PES2UG19CS453 (.c)...
2026-07-31 08:14:58,669 [INFO]   OK: PES2UG19CS453 [c]
2026-07-31 08:14:58,669 [INFO] Processing PES2UG19CS454 (.c)...
2026-07-31 08:15:01,110 [INFO]   OK: PES2UG19CS454 [c]
2026-07-31 08:15:01,110 [INFO] Processing PES2UG19CS455 (.c)...
2026-07-31 08:15:03,462 [INFO]   OK: PES2UG19CS455 [c]
2026-07-31 08:15:03,462 [INFO] Processing PES2UG19CS456 (.C)...
2026-07-31 08:15:05,332 [INFO]   OK: PES2UG19CS456 [c]
2026-07-31 08:15:05,333 [INFO] Processing PES2UG19CS457 (.c)...
2026-07-31 08:15:07,924 [INFO]   OK: PES2UG19CS457 [c]
2026-07-31 08:15:07,924 [INFO] Processing PES2UG19CS458 (.c)...
2026-07-31 08:15:10,953 [INFO]   OK: PES2UG19CS458 [c]
2026-07-31 08:15:10,954 [INFO] Processing PES2UG19CS459 (.c)...
2026-07-31 08:15:13,497 [INFO]   OK: PES2UG19CS459 [c]
2026-07-31 08:15:13,497 [INFO] Processing PES2UG19CS460 (.c)...
2026-07-31 08:15:16,197 [INFO]   OK: PES2UG19CS460 [c]
2026-07-31 08:15:16,198 [INFO] Processing PES2UG19CS461 (.c)...
2026-07-31 08:15:19,142 [INFO]   OK: PES2UG19CS461 [c]
2026-07-31 08:15:19,142 [INFO] Processing PES2UG19CS462 (.c)...
2026-07-31 08:15:22,076 [INFO]   OK: PES2UG19CS462 [c]
2026-07-31 08:15:22,077 [INFO] Processing PES2UG19CS463 (.c)...
2026-07-31 08:15:24,977 [INFO]   OK: PES2UG19CS463 [c]
2026-07-31 08:15:24,977 [INFO] Processing PES2UG19CS464 (.c)...
2026-07-31 08:15:27,409 [INFO]   OK: PES2UG19CS464 [c]
2026-07-31 08:15:27,409 [INFO] Processing PES2UG19CS465 (.c)...
2026-07-31 08:15:29,817 [INFO]   OK: PES2UG19CS465 [c]
2026-07-31 08:15:29,817 [INFO] Processing PES2UG19CS901 (.c)...
2026-07-31 08:15:32,376 [INFO]   OK: PES2UG19CS901 [c]
2026-07-31 08:15:32,376 [INFO] Processing PES2UG19CS902 (.c)...
2026-07-31 08:15:35,126 [INFO]   OK: PES2UG19CS902 [c]
2026-07-31 08:15:35,126 [INFO] Processing PES2UG19CS902 (.c)...
2026-07-31 08:15:37,783 [INFO]   OK: PES2UG19CS902 [c]
2026-07-31 08:15:37,784 [INFO] Processing PES2UG19CS903 (.c)...
2026-07-31 08:15:40,053 [INFO]   OK: PES2UG19CS903 [c]
2026-07-31 08:15:40,054 [INFO] Processing PES2UG19CS904 (.c)...
2026-07-31 08:15:42,335 [INFO]   OK: PES2UG19CS904 [c]
2026-07-31 08:15:42,335 [INFO] Processing PES2UG19CS904 (.c)...
2026-07-31 08:15:44,989 [INFO]   OK: PES2UG19CS904 [c]
2026-07-31 08:15:44,989 [INFO] Processing PES2UG19CS905 (.c)...
2026-07-31 08:15:47,510 [INFO]   OK: PES2UG19CS905 [c]
2026-07-31 08:15:47,510 [INFO] Processing PES2UG19CS908 (.c)...
2026-07-31 08:15:50,425 [INFO]   OK: PES2UG19CS908 [c]
2026-07-31 08:15:50,425 [INFO] Processing PES2UG19CS908 (.c)...
2026-07-31 08:17:56,780 [INFO]   OK: PES2UG19CS908 [c]
2026-07-31 08:17:56,781 [INFO] Processing PES2UG19CS910 (.c)...
2026-07-31 08:15:55,850 [INFO]   OK: PES2UG19CS910 [c]
2026-07-31 08:15:55,850 [WARNING]   IGNORED (not a recognized source file): mproc - Amit Pujari.v
2026-07-31 08:15:55,850 [WARNING]   IGNORED (not a recognized source file): PES2UG19CS906_G_DSLabWeek8 - Nihaarika Badri.zip
2026-07-31 08:15:55,850 [INFO] Processing PES2UG19CS182 (.c)...
2026-07-31 08:15:58,726 [INFO]   OK: PES2UG19CS182 [c]
2026-07-31 08:15:58,728 [INFO] Done. 375 succeeded, 0 failed, 12 non-source files ignored.
